ISO-10303-21;
HEADER;
FILE_DESCRIPTION(('Open CASCADE Model'),'2;1');
FILE_NAME('Open CASCADE Shape Model','2026-06-16T00:19:46',('Author'),(
    'Open CASCADE'),'Open CASCADE STEP processor 7.8','Open CASCADE 7.8'
  ,'Unknown');
FILE_SCHEMA(('AUTOMOTIVE_DESIGN { 1 0 10303 214 1 1 1 1 }'));
ENDSEC;
DATA;
#1 = APPLICATION_PROTOCOL_DEFINITION('international standard',
  'automotive_design',2000,#2);
#2 = APPLICATION_CONTEXT(
  'core data for automotive mechanical design processes');
#3 = SHAPE_DEFINITION_REPRESENTATION(#4,#10);
#4 = PRODUCT_DEFINITION_SHAPE('','',#5);
#5 = PRODUCT_DEFINITION('design','',#6,#9);
#6 = PRODUCT_DEFINITION_FORMATION('','',#7);
#7 = PRODUCT('Open CASCADE STEP translator 7.8 2',
  'Open CASCADE STEP translator 7.8 2','',(#8));
#8 = PRODUCT_CONTEXT('',#2,'mechanical');
#9 = PRODUCT_DEFINITION_CONTEXT('part definition',#2,'design');
#10 = ADVANCED_BREP_SHAPE_REPRESENTATION('',(#11,#15),#4149);
#11 = AXIS2_PLACEMENT_3D('',#12,#13,#14);
#12 = CARTESIAN_POINT('',(0.,0.,0.));
#13 = DIRECTION('',(0.,0.,1.));
#14 = DIRECTION('',(1.,0.,-0.));
#15 = MANIFOLD_SOLID_BREP('',#16);
#16 = CLOSED_SHELL('',(#17,#559,#701,#749,#860,#905,#1148,#1197,#1352,
    #1431,#1500,#1547,#1594,#1619,#1688,#1735,#1782,#1807,#1876,#1923,
    #1970,#1995,#2109,#2207,#2234,#2261,#2268,#2714,#2766,#2813,#2865,
    #3261,#3288,#3399,#3496,#3544,#3589,#3596,#3625,#3703,#3731,#3740,
    #3787,#3814,#3841,#3848,#3895,#3922,#3949,#3956,#4003,#4030,#4057,
    #4064,#4115,#4142));
#17 = ADVANCED_FACE('',(#18,#241,#347,#453),#32,.T.);
#18 = FACE_BOUND('',#19,.T.);
#19 = EDGE_LOOP('',(#20,#53,#81,#109,#137,#163,#191,#217));
#20 = ORIENTED_EDGE('',*,*,#21,.F.);
#21 = EDGE_CURVE('',#22,#24,#26,.T.);
#22 = VERTEX_POINT('',#23);
#23 = CARTESIAN_POINT('',(218.3,200.,58.));
#24 = VERTEX_POINT('',#25);
#25 = CARTESIAN_POINT('',(218.3,200.,44.));
#26 = SURFACE_CURVE('',#27,(#31,#42),.PCURVE_S1.);
#27 = LINE('',#28,#29);
#28 = CARTESIAN_POINT('',(218.3,200.,44.));
#29 = VECTOR('',#30,1.);
#30 = DIRECTION('',(-0.,-0.,-1.));
#31 = PCURVE('',#32,#37);
#32 = PLANE('',#33);
#33 = AXIS2_PLACEMENT_3D('',#34,#35,#36);
#34 = CARTESIAN_POINT('',(0.,200.,0.));
#35 = DIRECTION('',(0.,1.,0.));
#36 = DIRECTION('',(0.,0.,1.));
#37 = DEFINITIONAL_REPRESENTATION('',(#38),#41);
#38 = B_SPLINE_CURVE_WITH_KNOTS('',1,(#39,#40),.UNSPECIFIED.,.F.,.F.,(2,
    2),(-16.0000006,5.999999999062E-07),.PIECEWISE_BEZIER_KNOTS.);
#39 = CARTESIAN_POINT('',(60.0000006,218.3));
#40 = CARTESIAN_POINT('',(43.9999994,218.3));
#41 = ( GEOMETRIC_REPRESENTATION_CONTEXT(2) 
PARAMETRIC_REPRESENTATION_CONTEXT() REPRESENTATION_CONTEXT('2D SPACE',''
  ) );
#42 = PCURVE('',#43,#48);
#43 = CYLINDRICAL_SURFACE('',#44,1.7);
#44 = AXIS2_PLACEMENT_3D('',#45,#46,#47);
#45 = CARTESIAN_POINT('',(217.5,198.5,44.));
#46 = DIRECTION('',(-0.,-0.,-1.));
#47 = DIRECTION('',(1.,0.,0.));
#48 = DEFINITIONAL_REPRESENTATION('',(#49),#52);
#49 = B_SPLINE_CURVE_WITH_KNOTS('',1,(#50,#51),.UNSPECIFIED.,.F.,.F.,(2,
    2),(-14.,-0.),.PIECEWISE_BEZIER_KNOTS.);
#50 = CARTESIAN_POINT('',(-7.364024307721,-14.));
#51 = CARTESIAN_POINT('',(-7.364024307721,0.));
#52 = ( GEOMETRIC_REPRESENTATION_CONTEXT(2) 
PARAMETRIC_REPRESENTATION_CONTEXT() REPRESENTATION_CONTEXT('2D SPACE',''
  ) );
#53 = ORIENTED_EDGE('',*,*,#54,.T.);
#54 = EDGE_CURVE('',#22,#55,#57,.T.);
#55 = VERTEX_POINT('',#56);
#56 = CARTESIAN_POINT('',(290.,200.,58.));
#57 = SURFACE_CURVE('',#58,(#62,#69),.PCURVE_S1.);
#58 = LINE('',#59,#60);
#59 = CARTESIAN_POINT('',(0.,200.,58.));
#60 = VECTOR('',#61,1.);
#61 = DIRECTION('',(1.,0.,0.));
#62 = PCURVE('',#32,#63);
#63 = DEFINITIONAL_REPRESENTATION('',(#64),#68);
#64 = LINE('',#65,#66);
#65 = CARTESIAN_POINT('',(58.,0.));
#66 = VECTOR('',#67,1.);
#67 = DIRECTION('',(0.,1.));
#68 = ( GEOMETRIC_REPRESENTATION_CONTEXT(2) 
PARAMETRIC_REPRESENTATION_CONTEXT() REPRESENTATION_CONTEXT('2D SPACE',''
  ) );
#69 = PCURVE('',#70,#75);
#70 = PLANE('',#71);
#71 = AXIS2_PLACEMENT_3D('',#72,#73,#74);
#72 = CARTESIAN_POINT('',(0.,0.,58.));
#73 = DIRECTION('',(0.,0.,1.));
#74 = DIRECTION('',(1.,0.,0.));
#75 = DEFINITIONAL_REPRESENTATION('',(#76),#80);
#76 = LINE('',#77,#78);
#77 = CARTESIAN_POINT('',(0.,200.));
#78 = VECTOR('',#79,1.);
#79 = DIRECTION('',(1.,0.));
#80 = ( GEOMETRIC_REPRESENTATION_CONTEXT(2) 
PARAMETRIC_REPRESENTATION_CONTEXT() REPRESENTATION_CONTEXT('2D SPACE',''
  ) );
#81 = ORIENTED_EDGE('',*,*,#82,.F.);
#82 = EDGE_CURVE('',#83,#55,#85,.T.);
#83 = VERTEX_POINT('',#84);
#84 = CARTESIAN_POINT('',(290.,200.,0.));
#85 = SURFACE_CURVE('',#86,(#90,#97),.PCURVE_S1.);
#86 = LINE('',#87,#88);
#87 = CARTESIAN_POINT('',(290.,200.,0.));
#88 = VECTOR('',#89,1.);
#89 = DIRECTION('',(0.,0.,1.));
#90 = PCURVE('',#32,#91);
#91 = DEFINITIONAL_REPRESENTATION('',(#92),#96);
#92 = LINE('',#93,#94);
#93 = CARTESIAN_POINT('',(0.,290.));
#94 = VECTOR('',#95,1.);
#95 = DIRECTION('',(1.,0.));
#96 = ( GEOMETRIC_REPRESENTATION_CONTEXT(2) 
PARAMETRIC_REPRESENTATION_CONTEXT() REPRESENTATION_CONTEXT('2D SPACE',''
  ) );
#97 = PCURVE('',#98,#103);
#98 = PLANE('',#99);
#99 = AXIS2_PLACEMENT_3D('',#100,#101,#102);
#100 = CARTESIAN_POINT('',(290.,0.,0.));
#101 = DIRECTION('',(1.,0.,0.));
#102 = DIRECTION('',(0.,0.,1.));
#103 = DEFINITIONAL_REPRESENTATION('',(#104),#108);
#104 = LINE('',#105,#106);
#105 = CARTESIAN_POINT('',(0.,-200.));
#106 = VECTOR('',#107,1.);
#107 = DIRECTION('',(1.,0.));
#108 = ( GEOMETRIC_REPRESENTATION_CONTEXT(2) 
PARAMETRIC_REPRESENTATION_CONTEXT() REPRESENTATION_CONTEXT('2D SPACE',''
  ) );
#109 = ORIENTED_EDGE('',*,*,#110,.F.);
#110 = EDGE_CURVE('',#111,#83,#113,.T.);
#111 = VERTEX_POINT('',#112);
#112 = CARTESIAN_POINT('',(145.,200.,0.));
#113 = SURFACE_CURVE('',#114,(#118,#125),.PCURVE_S1.);
#114 = LINE('',#115,#116);
#115 = CARTESIAN_POINT('',(0.,200.,0.));
#116 = VECTOR('',#117,1.);
#117 = DIRECTION('',(1.,0.,0.));
#118 = PCURVE('',#32,#119);
#119 = DEFINITIONAL_REPRESENTATION('',(#120),#124);
#120 = LINE('',#121,#122);
#121 = CARTESIAN_POINT('',(0.,0.));
#122 = VECTOR('',#123,1.);
#123 = DIRECTION('',(0.,1.));
#124 = ( GEOMETRIC_REPRESENTATION_CONTEXT(2) 
PARAMETRIC_REPRESENTATION_CONTEXT() REPRESENTATION_CONTEXT('2D SPACE',''
  ) );
#125 = PCURVE('',#126,#131);
#126 = PLANE('',#127);
#127 = AXIS2_PLACEMENT_3D('',#128,#129,#130);
#128 = CARTESIAN_POINT('',(0.,0.,0.));
#129 = DIRECTION('',(0.,0.,1.));
#130 = DIRECTION('',(1.,0.,0.));
#131 = DEFINITIONAL_REPRESENTATION('',(#132),#136);
#132 = LINE('',#133,#134);
#133 = CARTESIAN_POINT('',(0.,200.));
#134 = VECTOR('',#135,1.);
#135 = DIRECTION('',(1.,0.));
#136 = ( GEOMETRIC_REPRESENTATION_CONTEXT(2) 
PARAMETRIC_REPRESENTATION_CONTEXT() REPRESENTATION_CONTEXT('2D SPACE',''
  ) );
#137 = ORIENTED_EDGE('',*,*,#138,.F.);
#138 = EDGE_CURVE('',#139,#111,#141,.T.);
#139 = VERTEX_POINT('',#140);
#140 = CARTESIAN_POINT('',(145.,200.,58.));
#141 = SURFACE_CURVE('',#142,(#146,#152),.PCURVE_S1.);
#142 = LINE('',#143,#144);
#143 = CARTESIAN_POINT('',(145.,200.,-150.));
#144 = VECTOR('',#145,1.);
#145 = DIRECTION('',(0.,0.,-1.));
#146 = PCURVE('',#32,#147);
#147 = DEFINITIONAL_REPRESENTATION('',(#148),#151);
#148 = B_SPLINE_CURVE_WITH_KNOTS('',1,(#149,#150),.UNSPECIFIED.,.F.,.F.,
  (2,2),(-208.,-150.),.PIECEWISE_BEZIER_KNOTS.);
#149 = CARTESIAN_POINT('',(58.,145.));
#150 = CARTESIAN_POINT('',(0.,145.));
#151 = ( GEOMETRIC_REPRESENTATION_CONTEXT(2) 
PARAMETRIC_REPRESENTATION_CONTEXT() REPRESENTATION_CONTEXT('2D SPACE',''
  ) );
#152 = PCURVE('',#153,#158);
#153 = PLANE('',#154);
#154 = AXIS2_PLACEMENT_3D('',#155,#156,#157);
#155 = CARTESIAN_POINT('',(145.,-300.,-300.));
#156 = DIRECTION('',(1.,0.,0.));
#157 = DIRECTION('',(0.,0.,1.));
#158 = DEFINITIONAL_REPRESENTATION('',(#159),#162);
#159 = B_SPLINE_CURVE_WITH_KNOTS('',1,(#160,#161),.UNSPECIFIED.,.F.,.F.,
  (2,2),(-208.,-150.),.PIECEWISE_BEZIER_KNOTS.);
#160 = CARTESIAN_POINT('',(358.,-500.));
#161 = CARTESIAN_POINT('',(300.,-500.));
#162 = ( GEOMETRIC_REPRESENTATION_CONTEXT(2) 
PARAMETRIC_REPRESENTATION_CONTEXT() REPRESENTATION_CONTEXT('2D SPACE',''
  ) );
#163 = ORIENTED_EDGE('',*,*,#164,.T.);
#164 = EDGE_CURVE('',#139,#165,#167,.T.);
#165 = VERTEX_POINT('',#166);
#166 = CARTESIAN_POINT('',(216.7,200.,58.));
#167 = SURFACE_CURVE('',#168,(#172,#179),.PCURVE_S1.);
#168 = LINE('',#169,#170);
#169 = CARTESIAN_POINT('',(0.,200.,58.));
#170 = VECTOR('',#171,1.);
#171 = DIRECTION('',(1.,0.,0.));
#172 = PCURVE('',#32,#173);
#173 = DEFINITIONAL_REPRESENTATION('',(#174),#178);
#174 = LINE('',#175,#176);
#175 = CARTESIAN_POINT('',(58.,0.));
#176 = VECTOR('',#177,1.);
#177 = DIRECTION('',(0.,1.));
#178 = ( GEOMETRIC_REPRESENTATION_CONTEXT(2) 
PARAMETRIC_REPRESENTATION_CONTEXT() REPRESENTATION_CONTEXT('2D SPACE',''
  ) );
#179 = PCURVE('',#180,#185);
#180 = PLANE('',#181);
#181 = AXIS2_PLACEMENT_3D('',#182,#183,#184);
#182 = CARTESIAN_POINT('',(0.,0.,58.));
#183 = DIRECTION('',(0.,0.,1.));
#184 = DIRECTION('',(1.,0.,0.));
#185 = DEFINITIONAL_REPRESENTATION('',(#186),#190);
#186 = LINE('',#187,#188);
#187 = CARTESIAN_POINT('',(0.,200.));
#188 = VECTOR('',#189,1.);
#189 = DIRECTION('',(1.,0.));
#190 = ( GEOMETRIC_REPRESENTATION_CONTEXT(2) 
PARAMETRIC_REPRESENTATION_CONTEXT() REPRESENTATION_CONTEXT('2D SPACE',''
  ) );
#191 = ORIENTED_EDGE('',*,*,#192,.T.);
#192 = EDGE_CURVE('',#165,#193,#195,.T.);
#193 = VERTEX_POINT('',#194);
#194 = CARTESIAN_POINT('',(216.7,200.,44.));
#195 = SURFACE_CURVE('',#196,(#200,#206),.PCURVE_S1.);
#196 = LINE('',#197,#198);
#197 = CARTESIAN_POINT('',(216.7,200.,44.));
#198 = VECTOR('',#199,1.);
#199 = DIRECTION('',(-0.,-0.,-1.));
#200 = PCURVE('',#32,#201);
#201 = DEFINITIONAL_REPRESENTATION('',(#202),#205);
#202 = B_SPLINE_CURVE_WITH_KNOTS('',1,(#203,#204),.UNSPECIFIED.,.F.,.F.,
  (2,2),(-16.0000006,5.999999999062E-07),.PIECEWISE_BEZIER_KNOTS.);
#203 = CARTESIAN_POINT('',(60.0000006,216.7));
#204 = CARTESIAN_POINT('',(43.9999994,216.7));
#205 = ( GEOMETRIC_REPRESENTATION_CONTEXT(2) 
PARAMETRIC_REPRESENTATION_CONTEXT() REPRESENTATION_CONTEXT('2D SPACE',''
  ) );
#206 = PCURVE('',#207,#212);
#207 = CYLINDRICAL_SURFACE('',#208,1.7);
#208 = AXIS2_PLACEMENT_3D('',#209,#210,#211);
#209 = CARTESIAN_POINT('',(217.5,198.5,44.));
#210 = DIRECTION('',(-0.,-0.,-1.));
#211 = DIRECTION('',(1.,0.,0.));
#212 = DEFINITIONAL_REPRESENTATION('',(#213),#216);
#213 = B_SPLINE_CURVE_WITH_KNOTS('',1,(#214,#215),.UNSPECIFIED.,.F.,.F.,
  (2,2),(-16.0000006,5.999999999062E-07),.PIECEWISE_BEZIER_KNOTS.);
#214 = CARTESIAN_POINT('',(-2.060753653049,-16.0000006));
#215 = CARTESIAN_POINT('',(-2.060753653049,5.999999999062E-07));
#216 = ( GEOMETRIC_REPRESENTATION_CONTEXT(2) 
PARAMETRIC_REPRESENTATION_CONTEXT() REPRESENTATION_CONTEXT('2D SPACE',''
  ) );
#217 = ORIENTED_EDGE('',*,*,#218,.T.);
#218 = EDGE_CURVE('',#193,#24,#219,.T.);
#219 = SURFACE_CURVE('',#220,(#224,#230),.PCURVE_S1.);
#220 = LINE('',#221,#222);
#221 = CARTESIAN_POINT('',(108.75,200.,44.));
#222 = VECTOR('',#223,1.);
#223 = DIRECTION('',(1.,0.,0.));
#224 = PCURVE('',#32,#225);
#225 = DEFINITIONAL_REPRESENTATION('',(#226),#229);
#226 = B_SPLINE_CURVE_WITH_KNOTS('',1,(#227,#228),.UNSPECIFIED.,.F.,.F.,
  (2,2),(107.05,110.45),.PIECEWISE_BEZIER_KNOTS.);
#227 = CARTESIAN_POINT('',(44.,215.8));
#228 = CARTESIAN_POINT('',(44.,219.2));
#229 = ( GEOMETRIC_REPRESENTATION_CONTEXT(2) 
PARAMETRIC_REPRESENTATION_CONTEXT() REPRESENTATION_CONTEXT('2D SPACE',''
  ) );
#230 = PCURVE('',#231,#236);
#231 = PLANE('',#232);
#232 = AXIS2_PLACEMENT_3D('',#233,#234,#235);
#233 = CARTESIAN_POINT('',(217.5,198.5,44.));
#234 = DIRECTION('',(0.,0.,1.));
#235 = DIRECTION('',(1.,0.,-0.));
#236 = DEFINITIONAL_REPRESENTATION('',(#237),#240);
#237 = B_SPLINE_CURVE_WITH_KNOTS('',1,(#238,#239),.UNSPECIFIED.,.F.,.F.,
  (2,2),(107.05,110.45),.PIECEWISE_BEZIER_KNOTS.);
#238 = CARTESIAN_POINT('',(-1.7,1.5));
#239 = CARTESIAN_POINT('',(1.7,1.5));
#240 = ( GEOMETRIC_REPRESENTATION_CONTEXT(2) 
PARAMETRIC_REPRESENTATION_CONTEXT() REPRESENTATION_CONTEXT('2D SPACE',''
  ) );
#241 = FACE_BOUND('',#242,.T.);
#242 = EDGE_LOOP('',(#243,#271,#297,#323));
#243 = ORIENTED_EDGE('',*,*,#244,.F.);
#244 = EDGE_CURVE('',#245,#247,#249,.T.);
#245 = VERTEX_POINT('',#246);
#246 = CARTESIAN_POINT('',(163.71428571428,200.,45.5));
#247 = VERTEX_POINT('',#248);
#248 = CARTESIAN_POINT('',(167.71428571428,200.,45.5));
#249 = SURFACE_CURVE('',#250,(#254,#260),.PCURVE_S1.);
#250 = LINE('',#251,#252);
#251 = CARTESIAN_POINT('',(81.857142857143,200.,45.5));
#252 = VECTOR('',#253,1.);
#253 = DIRECTION('',(1.,0.,0.));
#254 = PCURVE('',#32,#255);
#255 = DEFINITIONAL_REPRESENTATION('',(#256),#259);
#256 = B_SPLINE_CURVE_WITH_KNOTS('',1,(#257,#258),.UNSPECIFIED.,.F.,.F.,
  (2,2),(81.857142857143,85.857142857143),.PIECEWISE_BEZIER_KNOTS.);
#257 = CARTESIAN_POINT('',(45.5,163.71428571428));
#258 = CARTESIAN_POINT('',(45.5,167.71428571428));
#259 = ( GEOMETRIC_REPRESENTATION_CONTEXT(2) 
PARAMETRIC_REPRESENTATION_CONTEXT() REPRESENTATION_CONTEXT('2D SPACE',''
  ) );
#260 = PCURVE('',#261,#266);
#261 = PLANE('',#262);
#262 = AXIS2_PLACEMENT_3D('',#263,#264,#265);
#263 = CARTESIAN_POINT('',(163.71428571428,195.5,45.5));
#264 = DIRECTION('',(0.,0.,1.));
#265 = DIRECTION('',(1.,0.,0.));
#266 = DEFINITIONAL_REPRESENTATION('',(#267),#270);
#267 = B_SPLINE_CURVE_WITH_KNOTS('',1,(#268,#269),.UNSPECIFIED.,.F.,.F.,
  (2,2),(81.857142857143,85.857142857143),.PIECEWISE_BEZIER_KNOTS.);
#268 = CARTESIAN_POINT('',(0.,4.5));
#269 = CARTESIAN_POINT('',(4.,4.5));
#270 = ( GEOMETRIC_REPRESENTATION_CONTEXT(2) 
PARAMETRIC_REPRESENTATION_CONTEXT() REPRESENTATION_CONTEXT('2D SPACE',''
  ) );
#271 = ORIENTED_EDGE('',*,*,#272,.T.);
#272 = EDGE_CURVE('',#245,#273,#275,.T.);
#273 = VERTEX_POINT('',#274);
#274 = CARTESIAN_POINT('',(163.71428571428,200.,15.5));
#275 = SURFACE_CURVE('',#276,(#280,#286),.PCURVE_S1.);
#276 = LINE('',#277,#278);
#277 = CARTESIAN_POINT('',(163.71428571428,200.,7.75));
#278 = VECTOR('',#279,1.);
#279 = DIRECTION('',(0.,0.,-1.));
#280 = PCURVE('',#32,#281);
#281 = DEFINITIONAL_REPRESENTATION('',(#282),#285);
#282 = B_SPLINE_CURVE_WITH_KNOTS('',1,(#283,#284),.UNSPECIFIED.,.F.,.F.,
  (2,2),(-37.75,-7.75),.PIECEWISE_BEZIER_KNOTS.);
#283 = CARTESIAN_POINT('',(45.5,163.71428571428));
#284 = CARTESIAN_POINT('',(15.5,163.71428571428));
#285 = ( GEOMETRIC_REPRESENTATION_CONTEXT(2) 
PARAMETRIC_REPRESENTATION_CONTEXT() REPRESENTATION_CONTEXT('2D SPACE',''
  ) );
#286 = PCURVE('',#287,#292);
#287 = PLANE('',#288);
#288 = AXIS2_PLACEMENT_3D('',#289,#290,#291);
#289 = CARTESIAN_POINT('',(163.71428571428,195.5,15.5));
#290 = DIRECTION('',(1.,0.,0.));
#291 = DIRECTION('',(0.,0.,1.));
#292 = DEFINITIONAL_REPRESENTATION('',(#293),#296);
#293 = B_SPLINE_CURVE_WITH_KNOTS('',1,(#294,#295),.UNSPECIFIED.,.F.,.F.,
  (2,2),(-37.75,-7.75),.PIECEWISE_BEZIER_KNOTS.);
#294 = CARTESIAN_POINT('',(30.,-4.5));
#295 = CARTESIAN_POINT('',(0.,-4.5));
#296 = ( GEOMETRIC_REPRESENTATION_CONTEXT(2) 
PARAMETRIC_REPRESENTATION_CONTEXT() REPRESENTATION_CONTEXT('2D SPACE',''
  ) );
#297 = ORIENTED_EDGE('',*,*,#298,.T.);
#298 = EDGE_CURVE('',#273,#299,#301,.T.);
#299 = VERTEX_POINT('',#300);
#300 = CARTESIAN_POINT('',(167.71428571428,200.,15.5));
#301 = SURFACE_CURVE('',#302,(#306,#312),.PCURVE_S1.);
#302 = LINE('',#303,#304);
#303 = CARTESIAN_POINT('',(81.857142857143,200.,15.5));
#304 = VECTOR('',#305,1.);
#305 = DIRECTION('',(1.,0.,0.));
#306 = PCURVE('',#32,#307);
#307 = DEFINITIONAL_REPRESENTATION('',(#308),#311);
#308 = B_SPLINE_CURVE_WITH_KNOTS('',1,(#309,#310),.UNSPECIFIED.,.F.,.F.,
  (2,2),(81.857142857143,85.857142857143),.PIECEWISE_BEZIER_KNOTS.);
#309 = CARTESIAN_POINT('',(15.5,163.71428571428));
#310 = CARTESIAN_POINT('',(15.5,167.71428571428));
#311 = ( GEOMETRIC_REPRESENTATION_CONTEXT(2) 
PARAMETRIC_REPRESENTATION_CONTEXT() REPRESENTATION_CONTEXT('2D SPACE',''
  ) );
#312 = PCURVE('',#313,#318);
#313 = PLANE('',#314);
#314 = AXIS2_PLACEMENT_3D('',#315,#316,#317);
#315 = CARTESIAN_POINT('',(163.71428571428,195.5,15.5));
#316 = DIRECTION('',(0.,0.,1.));
#317 = DIRECTION('',(1.,0.,0.));
#318 = DEFINITIONAL_REPRESENTATION('',(#319),#322);
#319 = B_SPLINE_CURVE_WITH_KNOTS('',1,(#320,#321),.UNSPECIFIED.,.F.,.F.,
  (2,2),(81.857142857143,85.857142857143),.PIECEWISE_BEZIER_KNOTS.);
#320 = CARTESIAN_POINT('',(0.,4.5));
#321 = CARTESIAN_POINT('',(4.,4.5));
#322 = ( GEOMETRIC_REPRESENTATION_CONTEXT(2) 
PARAMETRIC_REPRESENTATION_CONTEXT() REPRESENTATION_CONTEXT('2D SPACE',''
  ) );
#323 = ORIENTED_EDGE('',*,*,#324,.F.);
#324 = EDGE_CURVE('',#247,#299,#325,.T.);
#325 = SURFACE_CURVE('',#326,(#330,#336),.PCURVE_S1.);
#326 = LINE('',#327,#328);
#327 = CARTESIAN_POINT('',(167.71428571428,200.,7.75));
#328 = VECTOR('',#329,1.);
#329 = DIRECTION('',(0.,0.,-1.));
#330 = PCURVE('',#32,#331);
#331 = DEFINITIONAL_REPRESENTATION('',(#332),#335);
#332 = B_SPLINE_CURVE_WITH_KNOTS('',1,(#333,#334),.UNSPECIFIED.,.F.,.F.,
  (2,2),(-37.75,-7.75),.PIECEWISE_BEZIER_KNOTS.);
#333 = CARTESIAN_POINT('',(45.5,167.71428571428));
#334 = CARTESIAN_POINT('',(15.5,167.71428571428));
#335 = ( GEOMETRIC_REPRESENTATION_CONTEXT(2) 
PARAMETRIC_REPRESENTATION_CONTEXT() REPRESENTATION_CONTEXT('2D SPACE',''
  ) );
#336 = PCURVE('',#337,#342);
#337 = PLANE('',#338);
#338 = AXIS2_PLACEMENT_3D('',#339,#340,#341);
#339 = CARTESIAN_POINT('',(167.71428571428,195.5,15.5));
#340 = DIRECTION('',(1.,0.,0.));
#341 = DIRECTION('',(0.,0.,1.));
#342 = DEFINITIONAL_REPRESENTATION('',(#343),#346);
#343 = B_SPLINE_CURVE_WITH_KNOTS('',1,(#344,#345),.UNSPECIFIED.,.F.,.F.,
  (2,2),(-37.75,-7.75),.PIECEWISE_BEZIER_KNOTS.);
#344 = CARTESIAN_POINT('',(30.,-4.5));
#345 = CARTESIAN_POINT('',(0.,-4.5));
#346 = ( GEOMETRIC_REPRESENTATION_CONTEXT(2) 
PARAMETRIC_REPRESENTATION_CONTEXT() REPRESENTATION_CONTEXT('2D SPACE',''
  ) );
#347 = FACE_BOUND('',#348,.T.);
#348 = EDGE_LOOP('',(#349,#377,#403,#429));
#349 = ORIENTED_EDGE('',*,*,#350,.F.);
#350 = EDGE_CURVE('',#351,#353,#355,.T.);
#351 = VERTEX_POINT('',#352);
#352 = CARTESIAN_POINT('',(205.14285714285,200.,45.5));
#353 = VERTEX_POINT('',#354);
#354 = CARTESIAN_POINT('',(209.14285714285,200.,45.5));
#355 = SURFACE_CURVE('',#356,(#360,#366),.PCURVE_S1.);
#356 = LINE('',#357,#358);
#357 = CARTESIAN_POINT('',(102.57142857142,200.,45.5));
#358 = VECTOR('',#359,1.);
#359 = DIRECTION('',(1.,0.,0.));
#360 = PCURVE('',#32,#361);
#361 = DEFINITIONAL_REPRESENTATION('',(#362),#365);
#362 = B_SPLINE_CURVE_WITH_KNOTS('',1,(#363,#364),.UNSPECIFIED.,.F.,.F.,
  (2,2),(102.57142857142,106.57142857142),.PIECEWISE_BEZIER_KNOTS.);
#363 = CARTESIAN_POINT('',(45.5,205.14285714285));
#364 = CARTESIAN_POINT('',(45.5,209.14285714285));
#365 = ( GEOMETRIC_REPRESENTATION_CONTEXT(2) 
PARAMETRIC_REPRESENTATION_CONTEXT() REPRESENTATION_CONTEXT('2D SPACE',''
  ) );
#366 = PCURVE('',#367,#372);
#367 = PLANE('',#368);
#368 = AXIS2_PLACEMENT_3D('',#369,#370,#371);
#369 = CARTESIAN_POINT('',(205.14285714285,195.5,45.5));
#370 = DIRECTION('',(0.,0.,1.));
#371 = DIRECTION('',(1.,0.,0.));
#372 = DEFINITIONAL_REPRESENTATION('',(#373),#376);
#373 = B_SPLINE_CURVE_WITH_KNOTS('',1,(#374,#375),.UNSPECIFIED.,.F.,.F.,
  (2,2),(102.57142857142,106.57142857142),.PIECEWISE_BEZIER_KNOTS.);
#374 = CARTESIAN_POINT('',(0.,4.5));
#375 = CARTESIAN_POINT('',(4.,4.5));
#376 = ( GEOMETRIC_REPRESENTATION_CONTEXT(2) 
PARAMETRIC_REPRESENTATION_CONTEXT() REPRESENTATION_CONTEXT('2D SPACE',''
  ) );
#377 = ORIENTED_EDGE('',*,*,#378,.T.);
#378 = EDGE_CURVE('',#351,#379,#381,.T.);
#379 = VERTEX_POINT('',#380);
#380 = CARTESIAN_POINT('',(205.14285714285,200.,15.5));
#381 = SURFACE_CURVE('',#382,(#386,#392),.PCURVE_S1.);
#382 = LINE('',#383,#384);
#383 = CARTESIAN_POINT('',(205.14285714285,200.,7.75));
#384 = VECTOR('',#385,1.);
#385 = DIRECTION('',(0.,0.,-1.));
#386 = PCURVE('',#32,#387);
#387 = DEFINITIONAL_REPRESENTATION('',(#388),#391);
#388 = B_SPLINE_CURVE_WITH_KNOTS('',1,(#389,#390),.UNSPECIFIED.,.F.,.F.,
  (2,2),(-37.75,-7.75),.PIECEWISE_BEZIER_KNOTS.);
#389 = CARTESIAN_POINT('',(45.5,205.14285714285));
#390 = CARTESIAN_POINT('',(15.5,205.14285714285));
#391 = ( GEOMETRIC_REPRESENTATION_CONTEXT(2) 
PARAMETRIC_REPRESENTATION_CONTEXT() REPRESENTATION_CONTEXT('2D SPACE',''
  ) );
#392 = PCURVE('',#393,#398);
#393 = PLANE('',#394);
#394 = AXIS2_PLACEMENT_3D('',#395,#396,#397);
#395 = CARTESIAN_POINT('',(205.14285714285,195.5,15.5));
#396 = DIRECTION('',(1.,0.,0.));
#397 = DIRECTION('',(0.,0.,1.));
#398 = DEFINITIONAL_REPRESENTATION('',(#399),#402);
#399 = B_SPLINE_CURVE_WITH_KNOTS('',1,(#400,#401),.UNSPECIFIED.,.F.,.F.,
  (2,2),(-37.75,-7.75),.PIECEWISE_BEZIER_KNOTS.);
#400 = CARTESIAN_POINT('',(30.,-4.5));
#401 = CARTESIAN_POINT('',(0.,-4.5));
#402 = ( GEOMETRIC_REPRESENTATION_CONTEXT(2) 
PARAMETRIC_REPRESENTATION_CONTEXT() REPRESENTATION_CONTEXT('2D SPACE',''
  ) );
#403 = ORIENTED_EDGE('',*,*,#404,.T.);
#404 = EDGE_CURVE('',#379,#405,#407,.T.);
#405 = VERTEX_POINT('',#406);
#406 = CARTESIAN_POINT('',(209.14285714285,200.,15.5));
#407 = SURFACE_CURVE('',#408,(#412,#418),.PCURVE_S1.);
#408 = LINE('',#409,#410);
#409 = CARTESIAN_POINT('',(102.57142857142,200.,15.5));
#410 = VECTOR('',#411,1.);
#411 = DIRECTION('',(1.,0.,0.));
#412 = PCURVE('',#32,#413);
#413 = DEFINITIONAL_REPRESENTATION('',(#414),#417);
#414 = B_SPLINE_CURVE_WITH_KNOTS('',1,(#415,#416),.UNSPECIFIED.,.F.,.F.,
  (2,2),(102.57142857142,106.57142857142),.PIECEWISE_BEZIER_KNOTS.);
#415 = CARTESIAN_POINT('',(15.5,205.14285714285));
#416 = CARTESIAN_POINT('',(15.5,209.14285714285));
#417 = ( GEOMETRIC_REPRESENTATION_CONTEXT(2) 
PARAMETRIC_REPRESENTATION_CONTEXT() REPRESENTATION_CONTEXT('2D SPACE',''
  ) );
#418 = PCURVE('',#419,#424);
#419 = PLANE('',#420);
#420 = AXIS2_PLACEMENT_3D('',#421,#422,#423);
#421 = CARTESIAN_POINT('',(205.14285714285,195.5,15.5));
#422 = DIRECTION('',(0.,0.,1.));
#423 = DIRECTION('',(1.,0.,0.));
#424 = DEFINITIONAL_REPRESENTATION('',(#425),#428);
#425 = B_SPLINE_CURVE_WITH_KNOTS('',1,(#426,#427),.UNSPECIFIED.,.F.,.F.,
  (2,2),(102.57142857142,106.57142857142),.PIECEWISE_BEZIER_KNOTS.);
#426 = CARTESIAN_POINT('',(0.,4.5));
#427 = CARTESIAN_POINT('',(4.,4.5));
#428 = ( GEOMETRIC_REPRESENTATION_CONTEXT(2) 
PARAMETRIC_REPRESENTATION_CONTEXT() REPRESENTATION_CONTEXT('2D SPACE',''
  ) );
#429 = ORIENTED_EDGE('',*,*,#430,.F.);
#430 = EDGE_CURVE('',#353,#405,#431,.T.);
#431 = SURFACE_CURVE('',#432,(#436,#442),.PCURVE_S1.);
#432 = LINE('',#433,#434);
#433 = CARTESIAN_POINT('',(209.14285714285,200.,7.75));
#434 = VECTOR('',#435,1.);
#435 = DIRECTION('',(0.,0.,-1.));
#436 = PCURVE('',#32,#437);
#437 = DEFINITIONAL_REPRESENTATION('',(#438),#441);
#438 = B_SPLINE_CURVE_WITH_KNOTS('',1,(#439,#440),.UNSPECIFIED.,.F.,.F.,
  (2,2),(-37.75,-7.75),.PIECEWISE_BEZIER_KNOTS.);
#439 = CARTESIAN_POINT('',(45.5,209.14285714285));
#440 = CARTESIAN_POINT('',(15.5,209.14285714285));
#441 = ( GEOMETRIC_REPRESENTATION_CONTEXT(2) 
PARAMETRIC_REPRESENTATION_CONTEXT() REPRESENTATION_CONTEXT('2D SPACE',''
  ) );
#442 = PCURVE('',#443,#448);
#443 = PLANE('',#444);
#444 = AXIS2_PLACEMENT_3D('',#445,#446,#447);
#445 = CARTESIAN_POINT('',(209.14285714285,195.5,15.5));
#446 = DIRECTION('',(1.,0.,0.));
#447 = DIRECTION('',(0.,0.,1.));
#448 = DEFINITIONAL_REPRESENTATION('',(#449),#452);
#449 = B_SPLINE_CURVE_WITH_KNOTS('',1,(#450,#451),.UNSPECIFIED.,.F.,.F.,
  (2,2),(-37.75,-7.75),.PIECEWISE_BEZIER_KNOTS.);
#450 = CARTESIAN_POINT('',(30.,-4.5));
#451 = CARTESIAN_POINT('',(0.,-4.5));
#452 = ( GEOMETRIC_REPRESENTATION_CONTEXT(2) 
PARAMETRIC_REPRESENTATION_CONTEXT() REPRESENTATION_CONTEXT('2D SPACE',''
  ) );
#453 = FACE_BOUND('',#454,.T.);
#454 = EDGE_LOOP('',(#455,#483,#509,#535));
#455 = ORIENTED_EDGE('',*,*,#456,.F.);
#456 = EDGE_CURVE('',#457,#459,#461,.T.);
#457 = VERTEX_POINT('',#458);
#458 = CARTESIAN_POINT('',(246.57142857142,200.,45.5));
#459 = VERTEX_POINT('',#460);
#460 = CARTESIAN_POINT('',(250.57142857142,200.,45.5));
#461 = SURFACE_CURVE('',#462,(#466,#472),.PCURVE_S1.);
#462 = LINE('',#463,#464);
#463 = CARTESIAN_POINT('',(123.28571428571,200.,45.5));
#464 = VECTOR('',#465,1.);
#465 = DIRECTION('',(1.,0.,0.));
#466 = PCURVE('',#32,#467);
#467 = DEFINITIONAL_REPRESENTATION('',(#468),#471);
#468 = B_SPLINE_CURVE_WITH_KNOTS('',1,(#469,#470),.UNSPECIFIED.,.F.,.F.,
  (2,2),(123.28571428571,127.28571428571),.PIECEWISE_BEZIER_KNOTS.);
#469 = CARTESIAN_POINT('',(45.5,246.57142857142));
#470 = CARTESIAN_POINT('',(45.5,250.57142857142));
#471 = ( GEOMETRIC_REPRESENTATION_CONTEXT(2) 
PARAMETRIC_REPRESENTATION_CONTEXT() REPRESENTATION_CONTEXT('2D SPACE',''
  ) );
#472 = PCURVE('',#473,#478);
#473 = PLANE('',#474);
#474 = AXIS2_PLACEMENT_3D('',#475,#476,#477);
#475 = CARTESIAN_POINT('',(246.57142857142,195.5,45.5));
#476 = DIRECTION('',(0.,0.,1.));
#477 = DIRECTION('',(1.,0.,0.));
#478 = DEFINITIONAL_REPRESENTATION('',(#479),#482);
#479 = B_SPLINE_CURVE_WITH_KNOTS('',1,(#480,#481),.UNSPECIFIED.,.F.,.F.,
  (2,2),(123.28571428571,127.28571428571),.PIECEWISE_BEZIER_KNOTS.);
#480 = CARTESIAN_POINT('',(0.,4.5));
#481 = CARTESIAN_POINT('',(4.,4.5));
#482 = ( GEOMETRIC_REPRESENTATION_CONTEXT(2) 
PARAMETRIC_REPRESENTATION_CONTEXT() REPRESENTATION_CONTEXT('2D SPACE',''
  ) );
#483 = ORIENTED_EDGE('',*,*,#484,.T.);
#484 = EDGE_CURVE('',#457,#485,#487,.T.);
#485 = VERTEX_POINT('',#486);
#486 = CARTESIAN_POINT('',(246.57142857142,200.,15.5));
#487 = SURFACE_CURVE('',#488,(#492,#498),.PCURVE_S1.);
#488 = LINE('',#489,#490);
#489 = CARTESIAN_POINT('',(246.57142857142,200.,7.75));
#490 = VECTOR('',#491,1.);
#491 = DIRECTION('',(0.,0.,-1.));
#492 = PCURVE('',#32,#493);
#493 = DEFINITIONAL_REPRESENTATION('',(#494),#497);
#494 = B_SPLINE_CURVE_WITH_KNOTS('',1,(#495,#496),.UNSPECIFIED.,.F.,.F.,
  (2,2),(-37.75,-7.75),.PIECEWISE_BEZIER_KNOTS.);
#495 = CARTESIAN_POINT('',(45.5,246.57142857142));
#496 = CARTESIAN_POINT('',(15.5,246.57142857142));
#497 = ( GEOMETRIC_REPRESENTATION_CONTEXT(2) 
PARAMETRIC_REPRESENTATION_CONTEXT() REPRESENTATION_CONTEXT('2D SPACE',''
  ) );
#498 = PCURVE('',#499,#504);
#499 = PLANE('',#500);
#500 = AXIS2_PLACEMENT_3D('',#501,#502,#503);
#501 = CARTESIAN_POINT('',(246.57142857142,195.5,15.5));
#502 = DIRECTION('',(1.,0.,0.));
#503 = DIRECTION('',(0.,0.,1.));
#504 = DEFINITIONAL_REPRESENTATION('',(#505),#508);
#505 = B_SPLINE_CURVE_WITH_KNOTS('',1,(#506,#507),.UNSPECIFIED.,.F.,.F.,
  (2,2),(-37.75,-7.75),.PIECEWISE_BEZIER_KNOTS.);
#506 = CARTESIAN_POINT('',(30.,-4.5));
#507 = CARTESIAN_POINT('',(0.,-4.5));
#508 = ( GEOMETRIC_REPRESENTATION_CONTEXT(2) 
PARAMETRIC_REPRESENTATION_CONTEXT() REPRESENTATION_CONTEXT('2D SPACE',''
  ) );
#509 = ORIENTED_EDGE('',*,*,#510,.T.);
#510 = EDGE_CURVE('',#485,#511,#513,.T.);
#511 = VERTEX_POINT('',#512);
#512 = CARTESIAN_POINT('',(250.57142857142,200.,15.5));
#513 = SURFACE_CURVE('',#514,(#518,#524),.PCURVE_S1.);
#514 = LINE('',#515,#516);
#515 = CARTESIAN_POINT('',(123.28571428571,200.,15.5));
#516 = VECTOR('',#517,1.);
#517 = DIRECTION('',(1.,0.,0.));
#518 = PCURVE('',#32,#519);
#519 = DEFINITIONAL_REPRESENTATION('',(#520),#523);
#520 = B_SPLINE_CURVE_WITH_KNOTS('',1,(#521,#522),.UNSPECIFIED.,.F.,.F.,
  (2,2),(123.28571428571,127.28571428571),.PIECEWISE_BEZIER_KNOTS.);
#521 = CARTESIAN_POINT('',(15.5,246.57142857142));
#522 = CARTESIAN_POINT('',(15.5,250.57142857142));
#523 = ( GEOMETRIC_REPRESENTATION_CONTEXT(2) 
PARAMETRIC_REPRESENTATION_CONTEXT() REPRESENTATION_CONTEXT('2D SPACE',''
  ) );
#524 = PCURVE('',#525,#530);
#525 = PLANE('',#526);
#526 = AXIS2_PLACEMENT_3D('',#527,#528,#529);
#527 = CARTESIAN_POINT('',(246.57142857142,195.5,15.5));
#528 = DIRECTION('',(0.,0.,1.));
#529 = DIRECTION('',(1.,0.,0.));
#530 = DEFINITIONAL_REPRESENTATION('',(#531),#534);
#531 = B_SPLINE_CURVE_WITH_KNOTS('',1,(#532,#533),.UNSPECIFIED.,.F.,.F.,
  (2,2),(123.28571428571,127.28571428571),.PIECEWISE_BEZIER_KNOTS.);
#532 = CARTESIAN_POINT('',(0.,4.5));
#533 = CARTESIAN_POINT('',(4.,4.5));
#534 = ( GEOMETRIC_REPRESENTATION_CONTEXT(2) 
PARAMETRIC_REPRESENTATION_CONTEXT() REPRESENTATION_CONTEXT('2D SPACE',''
  ) );
#535 = ORIENTED_EDGE('',*,*,#536,.F.);
#536 = EDGE_CURVE('',#459,#511,#537,.T.);
#537 = SURFACE_CURVE('',#538,(#542,#548),.PCURVE_S1.);
#538 = LINE('',#539,#540);
#539 = CARTESIAN_POINT('',(250.57142857142,200.,7.75));
#540 = VECTOR('',#541,1.);
#541 = DIRECTION('',(0.,0.,-1.));
#542 = PCURVE('',#32,#543);
#543 = DEFINITIONAL_REPRESENTATION('',(#544),#547);
#544 = B_SPLINE_CURVE_WITH_KNOTS('',1,(#545,#546),.UNSPECIFIED.,.F.,.F.,
  (2,2),(-37.75,-7.75),.PIECEWISE_BEZIER_KNOTS.);
#545 = CARTESIAN_POINT('',(45.5,250.57142857142));
#546 = CARTESIAN_POINT('',(15.5,250.57142857142));
#547 = ( GEOMETRIC_REPRESENTATION_CONTEXT(2) 
PARAMETRIC_REPRESENTATION_CONTEXT() REPRESENTATION_CONTEXT('2D SPACE',''
  ) );
#548 = PCURVE('',#549,#554);
#549 = PLANE('',#550);
#550 = AXIS2_PLACEMENT_3D('',#551,#552,#553);
#551 = CARTESIAN_POINT('',(250.57142857142,195.5,15.5));
#552 = DIRECTION('',(1.,0.,0.));
#553 = DIRECTION('',(0.,0.,1.));
#554 = DEFINITIONAL_REPRESENTATION('',(#555),#558);
#555 = B_SPLINE_CURVE_WITH_KNOTS('',1,(#556,#557),.UNSPECIFIED.,.F.,.F.,
  (2,2),(-37.75,-7.75),.PIECEWISE_BEZIER_KNOTS.);
#556 = CARTESIAN_POINT('',(30.,-4.5));
#557 = CARTESIAN_POINT('',(0.,-4.5));
#558 = ( GEOMETRIC_REPRESENTATION_CONTEXT(2) 
PARAMETRIC_REPRESENTATION_CONTEXT() REPRESENTATION_CONTEXT('2D SPACE',''
  ) );
#559 = ADVANCED_FACE('',(#560),#43,.F.);
#560 = FACE_BOUND('',#561,.T.);
#561 = EDGE_LOOP('',(#562,#590,#616,#648,#674,#700));
#562 = ORIENTED_EDGE('',*,*,#563,.T.);
#563 = EDGE_CURVE('',#24,#564,#566,.T.);
#564 = VERTEX_POINT('',#565);
#565 = CARTESIAN_POINT('',(218.3,197.,44.));
#566 = SURFACE_CURVE('',#567,(#572,#579),.PCURVE_S1.);
#567 = CIRCLE('',#568,1.7);
#568 = AXIS2_PLACEMENT_3D('',#569,#570,#571);
#569 = CARTESIAN_POINT('',(217.5,198.5,44.));
#570 = DIRECTION('',(0.,0.,-1.));
#571 = DIRECTION('',(0.470588235294,0.882352941176,0.));
#572 = PCURVE('',#43,#573);
#573 = DEFINITIONAL_REPRESENTATION('',(#574),#578);
#574 = LINE('',#575,#576);
#575 = CARTESIAN_POINT('',(-7.364024307721,0.));
#576 = VECTOR('',#577,1.);
#577 = DIRECTION('',(1.,-0.));
#578 = ( GEOMETRIC_REPRESENTATION_CONTEXT(2) 
PARAMETRIC_REPRESENTATION_CONTEXT() REPRESENTATION_CONTEXT('2D SPACE',''
  ) );
#579 = PCURVE('',#231,#580);
#580 = DEFINITIONAL_REPRESENTATION('',(#581),#589);
#581 = ( BOUNDED_CURVE() B_SPLINE_CURVE(2,(#582,#583,#584,#585,#586,#587
,#588),.UNSPECIFIED.,.T.,.F.) B_SPLINE_CURVE_WITH_KNOTS((1,2,2,2,2,1),(
    -2.094395102393,0.,2.094395102393,4.188790204786,6.28318530718,
8.377580409573),.UNSPECIFIED.) CURVE() GEOMETRIC_REPRESENTATION_ITEM() 
RATIONAL_B_SPLINE_CURVE((1.,0.5,1.,0.5,1.,0.5,1.)) REPRESENTATION_ITEM(
  '') );
#582 = CARTESIAN_POINT('',(0.8,1.5));
#583 = CARTESIAN_POINT('',(3.398076211353,0.114359353945));
#584 = CARTESIAN_POINT('',(0.899038105677,-1.442820323028));
#585 = CARTESIAN_POINT('',(-1.6,-3.));
#586 = CARTESIAN_POINT('',(-1.699038105677,-5.717967697244E-02));
#587 = CARTESIAN_POINT('',(-1.798076211353,2.885640646055));
#588 = CARTESIAN_POINT('',(0.8,1.5));
#589 = ( GEOMETRIC_REPRESENTATION_CONTEXT(2) 
PARAMETRIC_REPRESENTATION_CONTEXT() REPRESENTATION_CONTEXT('2D SPACE',''
  ) );
#590 = ORIENTED_EDGE('',*,*,#591,.F.);
#591 = EDGE_CURVE('',#592,#564,#594,.T.);
#592 = VERTEX_POINT('',#593);
#593 = CARTESIAN_POINT('',(218.3,197.,54.));
#594 = SURFACE_CURVE('',#595,(#599,#605),.PCURVE_S1.);
#595 = LINE('',#596,#597);
#596 = CARTESIAN_POINT('',(218.3,197.,44.));
#597 = VECTOR('',#598,1.);
#598 = DIRECTION('',(-0.,-0.,-1.));
#599 = PCURVE('',#43,#600);
#600 = DEFINITIONAL_REPRESENTATION('',(#601),#604);
#601 = B_SPLINE_CURVE_WITH_KNOTS('',1,(#602,#603),.UNSPECIFIED.,.F.,.F.,
  (2,2),(-10.,-0.),.PIECEWISE_BEZIER_KNOTS.);
#602 = CARTESIAN_POINT('',(-5.202346306638,-10.));
#603 = CARTESIAN_POINT('',(-5.202346306638,0.));
#604 = ( GEOMETRIC_REPRESENTATION_CONTEXT(2) 
PARAMETRIC_REPRESENTATION_CONTEXT() REPRESENTATION_CONTEXT('2D SPACE',''
  ) );
#605 = PCURVE('',#606,#611);
#606 = PLANE('',#607);
#607 = AXIS2_PLACEMENT_3D('',#608,#609,#610);
#608 = CARTESIAN_POINT('',(3.,197.,3.));
#609 = DIRECTION('',(0.,1.,0.));
#610 = DIRECTION('',(0.,0.,1.));
#611 = DEFINITIONAL_REPRESENTATION('',(#612),#615);
#612 = B_SPLINE_CURVE_WITH_KNOTS('',1,(#613,#614),.UNSPECIFIED.,.F.,.F.,
  (2,2),(-15.1,5.999999999062E-07),.PIECEWISE_BEZIER_KNOTS.);
#613 = CARTESIAN_POINT('',(56.1,215.3));
#614 = CARTESIAN_POINT('',(40.9999994,215.3));
#615 = ( GEOMETRIC_REPRESENTATION_CONTEXT(2) 
PARAMETRIC_REPRESENTATION_CONTEXT() REPRESENTATION_CONTEXT('2D SPACE',''
  ) );
#616 = ORIENTED_EDGE('',*,*,#617,.F.);
#617 = EDGE_CURVE('',#618,#592,#620,.T.);
#618 = VERTEX_POINT('',#619);
#619 = CARTESIAN_POINT('',(219.12480768093,198.,54.));
#620 = SURFACE_CURVE('',#621,(#626,#632),.PCURVE_S1.);
#621 = CIRCLE('',#622,1.7);
#622 = AXIS2_PLACEMENT_3D('',#623,#624,#625);
#623 = CARTESIAN_POINT('',(217.5,198.5,54.));
#624 = DIRECTION('',(0.,0.,-1.));
#625 = DIRECTION('',(1.,0.,0.));
#626 = PCURVE('',#43,#627);
#627 = DEFINITIONAL_REPRESENTATION('',(#628),#631);
#628 = B_SPLINE_CURVE_WITH_KNOTS('',1,(#629,#630),.UNSPECIFIED.,.F.,.F.,
  (2,2),(0.298532201184,1.080839000541),.PIECEWISE_BEZIER_KNOTS.);
#629 = CARTESIAN_POINT('',(-5.984653105995,-10.));
#630 = CARTESIAN_POINT('',(-5.202346306638,-10.));
#631 = ( GEOMETRIC_REPRESENTATION_CONTEXT(2) 
PARAMETRIC_REPRESENTATION_CONTEXT() REPRESENTATION_CONTEXT('2D SPACE',''
  ) );
#632 = PCURVE('',#633,#638);
#633 = PLANE('',#634);
#634 = AXIS2_PLACEMENT_3D('',#635,#636,#637);
#635 = CARTESIAN_POINT('',(145.,100.,54.));
#636 = DIRECTION('',(0.,0.,1.));
#637 = DIRECTION('',(1.,0.,-0.));
#638 = DEFINITIONAL_REPRESENTATION('',(#639),#647);
#639 = ( BOUNDED_CURVE() B_SPLINE_CURVE(2,(#640,#641,#642,#643,#644,#645
,#646),.UNSPECIFIED.,.T.,.F.) B_SPLINE_CURVE_WITH_KNOTS((1,2,2,2,2,1),(
    -2.094395102393,0.,2.094395102393,4.188790204786,6.28318530718,
8.377580409573),.UNSPECIFIED.) CURVE() GEOMETRIC_REPRESENTATION_ITEM() 
RATIONAL_B_SPLINE_CURVE((1.,0.5,1.,0.5,1.,0.5,1.)) REPRESENTATION_ITEM(
  '') );
#640 = CARTESIAN_POINT('',(74.2,98.5));
#641 = CARTESIAN_POINT('',(74.2,95.555513627133));
#642 = CARTESIAN_POINT('',(71.65,97.027756813566));
#643 = CARTESIAN_POINT('',(69.1,98.5));
#644 = CARTESIAN_POINT('',(71.65,99.972243186434));
#645 = CARTESIAN_POINT('',(74.2,101.44448637286));
#646 = CARTESIAN_POINT('',(74.2,98.5));
#647 = ( GEOMETRIC_REPRESENTATION_CONTEXT(2) 
PARAMETRIC_REPRESENTATION_CONTEXT() REPRESENTATION_CONTEXT('2D SPACE',''
  ) );
#648 = ORIENTED_EDGE('',*,*,#649,.F.);
#649 = EDGE_CURVE('',#650,#618,#652,.T.);
#650 = VERTEX_POINT('',#651);
#651 = CARTESIAN_POINT('',(219.12480768093,198.,58.));
#652 = SURFACE_CURVE('',#653,(#657,#663),.PCURVE_S1.);
#653 = LINE('',#654,#655);
#654 = CARTESIAN_POINT('',(219.12480768092,198.,44.));
#655 = VECTOR('',#656,1.);
#656 = DIRECTION('',(-0.,-0.,-1.));
#657 = PCURVE('',#43,#658);
#658 = DEFINITIONAL_REPRESENTATION('',(#659),#662);
#659 = B_SPLINE_CURVE_WITH_KNOTS('',1,(#660,#661),.UNSPECIFIED.,.F.,.F.,
  (2,2),(-14.,-10.),.PIECEWISE_BEZIER_KNOTS.);
#660 = CARTESIAN_POINT('',(-5.984653105995,-14.));
#661 = CARTESIAN_POINT('',(-5.984653105995,-10.));
#662 = ( GEOMETRIC_REPRESENTATION_CONTEXT(2) 
PARAMETRIC_REPRESENTATION_CONTEXT() REPRESENTATION_CONTEXT('2D SPACE',''
  ) );
#663 = PCURVE('',#664,#669);
#664 = PLANE('',#665);
#665 = AXIS2_PLACEMENT_3D('',#666,#667,#668);
#666 = CARTESIAN_POINT('',(288.,198.,54.));
#667 = DIRECTION('',(0.,-1.,0.));
#668 = DIRECTION('',(-1.,0.,0.));
#669 = DEFINITIONAL_REPRESENTATION('',(#670),#673);
#670 = B_SPLINE_CURVE_WITH_KNOTS('',1,(#671,#672),.UNSPECIFIED.,.F.,.F.,
  (2,2),(-14.4,-9.6),.PIECEWISE_BEZIER_KNOTS.);
#671 = CARTESIAN_POINT('',(68.875192319073,-4.4));
#672 = CARTESIAN_POINT('',(68.875192319073,0.4));
#673 = ( GEOMETRIC_REPRESENTATION_CONTEXT(2) 
PARAMETRIC_REPRESENTATION_CONTEXT() REPRESENTATION_CONTEXT('2D SPACE',''
  ) );
#674 = ORIENTED_EDGE('',*,*,#675,.F.);
#675 = EDGE_CURVE('',#22,#650,#676,.T.);
#676 = SURFACE_CURVE('',#677,(#682,#689),.PCURVE_S1.);
#677 = CIRCLE('',#678,1.7);
#678 = AXIS2_PLACEMENT_3D('',#679,#680,#681);
#679 = CARTESIAN_POINT('',(217.5,198.5,58.));
#680 = DIRECTION('',(0.,0.,-1.));
#681 = DIRECTION('',(0.470588235294,0.882352941177,0.));
#682 = PCURVE('',#43,#683);
#683 = DEFINITIONAL_REPRESENTATION('',(#684),#688);
#684 = LINE('',#685,#686);
#685 = CARTESIAN_POINT('',(-7.364024307721,-14.));
#686 = VECTOR('',#687,1.);
#687 = DIRECTION('',(1.,-0.));
#688 = ( GEOMETRIC_REPRESENTATION_CONTEXT(2) 
PARAMETRIC_REPRESENTATION_CONTEXT() REPRESENTATION_CONTEXT('2D SPACE',''
  ) );
#689 = PCURVE('',#70,#690);
#690 = DEFINITIONAL_REPRESENTATION('',(#691),#699);
#691 = ( BOUNDED_CURVE() B_SPLINE_CURVE(2,(#692,#693,#694,#695,#696,#697
,#698),.UNSPECIFIED.,.T.,.F.) B_SPLINE_CURVE_WITH_KNOTS((1,2,2,2,2,1),(
    -2.094395102393,0.,2.094395102393,4.188790204786,6.28318530718,
8.377580409573),.UNSPECIFIED.) CURVE() GEOMETRIC_REPRESENTATION_ITEM() 
RATIONAL_B_SPLINE_CURVE((1.,0.5,1.,0.5,1.,0.5,1.)) REPRESENTATION_ITEM(
  '') );
#692 = CARTESIAN_POINT('',(218.3,200.));
#693 = CARTESIAN_POINT('',(220.89807621135,198.61435935394));
#694 = CARTESIAN_POINT('',(218.39903810567,197.05717967697));
#695 = CARTESIAN_POINT('',(215.9,195.5));
#696 = CARTESIAN_POINT('',(215.80096189432,198.44282032302));
#697 = CARTESIAN_POINT('',(215.70192378864,201.38564064605));
#698 = CARTESIAN_POINT('',(218.3,200.));
#699 = ( GEOMETRIC_REPRESENTATION_CONTEXT(2) 
PARAMETRIC_REPRESENTATION_CONTEXT() REPRESENTATION_CONTEXT('2D SPACE',''
  ) );
#700 = ORIENTED_EDGE('',*,*,#21,.T.);
#701 = ADVANCED_FACE('',(#702),#231,.T.);
#702 = FACE_BOUND('',#703,.T.);
#703 = EDGE_LOOP('',(#704,#725,#726,#727));
#704 = ORIENTED_EDGE('',*,*,#705,.T.);
#705 = EDGE_CURVE('',#706,#564,#708,.T.);
#706 = VERTEX_POINT('',#707);
#707 = CARTESIAN_POINT('',(216.7,197.,44.));
#708 = SURFACE_CURVE('',#709,(#713,#719),.PCURVE_S1.);
#709 = LINE('',#710,#711);
#710 = CARTESIAN_POINT('',(110.25,197.,44.));
#711 = VECTOR('',#712,1.);
#712 = DIRECTION('',(1.,0.,0.));
#713 = PCURVE('',#231,#714);
#714 = DEFINITIONAL_REPRESENTATION('',(#715),#718);
#715 = B_SPLINE_CURVE_WITH_KNOTS('',1,(#716,#717),.UNSPECIFIED.,.F.,.F.,
  (2,2),(105.55,108.95),.PIECEWISE_BEZIER_KNOTS.);
#716 = CARTESIAN_POINT('',(-1.7,-1.5));
#717 = CARTESIAN_POINT('',(1.7,-1.5));
#718 = ( GEOMETRIC_REPRESENTATION_CONTEXT(2) 
PARAMETRIC_REPRESENTATION_CONTEXT() REPRESENTATION_CONTEXT('2D SPACE',''
  ) );
#719 = PCURVE('',#606,#720);
#720 = DEFINITIONAL_REPRESENTATION('',(#721),#724);
#721 = B_SPLINE_CURVE_WITH_KNOTS('',1,(#722,#723),.UNSPECIFIED.,.F.,.F.,
  (2,2),(105.55,108.95),.PIECEWISE_BEZIER_KNOTS.);
#722 = CARTESIAN_POINT('',(41.,212.8));
#723 = CARTESIAN_POINT('',(41.,216.2));
#724 = ( GEOMETRIC_REPRESENTATION_CONTEXT(2) 
PARAMETRIC_REPRESENTATION_CONTEXT() REPRESENTATION_CONTEXT('2D SPACE',''
  ) );
#725 = ORIENTED_EDGE('',*,*,#563,.F.);
#726 = ORIENTED_EDGE('',*,*,#218,.F.);
#727 = ORIENTED_EDGE('',*,*,#728,.T.);
#728 = EDGE_CURVE('',#193,#706,#729,.T.);
#729 = SURFACE_CURVE('',#730,(#735,#742),.PCURVE_S1.);
#730 = CIRCLE('',#731,1.7);
#731 = AXIS2_PLACEMENT_3D('',#732,#733,#734);
#732 = CARTESIAN_POINT('',(217.5,198.5,44.));
#733 = DIRECTION('',(0.,0.,1.));
#734 = DIRECTION('',(1.,0.,0.));
#735 = PCURVE('',#231,#736);
#736 = DEFINITIONAL_REPRESENTATION('',(#737),#741);
#737 = CIRCLE('',#738,1.7);
#738 = AXIS2_PLACEMENT_2D('',#739,#740);
#739 = CARTESIAN_POINT('',(0.,0.));
#740 = DIRECTION('',(1.,0.));
#741 = ( GEOMETRIC_REPRESENTATION_CONTEXT(2) 
PARAMETRIC_REPRESENTATION_CONTEXT() REPRESENTATION_CONTEXT('2D SPACE',''
  ) );
#742 = PCURVE('',#207,#743);
#743 = DEFINITIONAL_REPRESENTATION('',(#744),#748);
#744 = LINE('',#745,#746);
#745 = CARTESIAN_POINT('',(-0.,0.));
#746 = VECTOR('',#747,1.);
#747 = DIRECTION('',(-1.,0.));
#748 = ( GEOMETRIC_REPRESENTATION_CONTEXT(2) 
PARAMETRIC_REPRESENTATION_CONTEXT() REPRESENTATION_CONTEXT('2D SPACE',''
  ) );
#749 = ADVANCED_FACE('',(#750),#207,.F.);
#750 = FACE_BOUND('',#751,.T.);
#751 = EDGE_LOOP('',(#752,#753,#754,#782,#808,#841));
#752 = ORIENTED_EDGE('',*,*,#728,.F.);
#753 = ORIENTED_EDGE('',*,*,#192,.F.);
#754 = ORIENTED_EDGE('',*,*,#755,.F.);
#755 = EDGE_CURVE('',#756,#165,#758,.T.);
#756 = VERTEX_POINT('',#757);
#757 = CARTESIAN_POINT('',(215.87519231906,198.,58.));
#758 = SURFACE_CURVE('',#759,(#764,#771),.PCURVE_S1.);
#759 = CIRCLE('',#760,1.7);
#760 = AXIS2_PLACEMENT_3D('',#761,#762,#763);
#761 = CARTESIAN_POINT('',(217.5,198.5,58.));
#762 = DIRECTION('',(0.,0.,-1.));
#763 = DIRECTION('',(1.,0.,0.));
#764 = PCURVE('',#207,#765);
#765 = DEFINITIONAL_REPRESENTATION('',(#766),#770);
#766 = LINE('',#767,#768);
#767 = CARTESIAN_POINT('',(-6.28318530718,-14.));
#768 = VECTOR('',#769,1.);
#769 = DIRECTION('',(1.,-0.));
#770 = ( GEOMETRIC_REPRESENTATION_CONTEXT(2) 
PARAMETRIC_REPRESENTATION_CONTEXT() REPRESENTATION_CONTEXT('2D SPACE',''
  ) );
#771 = PCURVE('',#180,#772);
#772 = DEFINITIONAL_REPRESENTATION('',(#773),#781);
#773 = ( BOUNDED_CURVE() B_SPLINE_CURVE(2,(#774,#775,#776,#777,#778,#779
,#780),.UNSPECIFIED.,.T.,.F.) B_SPLINE_CURVE_WITH_KNOTS((1,2,2,2,2,1),(
    -2.094395102393,0.,2.094395102393,4.188790204786,6.28318530718,
8.377580409573),.UNSPECIFIED.) CURVE() GEOMETRIC_REPRESENTATION_ITEM() 
RATIONAL_B_SPLINE_CURVE((1.,0.5,1.,0.5,1.,0.5,1.)) REPRESENTATION_ITEM(
  '') );
#774 = CARTESIAN_POINT('',(219.2,198.5));
#775 = CARTESIAN_POINT('',(219.2,195.55551362713));
#776 = CARTESIAN_POINT('',(216.65,197.02775681356));
#777 = CARTESIAN_POINT('',(214.1,198.5));
#778 = CARTESIAN_POINT('',(216.65,199.97224318643));
#779 = CARTESIAN_POINT('',(219.2,201.44448637286));
#780 = CARTESIAN_POINT('',(219.2,198.5));
#781 = ( GEOMETRIC_REPRESENTATION_CONTEXT(2) 
PARAMETRIC_REPRESENTATION_CONTEXT() REPRESENTATION_CONTEXT('2D SPACE',''
  ) );
#782 = ORIENTED_EDGE('',*,*,#783,.T.);
#783 = EDGE_CURVE('',#756,#784,#786,.T.);
#784 = VERTEX_POINT('',#785);
#785 = CARTESIAN_POINT('',(215.87519231906,198.,54.));
#786 = SURFACE_CURVE('',#787,(#791,#797),.PCURVE_S1.);
#787 = LINE('',#788,#789);
#788 = CARTESIAN_POINT('',(215.87519231907,198.,44.));
#789 = VECTOR('',#790,1.);
#790 = DIRECTION('',(-0.,-0.,-1.));
#791 = PCURVE('',#207,#792);
#792 = DEFINITIONAL_REPRESENTATION('',(#793),#796);
#793 = B_SPLINE_CURVE_WITH_KNOTS('',1,(#794,#795),.UNSPECIFIED.,.F.,.F.,
  (2,2),(-14.4,-9.6),.PIECEWISE_BEZIER_KNOTS.);
#794 = CARTESIAN_POINT('',(-3.440124854775,-14.4));
#795 = CARTESIAN_POINT('',(-3.440124854775,-9.6));
#796 = ( GEOMETRIC_REPRESENTATION_CONTEXT(2) 
PARAMETRIC_REPRESENTATION_CONTEXT() REPRESENTATION_CONTEXT('2D SPACE',''
  ) );
#797 = PCURVE('',#798,#803);
#798 = PLANE('',#799);
#799 = AXIS2_PLACEMENT_3D('',#800,#801,#802);
#800 = CARTESIAN_POINT('',(288.,198.,54.));
#801 = DIRECTION('',(0.,-1.,0.));
#802 = DIRECTION('',(-1.,0.,0.));
#803 = DEFINITIONAL_REPRESENTATION('',(#804),#807);
#804 = B_SPLINE_CURVE_WITH_KNOTS('',1,(#805,#806),.UNSPECIFIED.,.F.,.F.,
  (2,2),(-14.4,-9.6),.PIECEWISE_BEZIER_KNOTS.);
#805 = CARTESIAN_POINT('',(72.124807680927,-4.4));
#806 = CARTESIAN_POINT('',(72.124807680927,0.4));
#807 = ( GEOMETRIC_REPRESENTATION_CONTEXT(2) 
PARAMETRIC_REPRESENTATION_CONTEXT() REPRESENTATION_CONTEXT('2D SPACE',''
  ) );
#808 = ORIENTED_EDGE('',*,*,#809,.F.);
#809 = EDGE_CURVE('',#810,#784,#812,.T.);
#810 = VERTEX_POINT('',#811);
#811 = CARTESIAN_POINT('',(216.7,197.,54.));
#812 = SURFACE_CURVE('',#813,(#818,#825),.PCURVE_S1.);
#813 = CIRCLE('',#814,1.7);
#814 = AXIS2_PLACEMENT_3D('',#815,#816,#817);
#815 = CARTESIAN_POINT('',(217.5,198.5,54.));
#816 = DIRECTION('',(0.,0.,-1.));
#817 = DIRECTION('',(1.,0.,0.));
#818 = PCURVE('',#207,#819);
#819 = DEFINITIONAL_REPRESENTATION('',(#820),#824);
#820 = LINE('',#821,#822);
#821 = CARTESIAN_POINT('',(-6.28318530718,-10.));
#822 = VECTOR('',#823,1.);
#823 = DIRECTION('',(1.,-0.));
#824 = ( GEOMETRIC_REPRESENTATION_CONTEXT(2) 
PARAMETRIC_REPRESENTATION_CONTEXT() REPRESENTATION_CONTEXT('2D SPACE',''
  ) );
#825 = PCURVE('',#826,#831);
#826 = PLANE('',#827);
#827 = AXIS2_PLACEMENT_3D('',#828,#829,#830);
#828 = CARTESIAN_POINT('',(145.,100.,54.));
#829 = DIRECTION('',(0.,0.,1.));
#830 = DIRECTION('',(1.,0.,-0.));
#831 = DEFINITIONAL_REPRESENTATION('',(#832),#840);
#832 = ( BOUNDED_CURVE() B_SPLINE_CURVE(2,(#833,#834,#835,#836,#837,#838
,#839),.UNSPECIFIED.,.T.,.F.) B_SPLINE_CURVE_WITH_KNOTS((1,2,2,2,2,1),(
    -2.094395102393,0.,2.094395102393,4.188790204786,6.28318530718,
8.377580409573),.UNSPECIFIED.) CURVE() GEOMETRIC_REPRESENTATION_ITEM() 
RATIONAL_B_SPLINE_CURVE((1.,0.5,1.,0.5,1.,0.5,1.)) REPRESENTATION_ITEM(
  '') );
#833 = CARTESIAN_POINT('',(74.2,98.5));
#834 = CARTESIAN_POINT('',(74.2,95.555513627133));
#835 = CARTESIAN_POINT('',(71.65,97.027756813566));
#836 = CARTESIAN_POINT('',(69.1,98.5));
#837 = CARTESIAN_POINT('',(71.65,99.972243186434));
#838 = CARTESIAN_POINT('',(74.2,101.44448637286));
#839 = CARTESIAN_POINT('',(74.2,98.5));
#840 = ( GEOMETRIC_REPRESENTATION_CONTEXT(2) 
PARAMETRIC_REPRESENTATION_CONTEXT() REPRESENTATION_CONTEXT('2D SPACE',''
  ) );
#841 = ORIENTED_EDGE('',*,*,#842,.T.);
#842 = EDGE_CURVE('',#810,#706,#843,.T.);
#843 = SURFACE_CURVE('',#844,(#848,#854),.PCURVE_S1.);
#844 = LINE('',#845,#846);
#845 = CARTESIAN_POINT('',(216.7,197.,44.));
#846 = VECTOR('',#847,1.);
#847 = DIRECTION('',(-0.,-0.,-1.));
#848 = PCURVE('',#207,#849);
#849 = DEFINITIONAL_REPRESENTATION('',(#850),#853);
#850 = B_SPLINE_CURVE_WITH_KNOTS('',1,(#851,#852),.UNSPECIFIED.,.F.,.F.,
  (2,2),(-15.1,5.999999999062E-07),.PIECEWISE_BEZIER_KNOTS.);
#851 = CARTESIAN_POINT('',(-4.222431654131,-15.1));
#852 = CARTESIAN_POINT('',(-4.222431654131,5.999999999062E-07));
#853 = ( GEOMETRIC_REPRESENTATION_CONTEXT(2) 
PARAMETRIC_REPRESENTATION_CONTEXT() REPRESENTATION_CONTEXT('2D SPACE',''
  ) );
#854 = PCURVE('',#606,#855);
#855 = DEFINITIONAL_REPRESENTATION('',(#856),#859);
#856 = B_SPLINE_CURVE_WITH_KNOTS('',1,(#857,#858),.UNSPECIFIED.,.F.,.F.,
  (2,2),(-15.1,5.999999999062E-07),.PIECEWISE_BEZIER_KNOTS.);
#857 = CARTESIAN_POINT('',(56.1,213.7));
#858 = CARTESIAN_POINT('',(40.9999994,213.7));
#859 = ( GEOMETRIC_REPRESENTATION_CONTEXT(2) 
PARAMETRIC_REPRESENTATION_CONTEXT() REPRESENTATION_CONTEXT('2D SPACE',''
  ) );
#860 = ADVANCED_FACE('',(#861),#180,.T.);
#861 = FACE_BOUND('',#862,.T.);
#862 = EDGE_LOOP('',(#863,#884,#885,#886));
#863 = ORIENTED_EDGE('',*,*,#864,.T.);
#864 = EDGE_CURVE('',#865,#756,#867,.T.);
#865 = VERTEX_POINT('',#866);
#866 = CARTESIAN_POINT('',(145.,198.,58.));
#867 = SURFACE_CURVE('',#868,(#872,#878),.PCURVE_S1.);
#868 = LINE('',#869,#870);
#869 = CARTESIAN_POINT('',(144.,198.,58.));
#870 = VECTOR('',#871,1.);
#871 = DIRECTION('',(1.,0.,-0.));
#872 = PCURVE('',#180,#873);
#873 = DEFINITIONAL_REPRESENTATION('',(#874),#877);
#874 = B_SPLINE_CURVE_WITH_KNOTS('',1,(#875,#876),.UNSPECIFIED.,.F.,.F.,
  (2,2),(-142.,144.),.PIECEWISE_BEZIER_KNOTS.);
#875 = CARTESIAN_POINT('',(2.,198.));
#876 = CARTESIAN_POINT('',(288.,198.));
#877 = ( GEOMETRIC_REPRESENTATION_CONTEXT(2) 
PARAMETRIC_REPRESENTATION_CONTEXT() REPRESENTATION_CONTEXT('2D SPACE',''
  ) );
#878 = PCURVE('',#798,#879);
#879 = DEFINITIONAL_REPRESENTATION('',(#880),#883);
#880 = B_SPLINE_CURVE_WITH_KNOTS('',1,(#881,#882),.UNSPECIFIED.,.F.,.F.,
  (2,2),(-142.,144.),.PIECEWISE_BEZIER_KNOTS.);
#881 = CARTESIAN_POINT('',(286.,-4.));
#882 = CARTESIAN_POINT('',(0.,-4.));
#883 = ( GEOMETRIC_REPRESENTATION_CONTEXT(2) 
PARAMETRIC_REPRESENTATION_CONTEXT() REPRESENTATION_CONTEXT('2D SPACE',''
  ) );
#884 = ORIENTED_EDGE('',*,*,#755,.T.);
#885 = ORIENTED_EDGE('',*,*,#164,.F.);
#886 = ORIENTED_EDGE('',*,*,#887,.F.);
#887 = EDGE_CURVE('',#865,#139,#888,.T.);
#888 = SURFACE_CURVE('',#889,(#893,#899),.PCURVE_S1.);
#889 = LINE('',#890,#891);
#890 = CARTESIAN_POINT('',(145.,-150.,58.));
#891 = VECTOR('',#892,1.);
#892 = DIRECTION('',(0.,1.,0.));
#893 = PCURVE('',#180,#894);
#894 = DEFINITIONAL_REPRESENTATION('',(#895),#898);
#895 = B_SPLINE_CURVE_WITH_KNOTS('',1,(#896,#897),.UNSPECIFIED.,.F.,.F.,
  (2,2),(348.,350.),.PIECEWISE_BEZIER_KNOTS.);
#896 = CARTESIAN_POINT('',(145.,198.));
#897 = CARTESIAN_POINT('',(145.,200.));
#898 = ( GEOMETRIC_REPRESENTATION_CONTEXT(2) 
PARAMETRIC_REPRESENTATION_CONTEXT() REPRESENTATION_CONTEXT('2D SPACE',''
  ) );
#899 = PCURVE('',#153,#900);
#900 = DEFINITIONAL_REPRESENTATION('',(#901),#904);
#901 = B_SPLINE_CURVE_WITH_KNOTS('',1,(#902,#903),.UNSPECIFIED.,.F.,.F.,
  (2,2),(348.,350.),.PIECEWISE_BEZIER_KNOTS.);
#902 = CARTESIAN_POINT('',(358.,-498.));
#903 = CARTESIAN_POINT('',(358.,-500.));
#904 = ( GEOMETRIC_REPRESENTATION_CONTEXT(2) 
PARAMETRIC_REPRESENTATION_CONTEXT() REPRESENTATION_CONTEXT('2D SPACE',''
  ) );
#905 = ADVANCED_FACE('',(#906),#153,.F.);
#906 = FACE_BOUND('',#907,.F.);
#907 = EDGE_LOOP('',(#908,#909,#910,#931,#952,#973,#999,#1025,#1051,
    #1077,#1103,#1129));
#908 = ORIENTED_EDGE('',*,*,#138,.F.);
#909 = ORIENTED_EDGE('',*,*,#887,.F.);
#910 = ORIENTED_EDGE('',*,*,#911,.F.);
#911 = EDGE_CURVE('',#912,#865,#914,.T.);
#912 = VERTEX_POINT('',#913);
#913 = CARTESIAN_POINT('',(145.,198.,54.));
#914 = SURFACE_CURVE('',#915,(#919,#925),.PCURVE_S1.);
#915 = LINE('',#916,#917);
#916 = CARTESIAN_POINT('',(145.,198.,-123.));
#917 = VECTOR('',#918,1.);
#918 = DIRECTION('',(-0.,0.,1.));
#919 = PCURVE('',#153,#920);
#920 = DEFINITIONAL_REPRESENTATION('',(#921),#924);
#921 = B_SPLINE_CURVE_WITH_KNOTS('',1,(#922,#923),.UNSPECIFIED.,.F.,.F.,
  (2,2),(177.,181.),.PIECEWISE_BEZIER_KNOTS.);
#922 = CARTESIAN_POINT('',(354.,-498.));
#923 = CARTESIAN_POINT('',(358.,-498.));
#924 = ( GEOMETRIC_REPRESENTATION_CONTEXT(2) 
PARAMETRIC_REPRESENTATION_CONTEXT() REPRESENTATION_CONTEXT('2D SPACE',''
  ) );
#925 = PCURVE('',#798,#926);
#926 = DEFINITIONAL_REPRESENTATION('',(#927),#930);
#927 = B_SPLINE_CURVE_WITH_KNOTS('',1,(#928,#929),.UNSPECIFIED.,.F.,.F.,
  (2,2),(177.,181.),.PIECEWISE_BEZIER_KNOTS.);
#928 = CARTESIAN_POINT('',(143.,0.));
#929 = CARTESIAN_POINT('',(143.,-4.));
#930 = ( GEOMETRIC_REPRESENTATION_CONTEXT(2) 
PARAMETRIC_REPRESENTATION_CONTEXT() REPRESENTATION_CONTEXT('2D SPACE',''
  ) );
#931 = ORIENTED_EDGE('',*,*,#932,.F.);
#932 = EDGE_CURVE('',#933,#912,#935,.T.);
#933 = VERTEX_POINT('',#934);
#934 = CARTESIAN_POINT('',(145.,197.,54.));
#935 = SURFACE_CURVE('',#936,(#940,#946),.PCURVE_S1.);
#936 = LINE('',#937,#938);
#937 = CARTESIAN_POINT('',(145.,-100.,54.));
#938 = VECTOR('',#939,1.);
#939 = DIRECTION('',(0.,1.,0.));
#940 = PCURVE('',#153,#941);
#941 = DEFINITIONAL_REPRESENTATION('',(#942),#945);
#942 = B_SPLINE_CURVE_WITH_KNOTS('',1,(#943,#944),.UNSPECIFIED.,.F.,.F.,
  (2,2),(297.,298.),.PIECEWISE_BEZIER_KNOTS.);
#943 = CARTESIAN_POINT('',(354.,-497.));
#944 = CARTESIAN_POINT('',(354.,-498.));
#945 = ( GEOMETRIC_REPRESENTATION_CONTEXT(2) 
PARAMETRIC_REPRESENTATION_CONTEXT() REPRESENTATION_CONTEXT('2D SPACE',''
  ) );
#946 = PCURVE('',#826,#947);
#947 = DEFINITIONAL_REPRESENTATION('',(#948),#951);
#948 = B_SPLINE_CURVE_WITH_KNOTS('',1,(#949,#950),.UNSPECIFIED.,.F.,.F.,
  (2,2),(297.,298.),.PIECEWISE_BEZIER_KNOTS.);
#949 = CARTESIAN_POINT('',(-8.526512829121E-14,97.));
#950 = CARTESIAN_POINT('',(-8.526512829121E-14,98.000000000001));
#951 = ( GEOMETRIC_REPRESENTATION_CONTEXT(2) 
PARAMETRIC_REPRESENTATION_CONTEXT() REPRESENTATION_CONTEXT('2D SPACE',''
  ) );
#952 = ORIENTED_EDGE('',*,*,#953,.T.);
#953 = EDGE_CURVE('',#933,#954,#956,.T.);
#954 = VERTEX_POINT('',#955);
#955 = CARTESIAN_POINT('',(145.,197.,3.));
#956 = SURFACE_CURVE('',#957,(#961,#967),.PCURVE_S1.);
#957 = LINE('',#958,#959);
#958 = CARTESIAN_POINT('',(145.,197.,-148.5));
#959 = VECTOR('',#960,1.);
#960 = DIRECTION('',(0.,0.,-1.));
#961 = PCURVE('',#153,#962);
#962 = DEFINITIONAL_REPRESENTATION('',(#963),#966);
#963 = B_SPLINE_CURVE_WITH_KNOTS('',1,(#964,#965),.UNSPECIFIED.,.F.,.F.,
  (2,2),(-202.5,-151.5),.PIECEWISE_BEZIER_KNOTS.);
#964 = CARTESIAN_POINT('',(354.,-497.));
#965 = CARTESIAN_POINT('',(303.,-497.));
#966 = ( GEOMETRIC_REPRESENTATION_CONTEXT(2) 
PARAMETRIC_REPRESENTATION_CONTEXT() REPRESENTATION_CONTEXT('2D SPACE',''
  ) );
#967 = PCURVE('',#606,#968);
#968 = DEFINITIONAL_REPRESENTATION('',(#969),#972);
#969 = B_SPLINE_CURVE_WITH_KNOTS('',1,(#970,#971),.UNSPECIFIED.,.F.,.F.,
  (2,2),(-202.5,-151.5),.PIECEWISE_BEZIER_KNOTS.);
#970 = CARTESIAN_POINT('',(51.,142.));
#971 = CARTESIAN_POINT('',(0.,142.));
#972 = ( GEOMETRIC_REPRESENTATION_CONTEXT(2) 
PARAMETRIC_REPRESENTATION_CONTEXT() REPRESENTATION_CONTEXT('2D SPACE',''
  ) );
#973 = ORIENTED_EDGE('',*,*,#974,.F.);
#974 = EDGE_CURVE('',#975,#954,#977,.T.);
#975 = VERTEX_POINT('',#976);
#976 = CARTESIAN_POINT('',(145.,3.,3.));
#977 = SURFACE_CURVE('',#978,(#982,#988),.PCURVE_S1.);
#978 = LINE('',#979,#980);
#979 = CARTESIAN_POINT('',(145.,-148.5,3.));
#980 = VECTOR('',#981,1.);
#981 = DIRECTION('',(0.,1.,0.));
#982 = PCURVE('',#153,#983);
#983 = DEFINITIONAL_REPRESENTATION('',(#984),#987);
#984 = B_SPLINE_CURVE_WITH_KNOTS('',1,(#985,#986),.UNSPECIFIED.,.F.,.F.,
  (2,2),(151.5,345.5),.PIECEWISE_BEZIER_KNOTS.);
#985 = CARTESIAN_POINT('',(303.,-303.));
#986 = CARTESIAN_POINT('',(303.,-497.));
#987 = ( GEOMETRIC_REPRESENTATION_CONTEXT(2) 
PARAMETRIC_REPRESENTATION_CONTEXT() REPRESENTATION_CONTEXT('2D SPACE',''
  ) );
#988 = PCURVE('',#989,#994);
#989 = PLANE('',#990);
#990 = AXIS2_PLACEMENT_3D('',#991,#992,#993);
#991 = CARTESIAN_POINT('',(3.,3.,3.));
#992 = DIRECTION('',(0.,0.,1.));
#993 = DIRECTION('',(1.,0.,0.));
#994 = DEFINITIONAL_REPRESENTATION('',(#995),#998);
#995 = B_SPLINE_CURVE_WITH_KNOTS('',1,(#996,#997),.UNSPECIFIED.,.F.,.F.,
  (2,2),(151.5,345.5),.PIECEWISE_BEZIER_KNOTS.);
#996 = CARTESIAN_POINT('',(142.,0.));
#997 = CARTESIAN_POINT('',(142.,194.));
#998 = ( GEOMETRIC_REPRESENTATION_CONTEXT(2) 
PARAMETRIC_REPRESENTATION_CONTEXT() REPRESENTATION_CONTEXT('2D SPACE',''
  ) );
#999 = ORIENTED_EDGE('',*,*,#1000,.F.);
#1000 = EDGE_CURVE('',#1001,#975,#1003,.T.);
#1001 = VERTEX_POINT('',#1002);
#1002 = CARTESIAN_POINT('',(145.,3.,54.));
#1003 = SURFACE_CURVE('',#1004,(#1008,#1014),.PCURVE_S1.);
#1004 = LINE('',#1005,#1006);
#1005 = CARTESIAN_POINT('',(145.,3.,-148.5));
#1006 = VECTOR('',#1007,1.);
#1007 = DIRECTION('',(0.,0.,-1.));
#1008 = PCURVE('',#153,#1009);
#1009 = DEFINITIONAL_REPRESENTATION('',(#1010),#1013);
#1010 = B_SPLINE_CURVE_WITH_KNOTS('',1,(#1011,#1012),.UNSPECIFIED.,.F.,
  .F.,(2,2),(-202.5,-151.5),.PIECEWISE_BEZIER_KNOTS.);
#1011 = CARTESIAN_POINT('',(354.,-303.));
#1012 = CARTESIAN_POINT('',(303.,-303.));
#1013 = ( GEOMETRIC_REPRESENTATION_CONTEXT(2) 
PARAMETRIC_REPRESENTATION_CONTEXT() REPRESENTATION_CONTEXT('2D SPACE',''
  ) );
#1014 = PCURVE('',#1015,#1020);
#1015 = PLANE('',#1016);
#1016 = AXIS2_PLACEMENT_3D('',#1017,#1018,#1019);
#1017 = CARTESIAN_POINT('',(3.,3.,3.));
#1018 = DIRECTION('',(0.,1.,0.));
#1019 = DIRECTION('',(0.,0.,1.));
#1020 = DEFINITIONAL_REPRESENTATION('',(#1021),#1024);
#1021 = B_SPLINE_CURVE_WITH_KNOTS('',1,(#1022,#1023),.UNSPECIFIED.,.F.,
  .F.,(2,2),(-202.5,-151.5),.PIECEWISE_BEZIER_KNOTS.);
#1022 = CARTESIAN_POINT('',(51.,142.));
#1023 = CARTESIAN_POINT('',(0.,142.));
#1024 = ( GEOMETRIC_REPRESENTATION_CONTEXT(2) 
PARAMETRIC_REPRESENTATION_CONTEXT() REPRESENTATION_CONTEXT('2D SPACE',''
  ) );
#1025 = ORIENTED_EDGE('',*,*,#1026,.F.);
#1026 = EDGE_CURVE('',#1027,#1001,#1029,.T.);
#1027 = VERTEX_POINT('',#1028);
#1028 = CARTESIAN_POINT('',(145.,2.,54.));
#1029 = SURFACE_CURVE('',#1030,(#1034,#1040),.PCURVE_S1.);
#1030 = LINE('',#1031,#1032);
#1031 = CARTESIAN_POINT('',(145.,-100.,54.));
#1032 = VECTOR('',#1033,1.);
#1033 = DIRECTION('',(0.,1.,0.));
#1034 = PCURVE('',#153,#1035);
#1035 = DEFINITIONAL_REPRESENTATION('',(#1036),#1039);
#1036 = B_SPLINE_CURVE_WITH_KNOTS('',1,(#1037,#1038),.UNSPECIFIED.,.F.,
  .F.,(2,2),(102.,103.),.PIECEWISE_BEZIER_KNOTS.);
#1037 = CARTESIAN_POINT('',(354.,-302.));
#1038 = CARTESIAN_POINT('',(354.,-303.));
#1039 = ( GEOMETRIC_REPRESENTATION_CONTEXT(2) 
PARAMETRIC_REPRESENTATION_CONTEXT() REPRESENTATION_CONTEXT('2D SPACE',''
  ) );
#1040 = PCURVE('',#1041,#1046);
#1041 = PLANE('',#1042);
#1042 = AXIS2_PLACEMENT_3D('',#1043,#1044,#1045);
#1043 = CARTESIAN_POINT('',(145.,100.,54.));
#1044 = DIRECTION('',(0.,0.,1.));
#1045 = DIRECTION('',(1.,0.,-0.));
#1046 = DEFINITIONAL_REPRESENTATION('',(#1047),#1050);
#1047 = B_SPLINE_CURVE_WITH_KNOTS('',1,(#1048,#1049),.UNSPECIFIED.,.F.,
  .F.,(2,2),(102.,103.),.PIECEWISE_BEZIER_KNOTS.);
#1048 = CARTESIAN_POINT('',(-8.526512829121E-14,-98.));
#1049 = CARTESIAN_POINT('',(-8.526512829121E-14,-97.));
#1050 = ( GEOMETRIC_REPRESENTATION_CONTEXT(2) 
PARAMETRIC_REPRESENTATION_CONTEXT() REPRESENTATION_CONTEXT('2D SPACE',''
  ) );
#1051 = ORIENTED_EDGE('',*,*,#1052,.F.);
#1052 = EDGE_CURVE('',#1053,#1027,#1055,.T.);
#1053 = VERTEX_POINT('',#1054);
#1054 = CARTESIAN_POINT('',(145.,2.,58.));
#1055 = SURFACE_CURVE('',#1056,(#1060,#1066),.PCURVE_S1.);
#1056 = LINE('',#1057,#1058);
#1057 = CARTESIAN_POINT('',(145.,2.,-123.));
#1058 = VECTOR('',#1059,1.);
#1059 = DIRECTION('',(0.,0.,-1.));
#1060 = PCURVE('',#153,#1061);
#1061 = DEFINITIONAL_REPRESENTATION('',(#1062),#1065);
#1062 = B_SPLINE_CURVE_WITH_KNOTS('',1,(#1063,#1064),.UNSPECIFIED.,.F.,
  .F.,(2,2),(-181.,-177.),.PIECEWISE_BEZIER_KNOTS.);
#1063 = CARTESIAN_POINT('',(358.,-302.));
#1064 = CARTESIAN_POINT('',(354.,-302.));
#1065 = ( GEOMETRIC_REPRESENTATION_CONTEXT(2) 
PARAMETRIC_REPRESENTATION_CONTEXT() REPRESENTATION_CONTEXT('2D SPACE',''
  ) );
#1066 = PCURVE('',#1067,#1072);
#1067 = PLANE('',#1068);
#1068 = AXIS2_PLACEMENT_3D('',#1069,#1070,#1071);
#1069 = CARTESIAN_POINT('',(2.,2.,54.));
#1070 = DIRECTION('',(0.,1.,0.));
#1071 = DIRECTION('',(1.,0.,0.));
#1072 = DEFINITIONAL_REPRESENTATION('',(#1073),#1076);
#1073 = B_SPLINE_CURVE_WITH_KNOTS('',1,(#1074,#1075),.UNSPECIFIED.,.F.,
  .F.,(2,2),(-181.,-177.),.PIECEWISE_BEZIER_KNOTS.);
#1074 = CARTESIAN_POINT('',(143.,-4.));
#1075 = CARTESIAN_POINT('',(143.,0.));
#1076 = ( GEOMETRIC_REPRESENTATION_CONTEXT(2) 
PARAMETRIC_REPRESENTATION_CONTEXT() REPRESENTATION_CONTEXT('2D SPACE',''
  ) );
#1077 = ORIENTED_EDGE('',*,*,#1078,.F.);
#1078 = EDGE_CURVE('',#1079,#1053,#1081,.T.);
#1079 = VERTEX_POINT('',#1080);
#1080 = CARTESIAN_POINT('',(145.,0.,58.));
#1081 = SURFACE_CURVE('',#1082,(#1086,#1092),.PCURVE_S1.);
#1082 = LINE('',#1083,#1084);
#1083 = CARTESIAN_POINT('',(145.,-150.,58.));
#1084 = VECTOR('',#1085,1.);
#1085 = DIRECTION('',(0.,1.,0.));
#1086 = PCURVE('',#153,#1087);
#1087 = DEFINITIONAL_REPRESENTATION('',(#1088),#1091);
#1088 = B_SPLINE_CURVE_WITH_KNOTS('',1,(#1089,#1090),.UNSPECIFIED.,.F.,
  .F.,(2,2),(150.,152.),.PIECEWISE_BEZIER_KNOTS.);
#1089 = CARTESIAN_POINT('',(358.,-300.));
#1090 = CARTESIAN_POINT('',(358.,-302.));
#1091 = ( GEOMETRIC_REPRESENTATION_CONTEXT(2) 
PARAMETRIC_REPRESENTATION_CONTEXT() REPRESENTATION_CONTEXT('2D SPACE',''
  ) );
#1092 = PCURVE('',#1093,#1098);
#1093 = PLANE('',#1094);
#1094 = AXIS2_PLACEMENT_3D('',#1095,#1096,#1097);
#1095 = CARTESIAN_POINT('',(0.,0.,58.));
#1096 = DIRECTION('',(0.,0.,1.));
#1097 = DIRECTION('',(1.,0.,0.));
#1098 = DEFINITIONAL_REPRESENTATION('',(#1099),#1102);
#1099 = B_SPLINE_CURVE_WITH_KNOTS('',1,(#1100,#1101),.UNSPECIFIED.,.F.,
  .F.,(2,2),(150.,152.),.PIECEWISE_BEZIER_KNOTS.);
#1100 = CARTESIAN_POINT('',(145.,-1.42108547152E-13));
#1101 = CARTESIAN_POINT('',(145.,2.));
#1102 = ( GEOMETRIC_REPRESENTATION_CONTEXT(2) 
PARAMETRIC_REPRESENTATION_CONTEXT() REPRESENTATION_CONTEXT('2D SPACE',''
  ) );
#1103 = ORIENTED_EDGE('',*,*,#1104,.T.);
#1104 = EDGE_CURVE('',#1079,#1105,#1107,.T.);
#1105 = VERTEX_POINT('',#1106);
#1106 = CARTESIAN_POINT('',(145.,0.,0.));
#1107 = SURFACE_CURVE('',#1108,(#1112,#1118),.PCURVE_S1.);
#1108 = LINE('',#1109,#1110);
#1109 = CARTESIAN_POINT('',(145.,0.,-150.));
#1110 = VECTOR('',#1111,1.);
#1111 = DIRECTION('',(0.,0.,-1.));
#1112 = PCURVE('',#153,#1113);
#1113 = DEFINITIONAL_REPRESENTATION('',(#1114),#1117);
#1114 = B_SPLINE_CURVE_WITH_KNOTS('',1,(#1115,#1116),.UNSPECIFIED.,.F.,
  .F.,(2,2),(-208.,-150.),.PIECEWISE_BEZIER_KNOTS.);
#1115 = CARTESIAN_POINT('',(358.,-300.));
#1116 = CARTESIAN_POINT('',(300.,-300.));
#1117 = ( GEOMETRIC_REPRESENTATION_CONTEXT(2) 
PARAMETRIC_REPRESENTATION_CONTEXT() REPRESENTATION_CONTEXT('2D SPACE',''
  ) );
#1118 = PCURVE('',#1119,#1124);
#1119 = PLANE('',#1120);
#1120 = AXIS2_PLACEMENT_3D('',#1121,#1122,#1123);
#1121 = CARTESIAN_POINT('',(0.,0.,0.));
#1122 = DIRECTION('',(0.,1.,0.));
#1123 = DIRECTION('',(0.,0.,1.));
#1124 = DEFINITIONAL_REPRESENTATION('',(#1125),#1128);
#1125 = B_SPLINE_CURVE_WITH_KNOTS('',1,(#1126,#1127),.UNSPECIFIED.,.F.,
  .F.,(2,2),(-208.,-150.),.PIECEWISE_BEZIER_KNOTS.);
#1126 = CARTESIAN_POINT('',(58.,145.));
#1127 = CARTESIAN_POINT('',(0.,145.));
#1128 = ( GEOMETRIC_REPRESENTATION_CONTEXT(2) 
PARAMETRIC_REPRESENTATION_CONTEXT() REPRESENTATION_CONTEXT('2D SPACE',''
  ) );
#1129 = ORIENTED_EDGE('',*,*,#1130,.T.);
#1130 = EDGE_CURVE('',#1105,#111,#1131,.T.);
#1131 = SURFACE_CURVE('',#1132,(#1136,#1142),.PCURVE_S1.);
#1132 = LINE('',#1133,#1134);
#1133 = CARTESIAN_POINT('',(145.,-150.,0.));
#1134 = VECTOR('',#1135,1.);
#1135 = DIRECTION('',(0.,1.,0.));
#1136 = PCURVE('',#153,#1137);
#1137 = DEFINITIONAL_REPRESENTATION('',(#1138),#1141);
#1138 = B_SPLINE_CURVE_WITH_KNOTS('',1,(#1139,#1140),.UNSPECIFIED.,.F.,
  .F.,(2,2),(150.,350.),.PIECEWISE_BEZIER_KNOTS.);
#1139 = CARTESIAN_POINT('',(300.,-300.));
#1140 = CARTESIAN_POINT('',(300.,-500.));
#1141 = ( GEOMETRIC_REPRESENTATION_CONTEXT(2) 
PARAMETRIC_REPRESENTATION_CONTEXT() REPRESENTATION_CONTEXT('2D SPACE',''
  ) );
#1142 = PCURVE('',#126,#1143);
#1143 = DEFINITIONAL_REPRESENTATION('',(#1144),#1147);
#1144 = B_SPLINE_CURVE_WITH_KNOTS('',1,(#1145,#1146),.UNSPECIFIED.,.F.,
  .F.,(2,2),(150.,350.),.PIECEWISE_BEZIER_KNOTS.);
#1145 = CARTESIAN_POINT('',(145.,0.));
#1146 = CARTESIAN_POINT('',(145.,200.));
#1147 = ( GEOMETRIC_REPRESENTATION_CONTEXT(2) 
PARAMETRIC_REPRESENTATION_CONTEXT() REPRESENTATION_CONTEXT('2D SPACE',''
  ) );
#1148 = ADVANCED_FACE('',(#1149),#126,.F.);
#1149 = FACE_BOUND('',#1150,.F.);
#1150 = EDGE_LOOP('',(#1151,#1152,#1153,#1176));
#1151 = ORIENTED_EDGE('',*,*,#110,.F.);
#1152 = ORIENTED_EDGE('',*,*,#1130,.F.);
#1153 = ORIENTED_EDGE('',*,*,#1154,.T.);
#1154 = EDGE_CURVE('',#1105,#1155,#1157,.T.);
#1155 = VERTEX_POINT('',#1156);
#1156 = CARTESIAN_POINT('',(290.,0.,0.));
#1157 = SURFACE_CURVE('',#1158,(#1162,#1169),.PCURVE_S1.);
#1158 = LINE('',#1159,#1160);
#1159 = CARTESIAN_POINT('',(0.,0.,0.));
#1160 = VECTOR('',#1161,1.);
#1161 = DIRECTION('',(1.,0.,0.));
#1162 = PCURVE('',#126,#1163);
#1163 = DEFINITIONAL_REPRESENTATION('',(#1164),#1168);
#1164 = LINE('',#1165,#1166);
#1165 = CARTESIAN_POINT('',(0.,0.));
#1166 = VECTOR('',#1167,1.);
#1167 = DIRECTION('',(1.,0.));
#1168 = ( GEOMETRIC_REPRESENTATION_CONTEXT(2) 
PARAMETRIC_REPRESENTATION_CONTEXT() REPRESENTATION_CONTEXT('2D SPACE',''
  ) );
#1169 = PCURVE('',#1119,#1170);
#1170 = DEFINITIONAL_REPRESENTATION('',(#1171),#1175);
#1171 = LINE('',#1172,#1173);
#1172 = CARTESIAN_POINT('',(0.,0.));
#1173 = VECTOR('',#1174,1.);
#1174 = DIRECTION('',(0.,1.));
#1175 = ( GEOMETRIC_REPRESENTATION_CONTEXT(2) 
PARAMETRIC_REPRESENTATION_CONTEXT() REPRESENTATION_CONTEXT('2D SPACE',''
  ) );
#1176 = ORIENTED_EDGE('',*,*,#1177,.T.);
#1177 = EDGE_CURVE('',#1155,#83,#1178,.T.);
#1178 = SURFACE_CURVE('',#1179,(#1183,#1190),.PCURVE_S1.);
#1179 = LINE('',#1180,#1181);
#1180 = CARTESIAN_POINT('',(290.,0.,0.));
#1181 = VECTOR('',#1182,1.);
#1182 = DIRECTION('',(0.,1.,0.));
#1183 = PCURVE('',#126,#1184);
#1184 = DEFINITIONAL_REPRESENTATION('',(#1185),#1189);
#1185 = LINE('',#1186,#1187);
#1186 = CARTESIAN_POINT('',(290.,0.));
#1187 = VECTOR('',#1188,1.);
#1188 = DIRECTION('',(0.,1.));
#1189 = ( GEOMETRIC_REPRESENTATION_CONTEXT(2) 
PARAMETRIC_REPRESENTATION_CONTEXT() REPRESENTATION_CONTEXT('2D SPACE',''
  ) );
#1190 = PCURVE('',#98,#1191);
#1191 = DEFINITIONAL_REPRESENTATION('',(#1192),#1196);
#1192 = LINE('',#1193,#1194);
#1193 = CARTESIAN_POINT('',(0.,0.));
#1194 = VECTOR('',#1195,1.);
#1195 = DIRECTION('',(0.,-1.));
#1196 = ( GEOMETRIC_REPRESENTATION_CONTEXT(2) 
PARAMETRIC_REPRESENTATION_CONTEXT() REPRESENTATION_CONTEXT('2D SPACE',''
  ) );
#1197 = ADVANCED_FACE('',(#1198),#98,.T.);
#1198 = FACE_BOUND('',#1199,.T.);
#1199 = EDGE_LOOP('',(#1200,#1230,#1251,#1252,#1253,#1276,#1302,#1328));
#1200 = ORIENTED_EDGE('',*,*,#1201,.F.);
#1201 = EDGE_CURVE('',#1202,#1204,#1206,.T.);
#1202 = VERTEX_POINT('',#1203);
#1203 = CARTESIAN_POINT('',(290.,0.,58.));
#1204 = VERTEX_POINT('',#1205);
#1205 = CARTESIAN_POINT('',(290.,99.199999999991,58.));
#1206 = SURFACE_CURVE('',#1207,(#1211,#1218),.PCURVE_S1.);
#1207 = LINE('',#1208,#1209);
#1208 = CARTESIAN_POINT('',(290.,0.,58.));
#1209 = VECTOR('',#1210,1.);
#1210 = DIRECTION('',(0.,1.,0.));
#1211 = PCURVE('',#98,#1212);
#1212 = DEFINITIONAL_REPRESENTATION('',(#1213),#1217);
#1213 = LINE('',#1214,#1215);
#1214 = CARTESIAN_POINT('',(58.,0.));
#1215 = VECTOR('',#1216,1.);
#1216 = DIRECTION('',(0.,-1.));
#1217 = ( GEOMETRIC_REPRESENTATION_CONTEXT(2) 
PARAMETRIC_REPRESENTATION_CONTEXT() REPRESENTATION_CONTEXT('2D SPACE',''
  ) );
#1218 = PCURVE('',#1219,#1224);
#1219 = PLANE('',#1220);
#1220 = AXIS2_PLACEMENT_3D('',#1221,#1222,#1223);
#1221 = CARTESIAN_POINT('',(0.,0.,58.));
#1222 = DIRECTION('',(0.,0.,1.));
#1223 = DIRECTION('',(1.,0.,0.));
#1224 = DEFINITIONAL_REPRESENTATION('',(#1225),#1229);
#1225 = LINE('',#1226,#1227);
#1226 = CARTESIAN_POINT('',(290.,0.));
#1227 = VECTOR('',#1228,1.);
#1228 = DIRECTION('',(0.,1.));
#1229 = ( GEOMETRIC_REPRESENTATION_CONTEXT(2) 
PARAMETRIC_REPRESENTATION_CONTEXT() REPRESENTATION_CONTEXT('2D SPACE',''
  ) );
#1230 = ORIENTED_EDGE('',*,*,#1231,.F.);
#1231 = EDGE_CURVE('',#1155,#1202,#1232,.T.);
#1232 = SURFACE_CURVE('',#1233,(#1237,#1244),.PCURVE_S1.);
#1233 = LINE('',#1234,#1235);
#1234 = CARTESIAN_POINT('',(290.,0.,0.));
#1235 = VECTOR('',#1236,1.);
#1236 = DIRECTION('',(0.,0.,1.));
#1237 = PCURVE('',#98,#1238);
#1238 = DEFINITIONAL_REPRESENTATION('',(#1239),#1243);
#1239 = LINE('',#1240,#1241);
#1240 = CARTESIAN_POINT('',(0.,0.));
#1241 = VECTOR('',#1242,1.);
#1242 = DIRECTION('',(1.,0.));
#1243 = ( GEOMETRIC_REPRESENTATION_CONTEXT(2) 
PARAMETRIC_REPRESENTATION_CONTEXT() REPRESENTATION_CONTEXT('2D SPACE',''
  ) );
#1244 = PCURVE('',#1119,#1245);
#1245 = DEFINITIONAL_REPRESENTATION('',(#1246),#1250);
#1246 = LINE('',#1247,#1248);
#1247 = CARTESIAN_POINT('',(0.,290.));
#1248 = VECTOR('',#1249,1.);
#1249 = DIRECTION('',(1.,0.));
#1250 = ( GEOMETRIC_REPRESENTATION_CONTEXT(2) 
PARAMETRIC_REPRESENTATION_CONTEXT() REPRESENTATION_CONTEXT('2D SPACE',''
  ) );
#1251 = ORIENTED_EDGE('',*,*,#1177,.T.);
#1252 = ORIENTED_EDGE('',*,*,#82,.T.);
#1253 = ORIENTED_EDGE('',*,*,#1254,.F.);
#1254 = EDGE_CURVE('',#1255,#55,#1257,.T.);
#1255 = VERTEX_POINT('',#1256);
#1256 = CARTESIAN_POINT('',(290.,100.8,58.));
#1257 = SURFACE_CURVE('',#1258,(#1262,#1269),.PCURVE_S1.);
#1258 = LINE('',#1259,#1260);
#1259 = CARTESIAN_POINT('',(290.,0.,58.));
#1260 = VECTOR('',#1261,1.);
#1261 = DIRECTION('',(0.,1.,0.));
#1262 = PCURVE('',#98,#1263);
#1263 = DEFINITIONAL_REPRESENTATION('',(#1264),#1268);
#1264 = LINE('',#1265,#1266);
#1265 = CARTESIAN_POINT('',(58.,0.));
#1266 = VECTOR('',#1267,1.);
#1267 = DIRECTION('',(0.,-1.));
#1268 = ( GEOMETRIC_REPRESENTATION_CONTEXT(2) 
PARAMETRIC_REPRESENTATION_CONTEXT() REPRESENTATION_CONTEXT('2D SPACE',''
  ) );
#1269 = PCURVE('',#70,#1270);
#1270 = DEFINITIONAL_REPRESENTATION('',(#1271),#1275);
#1271 = LINE('',#1272,#1273);
#1272 = CARTESIAN_POINT('',(290.,0.));
#1273 = VECTOR('',#1274,1.);
#1274 = DIRECTION('',(0.,1.));
#1275 = ( GEOMETRIC_REPRESENTATION_CONTEXT(2) 
PARAMETRIC_REPRESENTATION_CONTEXT() REPRESENTATION_CONTEXT('2D SPACE',''
  ) );
#1276 = ORIENTED_EDGE('',*,*,#1277,.T.);
#1277 = EDGE_CURVE('',#1255,#1278,#1280,.T.);
#1278 = VERTEX_POINT('',#1279);
#1279 = CARTESIAN_POINT('',(290.,100.8,44.));
#1280 = SURFACE_CURVE('',#1281,(#1285,#1291),.PCURVE_S1.);
#1281 = LINE('',#1282,#1283);
#1282 = CARTESIAN_POINT('',(290.,100.8,44.));
#1283 = VECTOR('',#1284,1.);
#1284 = DIRECTION('',(-0.,-0.,-1.));
#1285 = PCURVE('',#98,#1286);
#1286 = DEFINITIONAL_REPRESENTATION('',(#1287),#1290);
#1287 = B_SPLINE_CURVE_WITH_KNOTS('',1,(#1288,#1289),.UNSPECIFIED.,.F.,
  .F.,(2,2),(-16.0000006,5.999999999062E-07),.PIECEWISE_BEZIER_KNOTS.);
#1288 = CARTESIAN_POINT('',(60.0000006,-100.8));
#1289 = CARTESIAN_POINT('',(43.9999994,-100.8));
#1290 = ( GEOMETRIC_REPRESENTATION_CONTEXT(2) 
PARAMETRIC_REPRESENTATION_CONTEXT() REPRESENTATION_CONTEXT('2D SPACE',''
  ) );
#1291 = PCURVE('',#1292,#1297);
#1292 = CYLINDRICAL_SURFACE('',#1293,1.7);
#1293 = AXIS2_PLACEMENT_3D('',#1294,#1295,#1296);
#1294 = CARTESIAN_POINT('',(288.5,100.,44.));
#1295 = DIRECTION('',(-0.,-0.,-1.));
#1296 = DIRECTION('',(1.,0.,0.));
#1297 = DEFINITIONAL_REPRESENTATION('',(#1298),#1301);
#1298 = B_SPLINE_CURVE_WITH_KNOTS('',1,(#1299,#1300),.UNSPECIFIED.,.F.,
  .F.,(2,2),(-16.0000006,5.999999999062E-07),.PIECEWISE_BEZIER_KNOTS.);
#1299 = CARTESIAN_POINT('',(-0.489957326254,-16.0000006));
#1300 = CARTESIAN_POINT('',(-0.489957326254,5.999999999062E-07));
#1301 = ( GEOMETRIC_REPRESENTATION_CONTEXT(2) 
PARAMETRIC_REPRESENTATION_CONTEXT() REPRESENTATION_CONTEXT('2D SPACE',''
  ) );
#1302 = ORIENTED_EDGE('',*,*,#1303,.T.);
#1303 = EDGE_CURVE('',#1278,#1304,#1306,.T.);
#1304 = VERTEX_POINT('',#1305);
#1305 = CARTESIAN_POINT('',(290.,99.2,44.));
#1306 = SURFACE_CURVE('',#1307,(#1311,#1317),.PCURVE_S1.);
#1307 = LINE('',#1308,#1309);
#1308 = CARTESIAN_POINT('',(290.,50.,44.));
#1309 = VECTOR('',#1310,1.);
#1310 = DIRECTION('',(0.,-1.,0.));
#1311 = PCURVE('',#98,#1312);
#1312 = DEFINITIONAL_REPRESENTATION('',(#1313),#1316);
#1313 = B_SPLINE_CURVE_WITH_KNOTS('',1,(#1314,#1315),.UNSPECIFIED.,.F.,
  .F.,(2,2),(-51.7,-48.3),.PIECEWISE_BEZIER_KNOTS.);
#1314 = CARTESIAN_POINT('',(44.,-101.7));
#1315 = CARTESIAN_POINT('',(44.,-98.3));
#1316 = ( GEOMETRIC_REPRESENTATION_CONTEXT(2) 
PARAMETRIC_REPRESENTATION_CONTEXT() REPRESENTATION_CONTEXT('2D SPACE',''
  ) );
#1317 = PCURVE('',#1318,#1323);
#1318 = PLANE('',#1319);
#1319 = AXIS2_PLACEMENT_3D('',#1320,#1321,#1322);
#1320 = CARTESIAN_POINT('',(288.5,100.,44.));
#1321 = DIRECTION('',(0.,0.,1.));
#1322 = DIRECTION('',(1.,0.,-0.));
#1323 = DEFINITIONAL_REPRESENTATION('',(#1324),#1327);
#1324 = B_SPLINE_CURVE_WITH_KNOTS('',1,(#1325,#1326),.UNSPECIFIED.,.F.,
  .F.,(2,2),(-51.7,-48.3),.PIECEWISE_BEZIER_KNOTS.);
#1325 = CARTESIAN_POINT('',(1.5,1.7));
#1326 = CARTESIAN_POINT('',(1.5,-1.7));
#1327 = ( GEOMETRIC_REPRESENTATION_CONTEXT(2) 
PARAMETRIC_REPRESENTATION_CONTEXT() REPRESENTATION_CONTEXT('2D SPACE',''
  ) );
#1328 = ORIENTED_EDGE('',*,*,#1329,.F.);
#1329 = EDGE_CURVE('',#1204,#1304,#1330,.T.);
#1330 = SURFACE_CURVE('',#1331,(#1335,#1341),.PCURVE_S1.);
#1331 = LINE('',#1332,#1333);
#1332 = CARTESIAN_POINT('',(290.,99.2,44.));
#1333 = VECTOR('',#1334,1.);
#1334 = DIRECTION('',(-0.,-0.,-1.));
#1335 = PCURVE('',#98,#1336);
#1336 = DEFINITIONAL_REPRESENTATION('',(#1337),#1340);
#1337 = B_SPLINE_CURVE_WITH_KNOTS('',1,(#1338,#1339),.UNSPECIFIED.,.F.,
  .F.,(2,2),(-16.0000006,5.999999999062E-07),.PIECEWISE_BEZIER_KNOTS.);
#1338 = CARTESIAN_POINT('',(60.0000006,-99.2));
#1339 = CARTESIAN_POINT('',(43.9999994,-99.2));
#1340 = ( GEOMETRIC_REPRESENTATION_CONTEXT(2) 
PARAMETRIC_REPRESENTATION_CONTEXT() REPRESENTATION_CONTEXT('2D SPACE',''
  ) );
#1341 = PCURVE('',#1342,#1347);
#1342 = CYLINDRICAL_SURFACE('',#1343,1.7);
#1343 = AXIS2_PLACEMENT_3D('',#1344,#1345,#1346);
#1344 = CARTESIAN_POINT('',(288.5,100.,44.));
#1345 = DIRECTION('',(-0.,-0.,-1.));
#1346 = DIRECTION('',(1.,0.,0.));
#1347 = DEFINITIONAL_REPRESENTATION('',(#1348),#1351);
#1348 = B_SPLINE_CURVE_WITH_KNOTS('',1,(#1349,#1350),.UNSPECIFIED.,.F.,
  .F.,(2,2),(-16.0000006,5.999999999062E-07),.PIECEWISE_BEZIER_KNOTS.);
#1349 = CARTESIAN_POINT('',(-5.793227980926,-16.0000006));
#1350 = CARTESIAN_POINT('',(-5.793227980926,5.999999999062E-07));
#1351 = ( GEOMETRIC_REPRESENTATION_CONTEXT(2) 
PARAMETRIC_REPRESENTATION_CONTEXT() REPRESENTATION_CONTEXT('2D SPACE',''
  ) );
#1352 = ADVANCED_FACE('',(#1353),#70,.T.);
#1353 = FACE_BOUND('',#1354,.T.);
#1354 = EDGE_LOOP('',(#1355,#1383,#1384,#1385,#1386,#1407));
#1355 = ORIENTED_EDGE('',*,*,#1356,.T.);
#1356 = EDGE_CURVE('',#1357,#1255,#1359,.T.);
#1357 = VERTEX_POINT('',#1358);
#1358 = CARTESIAN_POINT('',(288.,101.62480768093,58.));
#1359 = SURFACE_CURVE('',#1360,(#1365,#1376),.PCURVE_S1.);
#1360 = CIRCLE('',#1361,1.7);
#1361 = AXIS2_PLACEMENT_3D('',#1362,#1363,#1364);
#1362 = CARTESIAN_POINT('',(288.5,100.,58.));
#1363 = DIRECTION('',(0.,0.,-1.));
#1364 = DIRECTION('',(1.,0.,0.));
#1365 = PCURVE('',#70,#1366);
#1366 = DEFINITIONAL_REPRESENTATION('',(#1367),#1375);
#1367 = ( BOUNDED_CURVE() B_SPLINE_CURVE(2,(#1368,#1369,#1370,#1371,
#1372,#1373,#1374),.UNSPECIFIED.,.T.,.F.) B_SPLINE_CURVE_WITH_KNOTS((1,2
    ,2,2,2,1),(-2.094395102393,0.,2.094395102393,4.188790204786,
6.28318530718,8.377580409573),.UNSPECIFIED.) CURVE() 
GEOMETRIC_REPRESENTATION_ITEM() RATIONAL_B_SPLINE_CURVE((1.,0.5,1.,0.5,
1.,0.5,1.)) REPRESENTATION_ITEM('') );
#1368 = CARTESIAN_POINT('',(290.2,100.));
#1369 = CARTESIAN_POINT('',(290.2,97.055513627133));
#1370 = CARTESIAN_POINT('',(287.65,98.527756813566));
#1371 = CARTESIAN_POINT('',(285.1,100.));
#1372 = CARTESIAN_POINT('',(287.65,101.47224318643));
#1373 = CARTESIAN_POINT('',(290.2,102.94448637286));
#1374 = CARTESIAN_POINT('',(290.2,100.));
#1375 = ( GEOMETRIC_REPRESENTATION_CONTEXT(2) 
PARAMETRIC_REPRESENTATION_CONTEXT() REPRESENTATION_CONTEXT('2D SPACE',''
  ) );
#1376 = PCURVE('',#1292,#1377);
#1377 = DEFINITIONAL_REPRESENTATION('',(#1378),#1382);
#1378 = LINE('',#1379,#1380);
#1379 = CARTESIAN_POINT('',(-6.28318530718,-14.));
#1380 = VECTOR('',#1381,1.);
#1381 = DIRECTION('',(1.,-0.));
#1382 = ( GEOMETRIC_REPRESENTATION_CONTEXT(2) 
PARAMETRIC_REPRESENTATION_CONTEXT() REPRESENTATION_CONTEXT('2D SPACE',''
  ) );
#1383 = ORIENTED_EDGE('',*,*,#1254,.T.);
#1384 = ORIENTED_EDGE('',*,*,#54,.F.);
#1385 = ORIENTED_EDGE('',*,*,#675,.T.);
#1386 = ORIENTED_EDGE('',*,*,#1387,.T.);
#1387 = EDGE_CURVE('',#650,#1388,#1390,.T.);
#1388 = VERTEX_POINT('',#1389);
#1389 = CARTESIAN_POINT('',(288.,198.,58.));
#1390 = SURFACE_CURVE('',#1391,(#1395,#1401),.PCURVE_S1.);
#1391 = LINE('',#1392,#1393);
#1392 = CARTESIAN_POINT('',(144.,198.,58.));
#1393 = VECTOR('',#1394,1.);
#1394 = DIRECTION('',(1.,0.,-0.));
#1395 = PCURVE('',#70,#1396);
#1396 = DEFINITIONAL_REPRESENTATION('',(#1397),#1400);
#1397 = B_SPLINE_CURVE_WITH_KNOTS('',1,(#1398,#1399),.UNSPECIFIED.,.F.,
  .F.,(2,2),(-142.,144.),.PIECEWISE_BEZIER_KNOTS.);
#1398 = CARTESIAN_POINT('',(2.,198.));
#1399 = CARTESIAN_POINT('',(288.,198.));
#1400 = ( GEOMETRIC_REPRESENTATION_CONTEXT(2) 
PARAMETRIC_REPRESENTATION_CONTEXT() REPRESENTATION_CONTEXT('2D SPACE',''
  ) );
#1401 = PCURVE('',#664,#1402);
#1402 = DEFINITIONAL_REPRESENTATION('',(#1403),#1406);
#1403 = B_SPLINE_CURVE_WITH_KNOTS('',1,(#1404,#1405),.UNSPECIFIED.,.F.,
  .F.,(2,2),(-142.,144.),.PIECEWISE_BEZIER_KNOTS.);
#1404 = CARTESIAN_POINT('',(286.,-4.));
#1405 = CARTESIAN_POINT('',(0.,-4.));
#1406 = ( GEOMETRIC_REPRESENTATION_CONTEXT(2) 
PARAMETRIC_REPRESENTATION_CONTEXT() REPRESENTATION_CONTEXT('2D SPACE',''
  ) );
#1407 = ORIENTED_EDGE('',*,*,#1408,.T.);
#1408 = EDGE_CURVE('',#1388,#1357,#1409,.T.);
#1409 = SURFACE_CURVE('',#1410,(#1414,#1420),.PCURVE_S1.);
#1410 = LINE('',#1411,#1412);
#1411 = CARTESIAN_POINT('',(288.,1.,58.));
#1412 = VECTOR('',#1413,1.);
#1413 = DIRECTION('',(0.,-1.,0.));
#1414 = PCURVE('',#70,#1415);
#1415 = DEFINITIONAL_REPRESENTATION('',(#1416),#1419);
#1416 = B_SPLINE_CURVE_WITH_KNOTS('',1,(#1417,#1418),.UNSPECIFIED.,.F.,
  .F.,(2,2),(-197.,-1.),.PIECEWISE_BEZIER_KNOTS.);
#1417 = CARTESIAN_POINT('',(288.,198.));
#1418 = CARTESIAN_POINT('',(288.,2.));
#1419 = ( GEOMETRIC_REPRESENTATION_CONTEXT(2) 
PARAMETRIC_REPRESENTATION_CONTEXT() REPRESENTATION_CONTEXT('2D SPACE',''
  ) );
#1420 = PCURVE('',#1421,#1426);
#1421 = PLANE('',#1422);
#1422 = AXIS2_PLACEMENT_3D('',#1423,#1424,#1425);
#1423 = CARTESIAN_POINT('',(288.,2.,54.));
#1424 = DIRECTION('',(-1.,0.,0.));
#1425 = DIRECTION('',(0.,1.,0.));
#1426 = DEFINITIONAL_REPRESENTATION('',(#1427),#1430);
#1427 = B_SPLINE_CURVE_WITH_KNOTS('',1,(#1428,#1429),.UNSPECIFIED.,.F.,
  .F.,(2,2),(-197.,-1.),.PIECEWISE_BEZIER_KNOTS.);
#1428 = CARTESIAN_POINT('',(196.,-4.));
#1429 = CARTESIAN_POINT('',(0.,-4.));
#1430 = ( GEOMETRIC_REPRESENTATION_CONTEXT(2) 
PARAMETRIC_REPRESENTATION_CONTEXT() REPRESENTATION_CONTEXT('2D SPACE',''
  ) );
#1431 = ADVANCED_FACE('',(#1432),#261,.F.);
#1432 = FACE_BOUND('',#1433,.F.);
#1433 = EDGE_LOOP('',(#1434,#1457,#1478,#1499));
#1434 = ORIENTED_EDGE('',*,*,#1435,.F.);
#1435 = EDGE_CURVE('',#1436,#245,#1438,.T.);
#1436 = VERTEX_POINT('',#1437);
#1437 = CARTESIAN_POINT('',(163.71428571428,197.,45.5));
#1438 = SURFACE_CURVE('',#1439,(#1443,#1450),.PCURVE_S1.);
#1439 = LINE('',#1440,#1441);
#1440 = CARTESIAN_POINT('',(163.71428571428,195.5,45.5));
#1441 = VECTOR('',#1442,1.);
#1442 = DIRECTION('',(0.,1.,0.));
#1443 = PCURVE('',#261,#1444);
#1444 = DEFINITIONAL_REPRESENTATION('',(#1445),#1449);
#1445 = LINE('',#1446,#1447);
#1446 = CARTESIAN_POINT('',(0.,0.));
#1447 = VECTOR('',#1448,1.);
#1448 = DIRECTION('',(0.,1.));
#1449 = ( GEOMETRIC_REPRESENTATION_CONTEXT(2) 
PARAMETRIC_REPRESENTATION_CONTEXT() REPRESENTATION_CONTEXT('2D SPACE',''
  ) );
#1450 = PCURVE('',#287,#1451);
#1451 = DEFINITIONAL_REPRESENTATION('',(#1452),#1456);
#1452 = LINE('',#1453,#1454);
#1453 = CARTESIAN_POINT('',(30.,0.));
#1454 = VECTOR('',#1455,1.);
#1455 = DIRECTION('',(0.,-1.));
#1456 = ( GEOMETRIC_REPRESENTATION_CONTEXT(2) 
PARAMETRIC_REPRESENTATION_CONTEXT() REPRESENTATION_CONTEXT('2D SPACE',''
  ) );
#1457 = ORIENTED_EDGE('',*,*,#1458,.T.);
#1458 = EDGE_CURVE('',#1436,#1459,#1461,.T.);
#1459 = VERTEX_POINT('',#1460);
#1460 = CARTESIAN_POINT('',(167.71428571428,197.,45.5));
#1461 = SURFACE_CURVE('',#1462,(#1466,#1472),.PCURVE_S1.);
#1462 = LINE('',#1463,#1464);
#1463 = CARTESIAN_POINT('',(83.357142857143,197.,45.5));
#1464 = VECTOR('',#1465,1.);
#1465 = DIRECTION('',(1.,0.,0.));
#1466 = PCURVE('',#261,#1467);
#1467 = DEFINITIONAL_REPRESENTATION('',(#1468),#1471);
#1468 = B_SPLINE_CURVE_WITH_KNOTS('',1,(#1469,#1470),.UNSPECIFIED.,.F.,
  .F.,(2,2),(80.357142857143,84.357142857143),.PIECEWISE_BEZIER_KNOTS.);
#1469 = CARTESIAN_POINT('',(0.,1.5));
#1470 = CARTESIAN_POINT('',(4.,1.5));
#1471 = ( GEOMETRIC_REPRESENTATION_CONTEXT(2) 
PARAMETRIC_REPRESENTATION_CONTEXT() REPRESENTATION_CONTEXT('2D SPACE',''
  ) );
#1472 = PCURVE('',#606,#1473);
#1473 = DEFINITIONAL_REPRESENTATION('',(#1474),#1477);
#1474 = B_SPLINE_CURVE_WITH_KNOTS('',1,(#1475,#1476),.UNSPECIFIED.,.F.,
  .F.,(2,2),(80.357142857143,84.357142857143),.PIECEWISE_BEZIER_KNOTS.);
#1475 = CARTESIAN_POINT('',(42.5,160.71428571428));
#1476 = CARTESIAN_POINT('',(42.5,164.71428571428));
#1477 = ( GEOMETRIC_REPRESENTATION_CONTEXT(2) 
PARAMETRIC_REPRESENTATION_CONTEXT() REPRESENTATION_CONTEXT('2D SPACE',''
  ) );
#1478 = ORIENTED_EDGE('',*,*,#1479,.T.);
#1479 = EDGE_CURVE('',#1459,#247,#1480,.T.);
#1480 = SURFACE_CURVE('',#1481,(#1485,#1492),.PCURVE_S1.);
#1481 = LINE('',#1482,#1483);
#1482 = CARTESIAN_POINT('',(167.71428571428,195.5,45.5));
#1483 = VECTOR('',#1484,1.);
#1484 = DIRECTION('',(0.,1.,0.));
#1485 = PCURVE('',#261,#1486);
#1486 = DEFINITIONAL_REPRESENTATION('',(#1487),#1491);
#1487 = LINE('',#1488,#1489);
#1488 = CARTESIAN_POINT('',(4.,0.));
#1489 = VECTOR('',#1490,1.);
#1490 = DIRECTION('',(0.,1.));
#1491 = ( GEOMETRIC_REPRESENTATION_CONTEXT(2) 
PARAMETRIC_REPRESENTATION_CONTEXT() REPRESENTATION_CONTEXT('2D SPACE',''
  ) );
#1492 = PCURVE('',#337,#1493);
#1493 = DEFINITIONAL_REPRESENTATION('',(#1494),#1498);
#1494 = LINE('',#1495,#1496);
#1495 = CARTESIAN_POINT('',(30.,0.));
#1496 = VECTOR('',#1497,1.);
#1497 = DIRECTION('',(0.,-1.));
#1498 = ( GEOMETRIC_REPRESENTATION_CONTEXT(2) 
PARAMETRIC_REPRESENTATION_CONTEXT() REPRESENTATION_CONTEXT('2D SPACE',''
  ) );
#1499 = ORIENTED_EDGE('',*,*,#244,.F.);
#1500 = ADVANCED_FACE('',(#1501),#287,.T.);
#1501 = FACE_BOUND('',#1502,.T.);
#1502 = EDGE_LOOP('',(#1503,#1504,#1525,#1546));
#1503 = ORIENTED_EDGE('',*,*,#1435,.F.);
#1504 = ORIENTED_EDGE('',*,*,#1505,.T.);
#1505 = EDGE_CURVE('',#1436,#1506,#1508,.T.);
#1506 = VERTEX_POINT('',#1507);
#1507 = CARTESIAN_POINT('',(163.71428571428,197.,15.5));
#1508 = SURFACE_CURVE('',#1509,(#1513,#1519),.PCURVE_S1.);
#1509 = LINE('',#1510,#1511);
#1510 = CARTESIAN_POINT('',(163.71428571428,197.,9.25));
#1511 = VECTOR('',#1512,1.);
#1512 = DIRECTION('',(0.,0.,-1.));
#1513 = PCURVE('',#287,#1514);
#1514 = DEFINITIONAL_REPRESENTATION('',(#1515),#1518);
#1515 = B_SPLINE_CURVE_WITH_KNOTS('',1,(#1516,#1517),.UNSPECIFIED.,.F.,
  .F.,(2,2),(-36.25,-6.25),.PIECEWISE_BEZIER_KNOTS.);
#1516 = CARTESIAN_POINT('',(30.,-1.5));
#1517 = CARTESIAN_POINT('',(0.,-1.5));
#1518 = ( GEOMETRIC_REPRESENTATION_CONTEXT(2) 
PARAMETRIC_REPRESENTATION_CONTEXT() REPRESENTATION_CONTEXT('2D SPACE',''
  ) );
#1519 = PCURVE('',#606,#1520);
#1520 = DEFINITIONAL_REPRESENTATION('',(#1521),#1524);
#1521 = B_SPLINE_CURVE_WITH_KNOTS('',1,(#1522,#1523),.UNSPECIFIED.,.F.,
  .F.,(2,2),(-36.25,-6.25),.PIECEWISE_BEZIER_KNOTS.);
#1522 = CARTESIAN_POINT('',(42.5,160.71428571428));
#1523 = CARTESIAN_POINT('',(12.5,160.71428571428));
#1524 = ( GEOMETRIC_REPRESENTATION_CONTEXT(2) 
PARAMETRIC_REPRESENTATION_CONTEXT() REPRESENTATION_CONTEXT('2D SPACE',''
  ) );
#1525 = ORIENTED_EDGE('',*,*,#1526,.T.);
#1526 = EDGE_CURVE('',#1506,#273,#1527,.T.);
#1527 = SURFACE_CURVE('',#1528,(#1532,#1539),.PCURVE_S1.);
#1528 = LINE('',#1529,#1530);
#1529 = CARTESIAN_POINT('',(163.71428571428,195.5,15.5));
#1530 = VECTOR('',#1531,1.);
#1531 = DIRECTION('',(0.,1.,0.));
#1532 = PCURVE('',#287,#1533);
#1533 = DEFINITIONAL_REPRESENTATION('',(#1534),#1538);
#1534 = LINE('',#1535,#1536);
#1535 = CARTESIAN_POINT('',(0.,0.));
#1536 = VECTOR('',#1537,1.);
#1537 = DIRECTION('',(0.,-1.));
#1538 = ( GEOMETRIC_REPRESENTATION_CONTEXT(2) 
PARAMETRIC_REPRESENTATION_CONTEXT() REPRESENTATION_CONTEXT('2D SPACE',''
  ) );
#1539 = PCURVE('',#313,#1540);
#1540 = DEFINITIONAL_REPRESENTATION('',(#1541),#1545);
#1541 = LINE('',#1542,#1543);
#1542 = CARTESIAN_POINT('',(0.,0.));
#1543 = VECTOR('',#1544,1.);
#1544 = DIRECTION('',(0.,1.));
#1545 = ( GEOMETRIC_REPRESENTATION_CONTEXT(2) 
PARAMETRIC_REPRESENTATION_CONTEXT() REPRESENTATION_CONTEXT('2D SPACE',''
  ) );
#1546 = ORIENTED_EDGE('',*,*,#272,.F.);
#1547 = ADVANCED_FACE('',(#1548),#337,.F.);
#1548 = FACE_BOUND('',#1549,.F.);
#1549 = EDGE_LOOP('',(#1550,#1551,#1572,#1593));
#1550 = ORIENTED_EDGE('',*,*,#1479,.F.);
#1551 = ORIENTED_EDGE('',*,*,#1552,.T.);
#1552 = EDGE_CURVE('',#1459,#1553,#1555,.T.);
#1553 = VERTEX_POINT('',#1554);
#1554 = CARTESIAN_POINT('',(167.71428571428,197.,15.5));
#1555 = SURFACE_CURVE('',#1556,(#1560,#1566),.PCURVE_S1.);
#1556 = LINE('',#1557,#1558);
#1557 = CARTESIAN_POINT('',(167.71428571428,197.,9.25));
#1558 = VECTOR('',#1559,1.);
#1559 = DIRECTION('',(0.,0.,-1.));
#1560 = PCURVE('',#337,#1561);
#1561 = DEFINITIONAL_REPRESENTATION('',(#1562),#1565);
#1562 = B_SPLINE_CURVE_WITH_KNOTS('',1,(#1563,#1564),.UNSPECIFIED.,.F.,
  .F.,(2,2),(-36.25,-6.25),.PIECEWISE_BEZIER_KNOTS.);
#1563 = CARTESIAN_POINT('',(30.,-1.5));
#1564 = CARTESIAN_POINT('',(0.,-1.5));
#1565 = ( GEOMETRIC_REPRESENTATION_CONTEXT(2) 
PARAMETRIC_REPRESENTATION_CONTEXT() REPRESENTATION_CONTEXT('2D SPACE',''
  ) );
#1566 = PCURVE('',#606,#1567);
#1567 = DEFINITIONAL_REPRESENTATION('',(#1568),#1571);
#1568 = B_SPLINE_CURVE_WITH_KNOTS('',1,(#1569,#1570),.UNSPECIFIED.,.F.,
  .F.,(2,2),(-36.25,-6.25),.PIECEWISE_BEZIER_KNOTS.);
#1569 = CARTESIAN_POINT('',(42.5,164.71428571428));
#1570 = CARTESIAN_POINT('',(12.5,164.71428571428));
#1571 = ( GEOMETRIC_REPRESENTATION_CONTEXT(2) 
PARAMETRIC_REPRESENTATION_CONTEXT() REPRESENTATION_CONTEXT('2D SPACE',''
  ) );
#1572 = ORIENTED_EDGE('',*,*,#1573,.T.);
#1573 = EDGE_CURVE('',#1553,#299,#1574,.T.);
#1574 = SURFACE_CURVE('',#1575,(#1579,#1586),.PCURVE_S1.);
#1575 = LINE('',#1576,#1577);
#1576 = CARTESIAN_POINT('',(167.71428571428,195.5,15.5));
#1577 = VECTOR('',#1578,1.);
#1578 = DIRECTION('',(0.,1.,0.));
#1579 = PCURVE('',#337,#1580);
#1580 = DEFINITIONAL_REPRESENTATION('',(#1581),#1585);
#1581 = LINE('',#1582,#1583);
#1582 = CARTESIAN_POINT('',(0.,0.));
#1583 = VECTOR('',#1584,1.);
#1584 = DIRECTION('',(0.,-1.));
#1585 = ( GEOMETRIC_REPRESENTATION_CONTEXT(2) 
PARAMETRIC_REPRESENTATION_CONTEXT() REPRESENTATION_CONTEXT('2D SPACE',''
  ) );
#1586 = PCURVE('',#313,#1587);
#1587 = DEFINITIONAL_REPRESENTATION('',(#1588),#1592);
#1588 = LINE('',#1589,#1590);
#1589 = CARTESIAN_POINT('',(4.,0.));
#1590 = VECTOR('',#1591,1.);
#1591 = DIRECTION('',(0.,1.));
#1592 = ( GEOMETRIC_REPRESENTATION_CONTEXT(2) 
PARAMETRIC_REPRESENTATION_CONTEXT() REPRESENTATION_CONTEXT('2D SPACE',''
  ) );
#1593 = ORIENTED_EDGE('',*,*,#324,.F.);
#1594 = ADVANCED_FACE('',(#1595),#313,.T.);
#1595 = FACE_BOUND('',#1596,.T.);
#1596 = EDGE_LOOP('',(#1597,#1598,#1617,#1618));
#1597 = ORIENTED_EDGE('',*,*,#1526,.F.);
#1598 = ORIENTED_EDGE('',*,*,#1599,.T.);
#1599 = EDGE_CURVE('',#1506,#1553,#1600,.T.);
#1600 = SURFACE_CURVE('',#1601,(#1605,#1611),.PCURVE_S1.);
#1601 = LINE('',#1602,#1603);
#1602 = CARTESIAN_POINT('',(83.357142857143,197.,15.5));
#1603 = VECTOR('',#1604,1.);
#1604 = DIRECTION('',(1.,0.,0.));
#1605 = PCURVE('',#313,#1606);
#1606 = DEFINITIONAL_REPRESENTATION('',(#1607),#1610);
#1607 = B_SPLINE_CURVE_WITH_KNOTS('',1,(#1608,#1609),.UNSPECIFIED.,.F.,
  .F.,(2,2),(80.357142857143,84.357142857143),.PIECEWISE_BEZIER_KNOTS.);
#1608 = CARTESIAN_POINT('',(0.,1.5));
#1609 = CARTESIAN_POINT('',(4.,1.5));
#1610 = ( GEOMETRIC_REPRESENTATION_CONTEXT(2) 
PARAMETRIC_REPRESENTATION_CONTEXT() REPRESENTATION_CONTEXT('2D SPACE',''
  ) );
#1611 = PCURVE('',#606,#1612);
#1612 = DEFINITIONAL_REPRESENTATION('',(#1613),#1616);
#1613 = B_SPLINE_CURVE_WITH_KNOTS('',1,(#1614,#1615),.UNSPECIFIED.,.F.,
  .F.,(2,2),(80.357142857143,84.357142857143),.PIECEWISE_BEZIER_KNOTS.);
#1614 = CARTESIAN_POINT('',(12.5,160.71428571428));
#1615 = CARTESIAN_POINT('',(12.5,164.71428571428));
#1616 = ( GEOMETRIC_REPRESENTATION_CONTEXT(2) 
PARAMETRIC_REPRESENTATION_CONTEXT() REPRESENTATION_CONTEXT('2D SPACE',''
  ) );
#1617 = ORIENTED_EDGE('',*,*,#1573,.T.);
#1618 = ORIENTED_EDGE('',*,*,#298,.F.);
#1619 = ADVANCED_FACE('',(#1620),#367,.F.);
#1620 = FACE_BOUND('',#1621,.F.);
#1621 = EDGE_LOOP('',(#1622,#1645,#1666,#1687));
#1622 = ORIENTED_EDGE('',*,*,#1623,.F.);
#1623 = EDGE_CURVE('',#1624,#351,#1626,.T.);
#1624 = VERTEX_POINT('',#1625);
#1625 = CARTESIAN_POINT('',(205.14285714285,197.,45.5));
#1626 = SURFACE_CURVE('',#1627,(#1631,#1638),.PCURVE_S1.);
#1627 = LINE('',#1628,#1629);
#1628 = CARTESIAN_POINT('',(205.14285714285,195.5,45.5));
#1629 = VECTOR('',#1630,1.);
#1630 = DIRECTION('',(0.,1.,0.));
#1631 = PCURVE('',#367,#1632);
#1632 = DEFINITIONAL_REPRESENTATION('',(#1633),#1637);
#1633 = LINE('',#1634,#1635);
#1634 = CARTESIAN_POINT('',(0.,0.));
#1635 = VECTOR('',#1636,1.);
#1636 = DIRECTION('',(0.,1.));
#1637 = ( GEOMETRIC_REPRESENTATION_CONTEXT(2) 
PARAMETRIC_REPRESENTATION_CONTEXT() REPRESENTATION_CONTEXT('2D SPACE',''
  ) );
#1638 = PCURVE('',#393,#1639);
#1639 = DEFINITIONAL_REPRESENTATION('',(#1640),#1644);
#1640 = LINE('',#1641,#1642);
#1641 = CARTESIAN_POINT('',(30.,0.));
#1642 = VECTOR('',#1643,1.);
#1643 = DIRECTION('',(0.,-1.));
#1644 = ( GEOMETRIC_REPRESENTATION_CONTEXT(2) 
PARAMETRIC_REPRESENTATION_CONTEXT() REPRESENTATION_CONTEXT('2D SPACE',''
  ) );
#1645 = ORIENTED_EDGE('',*,*,#1646,.T.);
#1646 = EDGE_CURVE('',#1624,#1647,#1649,.T.);
#1647 = VERTEX_POINT('',#1648);
#1648 = CARTESIAN_POINT('',(209.14285714285,197.,45.5));
#1649 = SURFACE_CURVE('',#1650,(#1654,#1660),.PCURVE_S1.);
#1650 = LINE('',#1651,#1652);
#1651 = CARTESIAN_POINT('',(104.07142857142,197.,45.5));
#1652 = VECTOR('',#1653,1.);
#1653 = DIRECTION('',(1.,0.,0.));
#1654 = PCURVE('',#367,#1655);
#1655 = DEFINITIONAL_REPRESENTATION('',(#1656),#1659);
#1656 = B_SPLINE_CURVE_WITH_KNOTS('',1,(#1657,#1658),.UNSPECIFIED.,.F.,
  .F.,(2,2),(101.07142857142,105.07142857142),.PIECEWISE_BEZIER_KNOTS.);
#1657 = CARTESIAN_POINT('',(0.,1.5));
#1658 = CARTESIAN_POINT('',(4.,1.5));
#1659 = ( GEOMETRIC_REPRESENTATION_CONTEXT(2) 
PARAMETRIC_REPRESENTATION_CONTEXT() REPRESENTATION_CONTEXT('2D SPACE',''
  ) );
#1660 = PCURVE('',#606,#1661);
#1661 = DEFINITIONAL_REPRESENTATION('',(#1662),#1665);
#1662 = B_SPLINE_CURVE_WITH_KNOTS('',1,(#1663,#1664),.UNSPECIFIED.,.F.,
  .F.,(2,2),(101.07142857142,105.07142857142),.PIECEWISE_BEZIER_KNOTS.);
#1663 = CARTESIAN_POINT('',(42.5,202.14285714285));
#1664 = CARTESIAN_POINT('',(42.5,206.14285714285));
#1665 = ( GEOMETRIC_REPRESENTATION_CONTEXT(2) 
PARAMETRIC_REPRESENTATION_CONTEXT() REPRESENTATION_CONTEXT('2D SPACE',''
  ) );
#1666 = ORIENTED_EDGE('',*,*,#1667,.T.);
#1667 = EDGE_CURVE('',#1647,#353,#1668,.T.);
#1668 = SURFACE_CURVE('',#1669,(#1673,#1680),.PCURVE_S1.);
#1669 = LINE('',#1670,#1671);
#1670 = CARTESIAN_POINT('',(209.14285714285,195.5,45.5));
#1671 = VECTOR('',#1672,1.);
#1672 = DIRECTION('',(0.,1.,0.));
#1673 = PCURVE('',#367,#1674);
#1674 = DEFINITIONAL_REPRESENTATION('',(#1675),#1679);
#1675 = LINE('',#1676,#1677);
#1676 = CARTESIAN_POINT('',(4.,0.));
#1677 = VECTOR('',#1678,1.);
#1678 = DIRECTION('',(0.,1.));
#1679 = ( GEOMETRIC_REPRESENTATION_CONTEXT(2) 
PARAMETRIC_REPRESENTATION_CONTEXT() REPRESENTATION_CONTEXT('2D SPACE',''
  ) );
#1680 = PCURVE('',#443,#1681);
#1681 = DEFINITIONAL_REPRESENTATION('',(#1682),#1686);
#1682 = LINE('',#1683,#1684);
#1683 = CARTESIAN_POINT('',(30.,0.));
#1684 = VECTOR('',#1685,1.);
#1685 = DIRECTION('',(0.,-1.));
#1686 = ( GEOMETRIC_REPRESENTATION_CONTEXT(2) 
PARAMETRIC_REPRESENTATION_CONTEXT() REPRESENTATION_CONTEXT('2D SPACE',''
  ) );
#1687 = ORIENTED_EDGE('',*,*,#350,.F.);
#1688 = ADVANCED_FACE('',(#1689),#393,.T.);
#1689 = FACE_BOUND('',#1690,.T.);
#1690 = EDGE_LOOP('',(#1691,#1692,#1713,#1734));
#1691 = ORIENTED_EDGE('',*,*,#1623,.F.);
#1692 = ORIENTED_EDGE('',*,*,#1693,.T.);
#1693 = EDGE_CURVE('',#1624,#1694,#1696,.T.);
#1694 = VERTEX_POINT('',#1695);
#1695 = CARTESIAN_POINT('',(205.14285714285,197.,15.5));
#1696 = SURFACE_CURVE('',#1697,(#1701,#1707),.PCURVE_S1.);
#1697 = LINE('',#1698,#1699);
#1698 = CARTESIAN_POINT('',(205.14285714285,197.,9.25));
#1699 = VECTOR('',#1700,1.);
#1700 = DIRECTION('',(0.,0.,-1.));
#1701 = PCURVE('',#393,#1702);
#1702 = DEFINITIONAL_REPRESENTATION('',(#1703),#1706);
#1703 = B_SPLINE_CURVE_WITH_KNOTS('',1,(#1704,#1705),.UNSPECIFIED.,.F.,
  .F.,(2,2),(-36.25,-6.25),.PIECEWISE_BEZIER_KNOTS.);
#1704 = CARTESIAN_POINT('',(30.,-1.5));
#1705 = CARTESIAN_POINT('',(0.,-1.5));
#1706 = ( GEOMETRIC_REPRESENTATION_CONTEXT(2) 
PARAMETRIC_REPRESENTATION_CONTEXT() REPRESENTATION_CONTEXT('2D SPACE',''
  ) );
#1707 = PCURVE('',#606,#1708);
#1708 = DEFINITIONAL_REPRESENTATION('',(#1709),#1712);
#1709 = B_SPLINE_CURVE_WITH_KNOTS('',1,(#1710,#1711),.UNSPECIFIED.,.F.,
  .F.,(2,2),(-36.25,-6.25),.PIECEWISE_BEZIER_KNOTS.);
#1710 = CARTESIAN_POINT('',(42.5,202.14285714285));
#1711 = CARTESIAN_POINT('',(12.5,202.14285714285));
#1712 = ( GEOMETRIC_REPRESENTATION_CONTEXT(2) 
PARAMETRIC_REPRESENTATION_CONTEXT() REPRESENTATION_CONTEXT('2D SPACE',''
  ) );
#1713 = ORIENTED_EDGE('',*,*,#1714,.T.);
#1714 = EDGE_CURVE('',#1694,#379,#1715,.T.);
#1715 = SURFACE_CURVE('',#1716,(#1720,#1727),.PCURVE_S1.);
#1716 = LINE('',#1717,#1718);
#1717 = CARTESIAN_POINT('',(205.14285714285,195.5,15.5));
#1718 = VECTOR('',#1719,1.);
#1719 = DIRECTION('',(0.,1.,0.));
#1720 = PCURVE('',#393,#1721);
#1721 = DEFINITIONAL_REPRESENTATION('',(#1722),#1726);
#1722 = LINE('',#1723,#1724);
#1723 = CARTESIAN_POINT('',(0.,0.));
#1724 = VECTOR('',#1725,1.);
#1725 = DIRECTION('',(0.,-1.));
#1726 = ( GEOMETRIC_REPRESENTATION_CONTEXT(2) 
PARAMETRIC_REPRESENTATION_CONTEXT() REPRESENTATION_CONTEXT('2D SPACE',''
  ) );
#1727 = PCURVE('',#419,#1728);
#1728 = DEFINITIONAL_REPRESENTATION('',(#1729),#1733);
#1729 = LINE('',#1730,#1731);
#1730 = CARTESIAN_POINT('',(0.,0.));
#1731 = VECTOR('',#1732,1.);
#1732 = DIRECTION('',(0.,1.));
#1733 = ( GEOMETRIC_REPRESENTATION_CONTEXT(2) 
PARAMETRIC_REPRESENTATION_CONTEXT() REPRESENTATION_CONTEXT('2D SPACE',''
  ) );
#1734 = ORIENTED_EDGE('',*,*,#378,.F.);
#1735 = ADVANCED_FACE('',(#1736),#443,.F.);
#1736 = FACE_BOUND('',#1737,.F.);
#1737 = EDGE_LOOP('',(#1738,#1739,#1760,#1781));
#1738 = ORIENTED_EDGE('',*,*,#1667,.F.);
#1739 = ORIENTED_EDGE('',*,*,#1740,.T.);
#1740 = EDGE_CURVE('',#1647,#1741,#1743,.T.);
#1741 = VERTEX_POINT('',#1742);
#1742 = CARTESIAN_POINT('',(209.14285714285,197.,15.5));
#1743 = SURFACE_CURVE('',#1744,(#1748,#1754),.PCURVE_S1.);
#1744 = LINE('',#1745,#1746);
#1745 = CARTESIAN_POINT('',(209.14285714285,197.,9.25));
#1746 = VECTOR('',#1747,1.);
#1747 = DIRECTION('',(0.,0.,-1.));
#1748 = PCURVE('',#443,#1749);
#1749 = DEFINITIONAL_REPRESENTATION('',(#1750),#1753);
#1750 = B_SPLINE_CURVE_WITH_KNOTS('',1,(#1751,#1752),.UNSPECIFIED.,.F.,
  .F.,(2,2),(-36.25,-6.25),.PIECEWISE_BEZIER_KNOTS.);
#1751 = CARTESIAN_POINT('',(30.,-1.5));
#1752 = CARTESIAN_POINT('',(0.,-1.5));
#1753 = ( GEOMETRIC_REPRESENTATION_CONTEXT(2) 
PARAMETRIC_REPRESENTATION_CONTEXT() REPRESENTATION_CONTEXT('2D SPACE',''
  ) );
#1754 = PCURVE('',#606,#1755);
#1755 = DEFINITIONAL_REPRESENTATION('',(#1756),#1759);
#1756 = B_SPLINE_CURVE_WITH_KNOTS('',1,(#1757,#1758),.UNSPECIFIED.,.F.,
  .F.,(2,2),(-36.25,-6.25),.PIECEWISE_BEZIER_KNOTS.);
#1757 = CARTESIAN_POINT('',(42.5,206.14285714285));
#1758 = CARTESIAN_POINT('',(12.5,206.14285714285));
#1759 = ( GEOMETRIC_REPRESENTATION_CONTEXT(2) 
PARAMETRIC_REPRESENTATION_CONTEXT() REPRESENTATION_CONTEXT('2D SPACE',''
  ) );
#1760 = ORIENTED_EDGE('',*,*,#1761,.T.);
#1761 = EDGE_CURVE('',#1741,#405,#1762,.T.);
#1762 = SURFACE_CURVE('',#1763,(#1767,#1774),.PCURVE_S1.);
#1763 = LINE('',#1764,#1765);
#1764 = CARTESIAN_POINT('',(209.14285714285,195.5,15.5));
#1765 = VECTOR('',#1766,1.);
#1766 = DIRECTION('',(0.,1.,0.));
#1767 = PCURVE('',#443,#1768);
#1768 = DEFINITIONAL_REPRESENTATION('',(#1769),#1773);
#1769 = LINE('',#1770,#1771);
#1770 = CARTESIAN_POINT('',(0.,0.));
#1771 = VECTOR('',#1772,1.);
#1772 = DIRECTION('',(0.,-1.));
#1773 = ( GEOMETRIC_REPRESENTATION_CONTEXT(2) 
PARAMETRIC_REPRESENTATION_CONTEXT() REPRESENTATION_CONTEXT('2D SPACE',''
  ) );
#1774 = PCURVE('',#419,#1775);
#1775 = DEFINITIONAL_REPRESENTATION('',(#1776),#1780);
#1776 = LINE('',#1777,#1778);
#1777 = CARTESIAN_POINT('',(4.,0.));
#1778 = VECTOR('',#1779,1.);
#1779 = DIRECTION('',(0.,1.));
#1780 = ( GEOMETRIC_REPRESENTATION_CONTEXT(2) 
PARAMETRIC_REPRESENTATION_CONTEXT() REPRESENTATION_CONTEXT('2D SPACE',''
  ) );
#1781 = ORIENTED_EDGE('',*,*,#430,.F.);
#1782 = ADVANCED_FACE('',(#1783),#419,.T.);
#1783 = FACE_BOUND('',#1784,.T.);
#1784 = EDGE_LOOP('',(#1785,#1786,#1805,#1806));
#1785 = ORIENTED_EDGE('',*,*,#1714,.F.);
#1786 = ORIENTED_EDGE('',*,*,#1787,.T.);
#1787 = EDGE_CURVE('',#1694,#1741,#1788,.T.);
#1788 = SURFACE_CURVE('',#1789,(#1793,#1799),.PCURVE_S1.);
#1789 = LINE('',#1790,#1791);
#1790 = CARTESIAN_POINT('',(104.07142857142,197.,15.5));
#1791 = VECTOR('',#1792,1.);
#1792 = DIRECTION('',(1.,0.,0.));
#1793 = PCURVE('',#419,#1794);
#1794 = DEFINITIONAL_REPRESENTATION('',(#1795),#1798);
#1795 = B_SPLINE_CURVE_WITH_KNOTS('',1,(#1796,#1797),.UNSPECIFIED.,.F.,
  .F.,(2,2),(101.07142857142,105.07142857142),.PIECEWISE_BEZIER_KNOTS.);
#1796 = CARTESIAN_POINT('',(0.,1.5));
#1797 = CARTESIAN_POINT('',(4.,1.5));
#1798 = ( GEOMETRIC_REPRESENTATION_CONTEXT(2) 
PARAMETRIC_REPRESENTATION_CONTEXT() REPRESENTATION_CONTEXT('2D SPACE',''
  ) );
#1799 = PCURVE('',#606,#1800);
#1800 = DEFINITIONAL_REPRESENTATION('',(#1801),#1804);
#1801 = B_SPLINE_CURVE_WITH_KNOTS('',1,(#1802,#1803),.UNSPECIFIED.,.F.,
  .F.,(2,2),(101.07142857142,105.07142857142),.PIECEWISE_BEZIER_KNOTS.);
#1802 = CARTESIAN_POINT('',(12.5,202.14285714285));
#1803 = CARTESIAN_POINT('',(12.5,206.14285714285));
#1804 = ( GEOMETRIC_REPRESENTATION_CONTEXT(2) 
PARAMETRIC_REPRESENTATION_CONTEXT() REPRESENTATION_CONTEXT('2D SPACE',''
  ) );
#1805 = ORIENTED_EDGE('',*,*,#1761,.T.);
#1806 = ORIENTED_EDGE('',*,*,#404,.F.);
#1807 = ADVANCED_FACE('',(#1808),#473,.F.);
#1808 = FACE_BOUND('',#1809,.F.);
#1809 = EDGE_LOOP('',(#1810,#1833,#1854,#1875));
#1810 = ORIENTED_EDGE('',*,*,#1811,.F.);
#1811 = EDGE_CURVE('',#1812,#457,#1814,.T.);
#1812 = VERTEX_POINT('',#1813);
#1813 = CARTESIAN_POINT('',(246.57142857142,197.,45.5));
#1814 = SURFACE_CURVE('',#1815,(#1819,#1826),.PCURVE_S1.);
#1815 = LINE('',#1816,#1817);
#1816 = CARTESIAN_POINT('',(246.57142857142,195.5,45.5));
#1817 = VECTOR('',#1818,1.);
#1818 = DIRECTION('',(0.,1.,0.));
#1819 = PCURVE('',#473,#1820);
#1820 = DEFINITIONAL_REPRESENTATION('',(#1821),#1825);
#1821 = LINE('',#1822,#1823);
#1822 = CARTESIAN_POINT('',(0.,0.));
#1823 = VECTOR('',#1824,1.);
#1824 = DIRECTION('',(0.,1.));
#1825 = ( GEOMETRIC_REPRESENTATION_CONTEXT(2) 
PARAMETRIC_REPRESENTATION_CONTEXT() REPRESENTATION_CONTEXT('2D SPACE',''
  ) );
#1826 = PCURVE('',#499,#1827);
#1827 = DEFINITIONAL_REPRESENTATION('',(#1828),#1832);
#1828 = LINE('',#1829,#1830);
#1829 = CARTESIAN_POINT('',(30.,0.));
#1830 = VECTOR('',#1831,1.);
#1831 = DIRECTION('',(0.,-1.));
#1832 = ( GEOMETRIC_REPRESENTATION_CONTEXT(2) 
PARAMETRIC_REPRESENTATION_CONTEXT() REPRESENTATION_CONTEXT('2D SPACE',''
  ) );
#1833 = ORIENTED_EDGE('',*,*,#1834,.T.);
#1834 = EDGE_CURVE('',#1812,#1835,#1837,.T.);
#1835 = VERTEX_POINT('',#1836);
#1836 = CARTESIAN_POINT('',(250.57142857142,197.,45.5));
#1837 = SURFACE_CURVE('',#1838,(#1842,#1848),.PCURVE_S1.);
#1838 = LINE('',#1839,#1840);
#1839 = CARTESIAN_POINT('',(124.78571428571,197.,45.5));
#1840 = VECTOR('',#1841,1.);
#1841 = DIRECTION('',(1.,0.,0.));
#1842 = PCURVE('',#473,#1843);
#1843 = DEFINITIONAL_REPRESENTATION('',(#1844),#1847);
#1844 = B_SPLINE_CURVE_WITH_KNOTS('',1,(#1845,#1846),.UNSPECIFIED.,.F.,
  .F.,(2,2),(121.78571428571,125.78571428571),.PIECEWISE_BEZIER_KNOTS.);
#1845 = CARTESIAN_POINT('',(0.,1.5));
#1846 = CARTESIAN_POINT('',(4.,1.5));
#1847 = ( GEOMETRIC_REPRESENTATION_CONTEXT(2) 
PARAMETRIC_REPRESENTATION_CONTEXT() REPRESENTATION_CONTEXT('2D SPACE',''
  ) );
#1848 = PCURVE('',#606,#1849);
#1849 = DEFINITIONAL_REPRESENTATION('',(#1850),#1853);
#1850 = B_SPLINE_CURVE_WITH_KNOTS('',1,(#1851,#1852),.UNSPECIFIED.,.F.,
  .F.,(2,2),(121.78571428571,125.78571428571),.PIECEWISE_BEZIER_KNOTS.);
#1851 = CARTESIAN_POINT('',(42.5,243.57142857142));
#1852 = CARTESIAN_POINT('',(42.5,247.57142857142));
#1853 = ( GEOMETRIC_REPRESENTATION_CONTEXT(2) 
PARAMETRIC_REPRESENTATION_CONTEXT() REPRESENTATION_CONTEXT('2D SPACE',''
  ) );
#1854 = ORIENTED_EDGE('',*,*,#1855,.T.);
#1855 = EDGE_CURVE('',#1835,#459,#1856,.T.);
#1856 = SURFACE_CURVE('',#1857,(#1861,#1868),.PCURVE_S1.);
#1857 = LINE('',#1858,#1859);
#1858 = CARTESIAN_POINT('',(250.57142857142,195.5,45.5));
#1859 = VECTOR('',#1860,1.);
#1860 = DIRECTION('',(0.,1.,0.));
#1861 = PCURVE('',#473,#1862);
#1862 = DEFINITIONAL_REPRESENTATION('',(#1863),#1867);
#1863 = LINE('',#1864,#1865);
#1864 = CARTESIAN_POINT('',(4.,0.));
#1865 = VECTOR('',#1866,1.);
#1866 = DIRECTION('',(0.,1.));
#1867 = ( GEOMETRIC_REPRESENTATION_CONTEXT(2) 
PARAMETRIC_REPRESENTATION_CONTEXT() REPRESENTATION_CONTEXT('2D SPACE',''
  ) );
#1868 = PCURVE('',#549,#1869);
#1869 = DEFINITIONAL_REPRESENTATION('',(#1870),#1874);
#1870 = LINE('',#1871,#1872);
#1871 = CARTESIAN_POINT('',(30.,0.));
#1872 = VECTOR('',#1873,1.);
#1873 = DIRECTION('',(0.,-1.));
#1874 = ( GEOMETRIC_REPRESENTATION_CONTEXT(2) 
PARAMETRIC_REPRESENTATION_CONTEXT() REPRESENTATION_CONTEXT('2D SPACE',''
  ) );
#1875 = ORIENTED_EDGE('',*,*,#456,.F.);
#1876 = ADVANCED_FACE('',(#1877),#499,.T.);
#1877 = FACE_BOUND('',#1878,.T.);
#1878 = EDGE_LOOP('',(#1879,#1880,#1901,#1922));
#1879 = ORIENTED_EDGE('',*,*,#1811,.F.);
#1880 = ORIENTED_EDGE('',*,*,#1881,.T.);
#1881 = EDGE_CURVE('',#1812,#1882,#1884,.T.);
#1882 = VERTEX_POINT('',#1883);
#1883 = CARTESIAN_POINT('',(246.57142857142,197.,15.5));
#1884 = SURFACE_CURVE('',#1885,(#1889,#1895),.PCURVE_S1.);
#1885 = LINE('',#1886,#1887);
#1886 = CARTESIAN_POINT('',(246.57142857142,197.,9.25));
#1887 = VECTOR('',#1888,1.);
#1888 = DIRECTION('',(0.,0.,-1.));
#1889 = PCURVE('',#499,#1890);
#1890 = DEFINITIONAL_REPRESENTATION('',(#1891),#1894);
#1891 = B_SPLINE_CURVE_WITH_KNOTS('',1,(#1892,#1893),.UNSPECIFIED.,.F.,
  .F.,(2,2),(-36.25,-6.25),.PIECEWISE_BEZIER_KNOTS.);
#1892 = CARTESIAN_POINT('',(30.,-1.5));
#1893 = CARTESIAN_POINT('',(0.,-1.5));
#1894 = ( GEOMETRIC_REPRESENTATION_CONTEXT(2) 
PARAMETRIC_REPRESENTATION_CONTEXT() REPRESENTATION_CONTEXT('2D SPACE',''
  ) );
#1895 = PCURVE('',#606,#1896);
#1896 = DEFINITIONAL_REPRESENTATION('',(#1897),#1900);
#1897 = B_SPLINE_CURVE_WITH_KNOTS('',1,(#1898,#1899),.UNSPECIFIED.,.F.,
  .F.,(2,2),(-36.25,-6.25),.PIECEWISE_BEZIER_KNOTS.);
#1898 = CARTESIAN_POINT('',(42.5,243.57142857142));
#1899 = CARTESIAN_POINT('',(12.5,243.57142857142));
#1900 = ( GEOMETRIC_REPRESENTATION_CONTEXT(2) 
PARAMETRIC_REPRESENTATION_CONTEXT() REPRESENTATION_CONTEXT('2D SPACE',''
  ) );
#1901 = ORIENTED_EDGE('',*,*,#1902,.T.);
#1902 = EDGE_CURVE('',#1882,#485,#1903,.T.);
#1903 = SURFACE_CURVE('',#1904,(#1908,#1915),.PCURVE_S1.);
#1904 = LINE('',#1905,#1906);
#1905 = CARTESIAN_POINT('',(246.57142857142,195.5,15.5));
#1906 = VECTOR('',#1907,1.);
#1907 = DIRECTION('',(0.,1.,0.));
#1908 = PCURVE('',#499,#1909);
#1909 = DEFINITIONAL_REPRESENTATION('',(#1910),#1914);
#1910 = LINE('',#1911,#1912);
#1911 = CARTESIAN_POINT('',(0.,0.));
#1912 = VECTOR('',#1913,1.);
#1913 = DIRECTION('',(0.,-1.));
#1914 = ( GEOMETRIC_REPRESENTATION_CONTEXT(2) 
PARAMETRIC_REPRESENTATION_CONTEXT() REPRESENTATION_CONTEXT('2D SPACE',''
  ) );
#1915 = PCURVE('',#525,#1916);
#1916 = DEFINITIONAL_REPRESENTATION('',(#1917),#1921);
#1917 = LINE('',#1918,#1919);
#1918 = CARTESIAN_POINT('',(0.,0.));
#1919 = VECTOR('',#1920,1.);
#1920 = DIRECTION('',(0.,1.));
#1921 = ( GEOMETRIC_REPRESENTATION_CONTEXT(2) 
PARAMETRIC_REPRESENTATION_CONTEXT() REPRESENTATION_CONTEXT('2D SPACE',''
  ) );
#1922 = ORIENTED_EDGE('',*,*,#484,.F.);
#1923 = ADVANCED_FACE('',(#1924),#549,.F.);
#1924 = FACE_BOUND('',#1925,.F.);
#1925 = EDGE_LOOP('',(#1926,#1927,#1948,#1969));
#1926 = ORIENTED_EDGE('',*,*,#1855,.F.);
#1927 = ORIENTED_EDGE('',*,*,#1928,.T.);
#1928 = EDGE_CURVE('',#1835,#1929,#1931,.T.);
#1929 = VERTEX_POINT('',#1930);
#1930 = CARTESIAN_POINT('',(250.57142857142,197.,15.5));
#1931 = SURFACE_CURVE('',#1932,(#1936,#1942),.PCURVE_S1.);
#1932 = LINE('',#1933,#1934);
#1933 = CARTESIAN_POINT('',(250.57142857142,197.,9.25));
#1934 = VECTOR('',#1935,1.);
#1935 = DIRECTION('',(0.,0.,-1.));
#1936 = PCURVE('',#549,#1937);
#1937 = DEFINITIONAL_REPRESENTATION('',(#1938),#1941);
#1938 = B_SPLINE_CURVE_WITH_KNOTS('',1,(#1939,#1940),.UNSPECIFIED.,.F.,
  .F.,(2,2),(-36.25,-6.25),.PIECEWISE_BEZIER_KNOTS.);
#1939 = CARTESIAN_POINT('',(30.,-1.5));
#1940 = CARTESIAN_POINT('',(0.,-1.5));
#1941 = ( GEOMETRIC_REPRESENTATION_CONTEXT(2) 
PARAMETRIC_REPRESENTATION_CONTEXT() REPRESENTATION_CONTEXT('2D SPACE',''
  ) );
#1942 = PCURVE('',#606,#1943);
#1943 = DEFINITIONAL_REPRESENTATION('',(#1944),#1947);
#1944 = B_SPLINE_CURVE_WITH_KNOTS('',1,(#1945,#1946),.UNSPECIFIED.,.F.,
  .F.,(2,2),(-36.25,-6.25),.PIECEWISE_BEZIER_KNOTS.);
#1945 = CARTESIAN_POINT('',(42.5,247.57142857142));
#1946 = CARTESIAN_POINT('',(12.5,247.57142857142));
#1947 = ( GEOMETRIC_REPRESENTATION_CONTEXT(2) 
PARAMETRIC_REPRESENTATION_CONTEXT() REPRESENTATION_CONTEXT('2D SPACE',''
  ) );
#1948 = ORIENTED_EDGE('',*,*,#1949,.T.);
#1949 = EDGE_CURVE('',#1929,#511,#1950,.T.);
#1950 = SURFACE_CURVE('',#1951,(#1955,#1962),.PCURVE_S1.);
#1951 = LINE('',#1952,#1953);
#1952 = CARTESIAN_POINT('',(250.57142857142,195.5,15.5));
#1953 = VECTOR('',#1954,1.);
#1954 = DIRECTION('',(0.,1.,0.));
#1955 = PCURVE('',#549,#1956);
#1956 = DEFINITIONAL_REPRESENTATION('',(#1957),#1961);
#1957 = LINE('',#1958,#1959);
#1958 = CARTESIAN_POINT('',(0.,0.));
#1959 = VECTOR('',#1960,1.);
#1960 = DIRECTION('',(0.,-1.));
#1961 = ( GEOMETRIC_REPRESENTATION_CONTEXT(2) 
PARAMETRIC_REPRESENTATION_CONTEXT() REPRESENTATION_CONTEXT('2D SPACE',''
  ) );
#1962 = PCURVE('',#525,#1963);
#1963 = DEFINITIONAL_REPRESENTATION('',(#1964),#1968);
#1964 = LINE('',#1965,#1966);
#1965 = CARTESIAN_POINT('',(4.,0.));
#1966 = VECTOR('',#1967,1.);
#1967 = DIRECTION('',(0.,1.));
#1968 = ( GEOMETRIC_REPRESENTATION_CONTEXT(2) 
PARAMETRIC_REPRESENTATION_CONTEXT() REPRESENTATION_CONTEXT('2D SPACE',''
  ) );
#1969 = ORIENTED_EDGE('',*,*,#536,.F.);
#1970 = ADVANCED_FACE('',(#1971),#525,.T.);
#1971 = FACE_BOUND('',#1972,.T.);
#1972 = EDGE_LOOP('',(#1973,#1974,#1993,#1994));
#1973 = ORIENTED_EDGE('',*,*,#1902,.F.);
#1974 = ORIENTED_EDGE('',*,*,#1975,.T.);
#1975 = EDGE_CURVE('',#1882,#1929,#1976,.T.);
#1976 = SURFACE_CURVE('',#1977,(#1981,#1987),.PCURVE_S1.);
#1977 = LINE('',#1978,#1979);
#1978 = CARTESIAN_POINT('',(124.78571428571,197.,15.5));
#1979 = VECTOR('',#1980,1.);
#1980 = DIRECTION('',(1.,0.,0.));
#1981 = PCURVE('',#525,#1982);
#1982 = DEFINITIONAL_REPRESENTATION('',(#1983),#1986);
#1983 = B_SPLINE_CURVE_WITH_KNOTS('',1,(#1984,#1985),.UNSPECIFIED.,.F.,
  .F.,(2,2),(121.78571428571,125.78571428571),.PIECEWISE_BEZIER_KNOTS.);
#1984 = CARTESIAN_POINT('',(0.,1.5));
#1985 = CARTESIAN_POINT('',(4.,1.5));
#1986 = ( GEOMETRIC_REPRESENTATION_CONTEXT(2) 
PARAMETRIC_REPRESENTATION_CONTEXT() REPRESENTATION_CONTEXT('2D SPACE',''
  ) );
#1987 = PCURVE('',#606,#1988);
#1988 = DEFINITIONAL_REPRESENTATION('',(#1989),#1992);
#1989 = B_SPLINE_CURVE_WITH_KNOTS('',1,(#1990,#1991),.UNSPECIFIED.,.F.,
  .F.,(2,2),(121.78571428571,125.78571428571),.PIECEWISE_BEZIER_KNOTS.);
#1990 = CARTESIAN_POINT('',(12.5,243.57142857142));
#1991 = CARTESIAN_POINT('',(12.5,247.57142857142));
#1992 = ( GEOMETRIC_REPRESENTATION_CONTEXT(2) 
PARAMETRIC_REPRESENTATION_CONTEXT() REPRESENTATION_CONTEXT('2D SPACE',''
  ) );
#1993 = ORIENTED_EDGE('',*,*,#1949,.T.);
#1994 = ORIENTED_EDGE('',*,*,#510,.F.);
#1995 = ADVANCED_FACE('',(#1996,#2091,#2097,#2103),#606,.F.);
#1996 = FACE_BOUND('',#1997,.F.);
#1997 = EDGE_LOOP('',(#1998,#2028,#2049,#2050,#2069,#2070,#2071,#2072));
#1998 = ORIENTED_EDGE('',*,*,#1999,.F.);
#1999 = EDGE_CURVE('',#2000,#2002,#2004,.T.);
#2000 = VERTEX_POINT('',#2001);
#2001 = CARTESIAN_POINT('',(287.,197.,3.));
#2002 = VERTEX_POINT('',#2003);
#2003 = CARTESIAN_POINT('',(287.,197.,54.));
#2004 = SURFACE_CURVE('',#2005,(#2009,#2016),.PCURVE_S1.);
#2005 = LINE('',#2006,#2007);
#2006 = CARTESIAN_POINT('',(287.,197.,3.));
#2007 = VECTOR('',#2008,1.);
#2008 = DIRECTION('',(0.,0.,1.));
#2009 = PCURVE('',#606,#2010);
#2010 = DEFINITIONAL_REPRESENTATION('',(#2011),#2015);
#2011 = LINE('',#2012,#2013);
#2012 = CARTESIAN_POINT('',(0.,284.));
#2013 = VECTOR('',#2014,1.);
#2014 = DIRECTION('',(1.,0.));
#2015 = ( GEOMETRIC_REPRESENTATION_CONTEXT(2) 
PARAMETRIC_REPRESENTATION_CONTEXT() REPRESENTATION_CONTEXT('2D SPACE',''
  ) );
#2016 = PCURVE('',#2017,#2022);
#2017 = PLANE('',#2018);
#2018 = AXIS2_PLACEMENT_3D('',#2019,#2020,#2021);
#2019 = CARTESIAN_POINT('',(287.,3.,3.));
#2020 = DIRECTION('',(1.,0.,0.));
#2021 = DIRECTION('',(0.,0.,1.));
#2022 = DEFINITIONAL_REPRESENTATION('',(#2023),#2027);
#2023 = LINE('',#2024,#2025);
#2024 = CARTESIAN_POINT('',(0.,-194.));
#2025 = VECTOR('',#2026,1.);
#2026 = DIRECTION('',(1.,0.));
#2027 = ( GEOMETRIC_REPRESENTATION_CONTEXT(2) 
PARAMETRIC_REPRESENTATION_CONTEXT() REPRESENTATION_CONTEXT('2D SPACE',''
  ) );
#2028 = ORIENTED_EDGE('',*,*,#2029,.F.);
#2029 = EDGE_CURVE('',#954,#2000,#2030,.T.);
#2030 = SURFACE_CURVE('',#2031,(#2035,#2042),.PCURVE_S1.);
#2031 = LINE('',#2032,#2033);
#2032 = CARTESIAN_POINT('',(3.,197.,3.));
#2033 = VECTOR('',#2034,1.);
#2034 = DIRECTION('',(1.,0.,0.));
#2035 = PCURVE('',#606,#2036);
#2036 = DEFINITIONAL_REPRESENTATION('',(#2037),#2041);
#2037 = LINE('',#2038,#2039);
#2038 = CARTESIAN_POINT('',(0.,0.));
#2039 = VECTOR('',#2040,1.);
#2040 = DIRECTION('',(0.,1.));
#2041 = ( GEOMETRIC_REPRESENTATION_CONTEXT(2) 
PARAMETRIC_REPRESENTATION_CONTEXT() REPRESENTATION_CONTEXT('2D SPACE',''
  ) );
#2042 = PCURVE('',#989,#2043);
#2043 = DEFINITIONAL_REPRESENTATION('',(#2044),#2048);
#2044 = LINE('',#2045,#2046);
#2045 = CARTESIAN_POINT('',(0.,194.));
#2046 = VECTOR('',#2047,1.);
#2047 = DIRECTION('',(1.,0.));
#2048 = ( GEOMETRIC_REPRESENTATION_CONTEXT(2) 
PARAMETRIC_REPRESENTATION_CONTEXT() REPRESENTATION_CONTEXT('2D SPACE',''
  ) );
#2049 = ORIENTED_EDGE('',*,*,#953,.F.);
#2050 = ORIENTED_EDGE('',*,*,#2051,.T.);
#2051 = EDGE_CURVE('',#933,#810,#2052,.T.);
#2052 = SURFACE_CURVE('',#2053,(#2057,#2063),.PCURVE_S1.);
#2053 = LINE('',#2054,#2055);
#2054 = CARTESIAN_POINT('',(74.,197.,54.));
#2055 = VECTOR('',#2056,1.);
#2056 = DIRECTION('',(1.,0.,0.));
#2057 = PCURVE('',#606,#2058);
#2058 = DEFINITIONAL_REPRESENTATION('',(#2059),#2062);
#2059 = B_SPLINE_CURVE_WITH_KNOTS('',1,(#2060,#2061),.UNSPECIFIED.,.F.,
  .F.,(2,2),(-71.,213.),.PIECEWISE_BEZIER_KNOTS.);
#2060 = CARTESIAN_POINT('',(51.,0.));
#2061 = CARTESIAN_POINT('',(51.,284.));
#2062 = ( GEOMETRIC_REPRESENTATION_CONTEXT(2) 
PARAMETRIC_REPRESENTATION_CONTEXT() REPRESENTATION_CONTEXT('2D SPACE',''
  ) );
#2063 = PCURVE('',#826,#2064);
#2064 = DEFINITIONAL_REPRESENTATION('',(#2065),#2068);
#2065 = B_SPLINE_CURVE_WITH_KNOTS('',1,(#2066,#2067),.UNSPECIFIED.,.F.,
  .F.,(2,2),(-71.,213.),.PIECEWISE_BEZIER_KNOTS.);
#2066 = CARTESIAN_POINT('',(-142.,97.));
#2067 = CARTESIAN_POINT('',(142.,97.));
#2068 = ( GEOMETRIC_REPRESENTATION_CONTEXT(2) 
PARAMETRIC_REPRESENTATION_CONTEXT() REPRESENTATION_CONTEXT('2D SPACE',''
  ) );
#2069 = ORIENTED_EDGE('',*,*,#842,.T.);
#2070 = ORIENTED_EDGE('',*,*,#705,.T.);
#2071 = ORIENTED_EDGE('',*,*,#591,.F.);
#2072 = ORIENTED_EDGE('',*,*,#2073,.T.);
#2073 = EDGE_CURVE('',#592,#2002,#2074,.T.);
#2074 = SURFACE_CURVE('',#2075,(#2079,#2085),.PCURVE_S1.);
#2075 = LINE('',#2076,#2077);
#2076 = CARTESIAN_POINT('',(74.,197.,54.));
#2077 = VECTOR('',#2078,1.);
#2078 = DIRECTION('',(1.,0.,0.));
#2079 = PCURVE('',#606,#2080);
#2080 = DEFINITIONAL_REPRESENTATION('',(#2081),#2084);
#2081 = B_SPLINE_CURVE_WITH_KNOTS('',1,(#2082,#2083),.UNSPECIFIED.,.F.,
  .F.,(2,2),(-71.,213.),.PIECEWISE_BEZIER_KNOTS.);
#2082 = CARTESIAN_POINT('',(51.,0.));
#2083 = CARTESIAN_POINT('',(51.,284.));
#2084 = ( GEOMETRIC_REPRESENTATION_CONTEXT(2) 
PARAMETRIC_REPRESENTATION_CONTEXT() REPRESENTATION_CONTEXT('2D SPACE',''
  ) );
#2085 = PCURVE('',#633,#2086);
#2086 = DEFINITIONAL_REPRESENTATION('',(#2087),#2090);
#2087 = B_SPLINE_CURVE_WITH_KNOTS('',1,(#2088,#2089),.UNSPECIFIED.,.F.,
  .F.,(2,2),(-71.,213.),.PIECEWISE_BEZIER_KNOTS.);
#2088 = CARTESIAN_POINT('',(-142.,97.));
#2089 = CARTESIAN_POINT('',(142.,97.));
#2090 = ( GEOMETRIC_REPRESENTATION_CONTEXT(2) 
PARAMETRIC_REPRESENTATION_CONTEXT() REPRESENTATION_CONTEXT('2D SPACE',''
  ) );
#2091 = FACE_BOUND('',#2092,.F.);
#2092 = EDGE_LOOP('',(#2093,#2094,#2095,#2096));
#2093 = ORIENTED_EDGE('',*,*,#1458,.F.);
#2094 = ORIENTED_EDGE('',*,*,#1505,.T.);
#2095 = ORIENTED_EDGE('',*,*,#1599,.T.);
#2096 = ORIENTED_EDGE('',*,*,#1552,.F.);
#2097 = FACE_BOUND('',#2098,.F.);
#2098 = EDGE_LOOP('',(#2099,#2100,#2101,#2102));
#2099 = ORIENTED_EDGE('',*,*,#1646,.F.);
#2100 = ORIENTED_EDGE('',*,*,#1693,.T.);
#2101 = ORIENTED_EDGE('',*,*,#1787,.T.);
#2102 = ORIENTED_EDGE('',*,*,#1740,.F.);
#2103 = FACE_BOUND('',#2104,.F.);
#2104 = EDGE_LOOP('',(#2105,#2106,#2107,#2108));
#2105 = ORIENTED_EDGE('',*,*,#1834,.F.);
#2106 = ORIENTED_EDGE('',*,*,#1881,.T.);
#2107 = ORIENTED_EDGE('',*,*,#1975,.T.);
#2108 = ORIENTED_EDGE('',*,*,#1928,.F.);
#2109 = ADVANCED_FACE('',(#2110),#633,.T.);
#2110 = FACE_BOUND('',#2111,.T.);
#2111 = EDGE_LOOP('',(#2112,#2142,#2165,#2186,#2187,#2188));
#2112 = ORIENTED_EDGE('',*,*,#2113,.T.);
#2113 = EDGE_CURVE('',#2114,#2116,#2118,.T.);
#2114 = VERTEX_POINT('',#2115);
#2115 = CARTESIAN_POINT('',(287.,100.8,54.));
#2116 = VERTEX_POINT('',#2117);
#2117 = CARTESIAN_POINT('',(288.,101.62480768093,54.));
#2118 = SURFACE_CURVE('',#2119,(#2124,#2135),.PCURVE_S1.);
#2119 = CIRCLE('',#2120,1.7);
#2120 = AXIS2_PLACEMENT_3D('',#2121,#2122,#2123);
#2121 = CARTESIAN_POINT('',(288.5,100.,54.));
#2122 = DIRECTION('',(0.,0.,-1.));
#2123 = DIRECTION('',(1.,0.,0.));
#2124 = PCURVE('',#633,#2125);
#2125 = DEFINITIONAL_REPRESENTATION('',(#2126),#2134);
#2126 = ( BOUNDED_CURVE() B_SPLINE_CURVE(2,(#2127,#2128,#2129,#2130,
#2131,#2132,#2133),.UNSPECIFIED.,.T.,.F.) B_SPLINE_CURVE_WITH_KNOTS((1,2
    ,2,2,2,1),(-2.094395102393,0.,2.094395102393,4.188790204786,
6.28318530718,8.377580409573),.UNSPECIFIED.) CURVE() 
GEOMETRIC_REPRESENTATION_ITEM() RATIONAL_B_SPLINE_CURVE((1.,0.5,1.,0.5,
1.,0.5,1.)) REPRESENTATION_ITEM('') );
#2127 = CARTESIAN_POINT('',(145.2,0.));
#2128 = CARTESIAN_POINT('',(145.2,-2.944486372867));
#2129 = CARTESIAN_POINT('',(142.65,-1.472243186434));
#2130 = CARTESIAN_POINT('',(140.1,-4.163799117101E-16));
#2131 = CARTESIAN_POINT('',(142.65,1.472243186434));
#2132 = CARTESIAN_POINT('',(145.2,2.944486372867));
#2133 = CARTESIAN_POINT('',(145.2,0.));
#2134 = ( GEOMETRIC_REPRESENTATION_CONTEXT(2) 
PARAMETRIC_REPRESENTATION_CONTEXT() REPRESENTATION_CONTEXT('2D SPACE',''
  ) );
#2135 = PCURVE('',#1292,#2136);
#2136 = DEFINITIONAL_REPRESENTATION('',(#2137),#2141);
#2137 = LINE('',#2138,#2139);
#2138 = CARTESIAN_POINT('',(-6.28318530718,-10.));
#2139 = VECTOR('',#2140,1.);
#2140 = DIRECTION('',(1.,-0.));
#2141 = ( GEOMETRIC_REPRESENTATION_CONTEXT(2) 
PARAMETRIC_REPRESENTATION_CONTEXT() REPRESENTATION_CONTEXT('2D SPACE',''
  ) );
#2142 = ORIENTED_EDGE('',*,*,#2143,.T.);
#2143 = EDGE_CURVE('',#2116,#2144,#2146,.T.);
#2144 = VERTEX_POINT('',#2145);
#2145 = CARTESIAN_POINT('',(288.,198.,54.));
#2146 = SURFACE_CURVE('',#2147,(#2151,#2158),.PCURVE_S1.);
#2147 = LINE('',#2148,#2149);
#2148 = CARTESIAN_POINT('',(288.,2.,54.));
#2149 = VECTOR('',#2150,1.);
#2150 = DIRECTION('',(0.,1.,0.));
#2151 = PCURVE('',#633,#2152);
#2152 = DEFINITIONAL_REPRESENTATION('',(#2153),#2157);
#2153 = LINE('',#2154,#2155);
#2154 = CARTESIAN_POINT('',(143.,-98.));
#2155 = VECTOR('',#2156,1.);
#2156 = DIRECTION('',(0.,1.));
#2157 = ( GEOMETRIC_REPRESENTATION_CONTEXT(2) 
PARAMETRIC_REPRESENTATION_CONTEXT() REPRESENTATION_CONTEXT('2D SPACE',''
  ) );
#2158 = PCURVE('',#1421,#2159);
#2159 = DEFINITIONAL_REPRESENTATION('',(#2160),#2164);
#2160 = LINE('',#2161,#2162);
#2161 = CARTESIAN_POINT('',(0.,0.));
#2162 = VECTOR('',#2163,1.);
#2163 = DIRECTION('',(1.,0.));
#2164 = ( GEOMETRIC_REPRESENTATION_CONTEXT(2) 
PARAMETRIC_REPRESENTATION_CONTEXT() REPRESENTATION_CONTEXT('2D SPACE',''
  ) );
#2165 = ORIENTED_EDGE('',*,*,#2166,.T.);
#2166 = EDGE_CURVE('',#2144,#618,#2167,.T.);
#2167 = SURFACE_CURVE('',#2168,(#2172,#2179),.PCURVE_S1.);
#2168 = LINE('',#2169,#2170);
#2169 = CARTESIAN_POINT('',(288.,198.,54.));
#2170 = VECTOR('',#2171,1.);
#2171 = DIRECTION('',(-1.,0.,0.));
#2172 = PCURVE('',#633,#2173);
#2173 = DEFINITIONAL_REPRESENTATION('',(#2174),#2178);
#2174 = LINE('',#2175,#2176);
#2175 = CARTESIAN_POINT('',(143.,98.));
#2176 = VECTOR('',#2177,1.);
#2177 = DIRECTION('',(-1.,0.));
#2178 = ( GEOMETRIC_REPRESENTATION_CONTEXT(2) 
PARAMETRIC_REPRESENTATION_CONTEXT() REPRESENTATION_CONTEXT('2D SPACE',''
  ) );
#2179 = PCURVE('',#664,#2180);
#2180 = DEFINITIONAL_REPRESENTATION('',(#2181),#2185);
#2181 = LINE('',#2182,#2183);
#2182 = CARTESIAN_POINT('',(0.,-0.));
#2183 = VECTOR('',#2184,1.);
#2184 = DIRECTION('',(1.,0.));
#2185 = ( GEOMETRIC_REPRESENTATION_CONTEXT(2) 
PARAMETRIC_REPRESENTATION_CONTEXT() REPRESENTATION_CONTEXT('2D SPACE',''
  ) );
#2186 = ORIENTED_EDGE('',*,*,#617,.T.);
#2187 = ORIENTED_EDGE('',*,*,#2073,.T.);
#2188 = ORIENTED_EDGE('',*,*,#2189,.T.);
#2189 = EDGE_CURVE('',#2002,#2114,#2190,.T.);
#2190 = SURFACE_CURVE('',#2191,(#2195,#2201),.PCURVE_S1.);
#2191 = LINE('',#2192,#2193);
#2192 = CARTESIAN_POINT('',(287.,51.5,54.));
#2193 = VECTOR('',#2194,1.);
#2194 = DIRECTION('',(0.,-1.,0.));
#2195 = PCURVE('',#633,#2196);
#2196 = DEFINITIONAL_REPRESENTATION('',(#2197),#2200);
#2197 = B_SPLINE_CURVE_WITH_KNOTS('',1,(#2198,#2199),.UNSPECIFIED.,.F.,
  .F.,(2,2),(-145.5,48.5),.PIECEWISE_BEZIER_KNOTS.);
#2198 = CARTESIAN_POINT('',(142.,97.));
#2199 = CARTESIAN_POINT('',(142.,-97.));
#2200 = ( GEOMETRIC_REPRESENTATION_CONTEXT(2) 
PARAMETRIC_REPRESENTATION_CONTEXT() REPRESENTATION_CONTEXT('2D SPACE',''
  ) );
#2201 = PCURVE('',#2017,#2202);
#2202 = DEFINITIONAL_REPRESENTATION('',(#2203),#2206);
#2203 = B_SPLINE_CURVE_WITH_KNOTS('',1,(#2204,#2205),.UNSPECIFIED.,.F.,
  .F.,(2,2),(-145.5,48.5),.PIECEWISE_BEZIER_KNOTS.);
#2204 = CARTESIAN_POINT('',(51.,-194.));
#2205 = CARTESIAN_POINT('',(51.,0.));
#2206 = ( GEOMETRIC_REPRESENTATION_CONTEXT(2) 
PARAMETRIC_REPRESENTATION_CONTEXT() REPRESENTATION_CONTEXT('2D SPACE',''
  ) );
#2207 = ADVANCED_FACE('',(#2208),#664,.T.);
#2208 = FACE_BOUND('',#2209,.T.);
#2209 = EDGE_LOOP('',(#2210,#2211,#2232,#2233));
#2210 = ORIENTED_EDGE('',*,*,#2166,.F.);
#2211 = ORIENTED_EDGE('',*,*,#2212,.T.);
#2212 = EDGE_CURVE('',#2144,#1388,#2213,.T.);
#2213 = SURFACE_CURVE('',#2214,(#2218,#2225),.PCURVE_S1.);
#2214 = LINE('',#2215,#2216);
#2215 = CARTESIAN_POINT('',(288.,198.,54.));
#2216 = VECTOR('',#2217,1.);
#2217 = DIRECTION('',(0.,0.,1.));
#2218 = PCURVE('',#664,#2219);
#2219 = DEFINITIONAL_REPRESENTATION('',(#2220),#2224);
#2220 = LINE('',#2221,#2222);
#2221 = CARTESIAN_POINT('',(0.,-0.));
#2222 = VECTOR('',#2223,1.);
#2223 = DIRECTION('',(0.,-1.));
#2224 = ( GEOMETRIC_REPRESENTATION_CONTEXT(2) 
PARAMETRIC_REPRESENTATION_CONTEXT() REPRESENTATION_CONTEXT('2D SPACE',''
  ) );
#2225 = PCURVE('',#1421,#2226);
#2226 = DEFINITIONAL_REPRESENTATION('',(#2227),#2231);
#2227 = LINE('',#2228,#2229);
#2228 = CARTESIAN_POINT('',(196.,0.));
#2229 = VECTOR('',#2230,1.);
#2230 = DIRECTION('',(0.,-1.));
#2231 = ( GEOMETRIC_REPRESENTATION_CONTEXT(2) 
PARAMETRIC_REPRESENTATION_CONTEXT() REPRESENTATION_CONTEXT('2D SPACE',''
  ) );
#2232 = ORIENTED_EDGE('',*,*,#1387,.F.);
#2233 = ORIENTED_EDGE('',*,*,#649,.T.);
#2234 = ADVANCED_FACE('',(#2235),#826,.T.);
#2235 = FACE_BOUND('',#2236,.T.);
#2236 = EDGE_LOOP('',(#2237,#2238,#2239,#2260));
#2237 = ORIENTED_EDGE('',*,*,#2051,.T.);
#2238 = ORIENTED_EDGE('',*,*,#809,.T.);
#2239 = ORIENTED_EDGE('',*,*,#2240,.T.);
#2240 = EDGE_CURVE('',#784,#912,#2241,.T.);
#2241 = SURFACE_CURVE('',#2242,(#2246,#2253),.PCURVE_S1.);
#2242 = LINE('',#2243,#2244);
#2243 = CARTESIAN_POINT('',(288.,198.,54.));
#2244 = VECTOR('',#2245,1.);
#2245 = DIRECTION('',(-1.,0.,0.));
#2246 = PCURVE('',#826,#2247);
#2247 = DEFINITIONAL_REPRESENTATION('',(#2248),#2252);
#2248 = LINE('',#2249,#2250);
#2249 = CARTESIAN_POINT('',(143.,98.));
#2250 = VECTOR('',#2251,1.);
#2251 = DIRECTION('',(-1.,0.));
#2252 = ( GEOMETRIC_REPRESENTATION_CONTEXT(2) 
PARAMETRIC_REPRESENTATION_CONTEXT() REPRESENTATION_CONTEXT('2D SPACE',''
  ) );
#2253 = PCURVE('',#798,#2254);
#2254 = DEFINITIONAL_REPRESENTATION('',(#2255),#2259);
#2255 = LINE('',#2256,#2257);
#2256 = CARTESIAN_POINT('',(0.,-0.));
#2257 = VECTOR('',#2258,1.);
#2258 = DIRECTION('',(1.,0.));
#2259 = ( GEOMETRIC_REPRESENTATION_CONTEXT(2) 
PARAMETRIC_REPRESENTATION_CONTEXT() REPRESENTATION_CONTEXT('2D SPACE',''
  ) );
#2260 = ORIENTED_EDGE('',*,*,#932,.F.);
#2261 = ADVANCED_FACE('',(#2262),#798,.T.);
#2262 = FACE_BOUND('',#2263,.T.);
#2263 = EDGE_LOOP('',(#2264,#2265,#2266,#2267));
#2264 = ORIENTED_EDGE('',*,*,#2240,.F.);
#2265 = ORIENTED_EDGE('',*,*,#783,.F.);
#2266 = ORIENTED_EDGE('',*,*,#864,.F.);
#2267 = ORIENTED_EDGE('',*,*,#911,.F.);
#2268 = ADVANCED_FACE('',(#2269,#2396,#2502,#2608),#1119,.F.);
#2269 = FACE_BOUND('',#2270,.F.);
#2270 = EDGE_LOOP('',(#2271,#2299,#2320,#2321,#2322,#2323,#2346,#2372));
#2271 = ORIENTED_EDGE('',*,*,#2272,.F.);
#2272 = EDGE_CURVE('',#2273,#2275,#2277,.T.);
#2273 = VERTEX_POINT('',#2274);
#2274 = CARTESIAN_POINT('',(218.3,0.,58.));
#2275 = VERTEX_POINT('',#2276);
#2276 = CARTESIAN_POINT('',(218.3,0.,44.));
#2277 = SURFACE_CURVE('',#2278,(#2282,#2288),.PCURVE_S1.);
#2278 = LINE('',#2279,#2280);
#2279 = CARTESIAN_POINT('',(218.3,0.,44.));
#2280 = VECTOR('',#2281,1.);
#2281 = DIRECTION('',(-0.,-0.,-1.));
#2282 = PCURVE('',#1119,#2283);
#2283 = DEFINITIONAL_REPRESENTATION('',(#2284),#2287);
#2284 = B_SPLINE_CURVE_WITH_KNOTS('',1,(#2285,#2286),.UNSPECIFIED.,.F.,
  .F.,(2,2),(-16.0000006,5.999999999062E-07),.PIECEWISE_BEZIER_KNOTS.);
#2285 = CARTESIAN_POINT('',(60.0000006,218.3));
#2286 = CARTESIAN_POINT('',(43.9999994,218.3));
#2287 = ( GEOMETRIC_REPRESENTATION_CONTEXT(2) 
PARAMETRIC_REPRESENTATION_CONTEXT() REPRESENTATION_CONTEXT('2D SPACE',''
  ) );
#2288 = PCURVE('',#2289,#2294);
#2289 = CYLINDRICAL_SURFACE('',#2290,1.7);
#2290 = AXIS2_PLACEMENT_3D('',#2291,#2292,#2293);
#2291 = CARTESIAN_POINT('',(217.5,1.5,44.));
#2292 = DIRECTION('',(-0.,-0.,-1.));
#2293 = DIRECTION('',(1.,0.,0.));
#2294 = DEFINITIONAL_REPRESENTATION('',(#2295),#2298);
#2295 = B_SPLINE_CURVE_WITH_KNOTS('',1,(#2296,#2297),.UNSPECIFIED.,.F.,
  .F.,(2,2),(-14.,-0.),.PIECEWISE_BEZIER_KNOTS.);
#2296 = CARTESIAN_POINT('',(-5.202346306638,-14.));
#2297 = CARTESIAN_POINT('',(-5.202346306638,0.));
#2298 = ( GEOMETRIC_REPRESENTATION_CONTEXT(2) 
PARAMETRIC_REPRESENTATION_CONTEXT() REPRESENTATION_CONTEXT('2D SPACE',''
  ) );
#2299 = ORIENTED_EDGE('',*,*,#2300,.T.);
#2300 = EDGE_CURVE('',#2273,#1202,#2301,.T.);
#2301 = SURFACE_CURVE('',#2302,(#2306,#2313),.PCURVE_S1.);
#2302 = LINE('',#2303,#2304);
#2303 = CARTESIAN_POINT('',(0.,0.,58.));
#2304 = VECTOR('',#2305,1.);
#2305 = DIRECTION('',(1.,0.,0.));
#2306 = PCURVE('',#1119,#2307);
#2307 = DEFINITIONAL_REPRESENTATION('',(#2308),#2312);
#2308 = LINE('',#2309,#2310);
#2309 = CARTESIAN_POINT('',(58.,0.));
#2310 = VECTOR('',#2311,1.);
#2311 = DIRECTION('',(0.,1.));
#2312 = ( GEOMETRIC_REPRESENTATION_CONTEXT(2) 
PARAMETRIC_REPRESENTATION_CONTEXT() REPRESENTATION_CONTEXT('2D SPACE',''
  ) );
#2313 = PCURVE('',#1219,#2314);
#2314 = DEFINITIONAL_REPRESENTATION('',(#2315),#2319);
#2315 = LINE('',#2316,#2317);
#2316 = CARTESIAN_POINT('',(0.,0.));
#2317 = VECTOR('',#2318,1.);
#2318 = DIRECTION('',(1.,0.));
#2319 = ( GEOMETRIC_REPRESENTATION_CONTEXT(2) 
PARAMETRIC_REPRESENTATION_CONTEXT() REPRESENTATION_CONTEXT('2D SPACE',''
  ) );
#2320 = ORIENTED_EDGE('',*,*,#1231,.F.);
#2321 = ORIENTED_EDGE('',*,*,#1154,.F.);
#2322 = ORIENTED_EDGE('',*,*,#1104,.F.);
#2323 = ORIENTED_EDGE('',*,*,#2324,.T.);
#2324 = EDGE_CURVE('',#1079,#2325,#2327,.T.);
#2325 = VERTEX_POINT('',#2326);
#2326 = CARTESIAN_POINT('',(216.7,0.,58.));
#2327 = SURFACE_CURVE('',#2328,(#2332,#2339),.PCURVE_S1.);
#2328 = LINE('',#2329,#2330);
#2329 = CARTESIAN_POINT('',(0.,0.,58.));
#2330 = VECTOR('',#2331,1.);
#2331 = DIRECTION('',(1.,0.,0.));
#2332 = PCURVE('',#1119,#2333);
#2333 = DEFINITIONAL_REPRESENTATION('',(#2334),#2338);
#2334 = LINE('',#2335,#2336);
#2335 = CARTESIAN_POINT('',(58.,0.));
#2336 = VECTOR('',#2337,1.);
#2337 = DIRECTION('',(0.,1.));
#2338 = ( GEOMETRIC_REPRESENTATION_CONTEXT(2) 
PARAMETRIC_REPRESENTATION_CONTEXT() REPRESENTATION_CONTEXT('2D SPACE',''
  ) );
#2339 = PCURVE('',#1093,#2340);
#2340 = DEFINITIONAL_REPRESENTATION('',(#2341),#2345);
#2341 = LINE('',#2342,#2343);
#2342 = CARTESIAN_POINT('',(0.,0.));
#2343 = VECTOR('',#2344,1.);
#2344 = DIRECTION('',(1.,0.));
#2345 = ( GEOMETRIC_REPRESENTATION_CONTEXT(2) 
PARAMETRIC_REPRESENTATION_CONTEXT() REPRESENTATION_CONTEXT('2D SPACE',''
  ) );
#2346 = ORIENTED_EDGE('',*,*,#2347,.T.);
#2347 = EDGE_CURVE('',#2325,#2348,#2350,.T.);
#2348 = VERTEX_POINT('',#2349);
#2349 = CARTESIAN_POINT('',(216.7,2.22044604925E-16,44.));
#2350 = SURFACE_CURVE('',#2351,(#2355,#2361),.PCURVE_S1.);
#2351 = LINE('',#2352,#2353);
#2352 = CARTESIAN_POINT('',(216.7,0.,44.));
#2353 = VECTOR('',#2354,1.);
#2354 = DIRECTION('',(-0.,-0.,-1.));
#2355 = PCURVE('',#1119,#2356);
#2356 = DEFINITIONAL_REPRESENTATION('',(#2357),#2360);
#2357 = B_SPLINE_CURVE_WITH_KNOTS('',1,(#2358,#2359),.UNSPECIFIED.,.F.,
  .F.,(2,2),(-16.0000006,5.999999999062E-07),.PIECEWISE_BEZIER_KNOTS.);
#2358 = CARTESIAN_POINT('',(60.0000006,216.7));
#2359 = CARTESIAN_POINT('',(43.9999994,216.7));
#2360 = ( GEOMETRIC_REPRESENTATION_CONTEXT(2) 
PARAMETRIC_REPRESENTATION_CONTEXT() REPRESENTATION_CONTEXT('2D SPACE',''
  ) );
#2361 = PCURVE('',#2362,#2367);
#2362 = CYLINDRICAL_SURFACE('',#2363,1.7);
#2363 = AXIS2_PLACEMENT_3D('',#2364,#2365,#2366);
#2364 = CARTESIAN_POINT('',(217.5,1.5,44.));
#2365 = DIRECTION('',(-0.,-0.,-1.));
#2366 = DIRECTION('',(1.,0.,0.));
#2367 = DEFINITIONAL_REPRESENTATION('',(#2368),#2371);
#2368 = B_SPLINE_CURVE_WITH_KNOTS('',1,(#2369,#2370),.UNSPECIFIED.,.F.,
  .F.,(2,2),(-16.0000006,5.999999999062E-07),.PIECEWISE_BEZIER_KNOTS.);
#2369 = CARTESIAN_POINT('',(-4.222431654131,-16.0000006));
#2370 = CARTESIAN_POINT('',(-4.222431654131,5.999999999062E-07));
#2371 = ( GEOMETRIC_REPRESENTATION_CONTEXT(2) 
PARAMETRIC_REPRESENTATION_CONTEXT() REPRESENTATION_CONTEXT('2D SPACE',''
  ) );
#2372 = ORIENTED_EDGE('',*,*,#2373,.T.);
#2373 = EDGE_CURVE('',#2348,#2275,#2374,.T.);
#2374 = SURFACE_CURVE('',#2375,(#2379,#2385),.PCURVE_S1.);
#2375 = LINE('',#2376,#2377);
#2376 = CARTESIAN_POINT('',(108.75,0.,44.));
#2377 = VECTOR('',#2378,1.);
#2378 = DIRECTION('',(1.,0.,0.));
#2379 = PCURVE('',#1119,#2380);
#2380 = DEFINITIONAL_REPRESENTATION('',(#2381),#2384);
#2381 = B_SPLINE_CURVE_WITH_KNOTS('',1,(#2382,#2383),.UNSPECIFIED.,.F.,
  .F.,(2,2),(107.05,110.45),.PIECEWISE_BEZIER_KNOTS.);
#2382 = CARTESIAN_POINT('',(44.,215.8));
#2383 = CARTESIAN_POINT('',(44.,219.2));
#2384 = ( GEOMETRIC_REPRESENTATION_CONTEXT(2) 
PARAMETRIC_REPRESENTATION_CONTEXT() REPRESENTATION_CONTEXT('2D SPACE',''
  ) );
#2385 = PCURVE('',#2386,#2391);
#2386 = PLANE('',#2387);
#2387 = AXIS2_PLACEMENT_3D('',#2388,#2389,#2390);
#2388 = CARTESIAN_POINT('',(217.5,1.5,44.));
#2389 = DIRECTION('',(0.,0.,1.));
#2390 = DIRECTION('',(1.,0.,-0.));
#2391 = DEFINITIONAL_REPRESENTATION('',(#2392),#2395);
#2392 = B_SPLINE_CURVE_WITH_KNOTS('',1,(#2393,#2394),.UNSPECIFIED.,.F.,
  .F.,(2,2),(107.05,110.45),.PIECEWISE_BEZIER_KNOTS.);
#2393 = CARTESIAN_POINT('',(-1.7,-1.5));
#2394 = CARTESIAN_POINT('',(1.7,-1.5));
#2395 = ( GEOMETRIC_REPRESENTATION_CONTEXT(2) 
PARAMETRIC_REPRESENTATION_CONTEXT() REPRESENTATION_CONTEXT('2D SPACE',''
  ) );
#2396 = FACE_BOUND('',#2397,.F.);
#2397 = EDGE_LOOP('',(#2398,#2426,#2452,#2478));
#2398 = ORIENTED_EDGE('',*,*,#2399,.F.);
#2399 = EDGE_CURVE('',#2400,#2402,#2404,.T.);
#2400 = VERTEX_POINT('',#2401);
#2401 = CARTESIAN_POINT('',(163.71428571428,0.,45.5));
#2402 = VERTEX_POINT('',#2403);
#2403 = CARTESIAN_POINT('',(167.71428571428,0.,45.5));
#2404 = SURFACE_CURVE('',#2405,(#2409,#2415),.PCURVE_S1.);
#2405 = LINE('',#2406,#2407);
#2406 = CARTESIAN_POINT('',(81.857142857143,0.,45.5));
#2407 = VECTOR('',#2408,1.);
#2408 = DIRECTION('',(1.,0.,0.));
#2409 = PCURVE('',#1119,#2410);
#2410 = DEFINITIONAL_REPRESENTATION('',(#2411),#2414);
#2411 = B_SPLINE_CURVE_WITH_KNOTS('',1,(#2412,#2413),.UNSPECIFIED.,.F.,
  .F.,(2,2),(81.857142857143,85.857142857143),.PIECEWISE_BEZIER_KNOTS.);
#2412 = CARTESIAN_POINT('',(45.5,163.71428571428));
#2413 = CARTESIAN_POINT('',(45.5,167.71428571428));
#2414 = ( GEOMETRIC_REPRESENTATION_CONTEXT(2) 
PARAMETRIC_REPRESENTATION_CONTEXT() REPRESENTATION_CONTEXT('2D SPACE',''
  ) );
#2415 = PCURVE('',#2416,#2421);
#2416 = PLANE('',#2417);
#2417 = AXIS2_PLACEMENT_3D('',#2418,#2419,#2420);
#2418 = CARTESIAN_POINT('',(163.71428571428,-4.5,45.5));
#2419 = DIRECTION('',(0.,0.,1.));
#2420 = DIRECTION('',(1.,0.,0.));
#2421 = DEFINITIONAL_REPRESENTATION('',(#2422),#2425);
#2422 = B_SPLINE_CURVE_WITH_KNOTS('',1,(#2423,#2424),.UNSPECIFIED.,.F.,
  .F.,(2,2),(81.857142857143,85.857142857143),.PIECEWISE_BEZIER_KNOTS.);
#2423 = CARTESIAN_POINT('',(0.,4.5));
#2424 = CARTESIAN_POINT('',(4.,4.5));
#2425 = ( GEOMETRIC_REPRESENTATION_CONTEXT(2) 
PARAMETRIC_REPRESENTATION_CONTEXT() REPRESENTATION_CONTEXT('2D SPACE',''
  ) );
#2426 = ORIENTED_EDGE('',*,*,#2427,.T.);
#2427 = EDGE_CURVE('',#2400,#2428,#2430,.T.);
#2428 = VERTEX_POINT('',#2429);
#2429 = CARTESIAN_POINT('',(163.71428571428,0.,15.5));
#2430 = SURFACE_CURVE('',#2431,(#2435,#2441),.PCURVE_S1.);
#2431 = LINE('',#2432,#2433);
#2432 = CARTESIAN_POINT('',(163.71428571428,0.,7.75));
#2433 = VECTOR('',#2434,1.);
#2434 = DIRECTION('',(0.,0.,-1.));
#2435 = PCURVE('',#1119,#2436);
#2436 = DEFINITIONAL_REPRESENTATION('',(#2437),#2440);
#2437 = B_SPLINE_CURVE_WITH_KNOTS('',1,(#2438,#2439),.UNSPECIFIED.,.F.,
  .F.,(2,2),(-37.75,-7.75),.PIECEWISE_BEZIER_KNOTS.);
#2438 = CARTESIAN_POINT('',(45.5,163.71428571428));
#2439 = CARTESIAN_POINT('',(15.5,163.71428571428));
#2440 = ( GEOMETRIC_REPRESENTATION_CONTEXT(2) 
PARAMETRIC_REPRESENTATION_CONTEXT() REPRESENTATION_CONTEXT('2D SPACE',''
  ) );
#2441 = PCURVE('',#2442,#2447);
#2442 = PLANE('',#2443);
#2443 = AXIS2_PLACEMENT_3D('',#2444,#2445,#2446);
#2444 = CARTESIAN_POINT('',(163.71428571428,-4.5,15.5));
#2445 = DIRECTION('',(1.,0.,0.));
#2446 = DIRECTION('',(0.,0.,1.));
#2447 = DEFINITIONAL_REPRESENTATION('',(#2448),#2451);
#2448 = B_SPLINE_CURVE_WITH_KNOTS('',1,(#2449,#2450),.UNSPECIFIED.,.F.,
  .F.,(2,2),(-37.75,-7.75),.PIECEWISE_BEZIER_KNOTS.);
#2449 = CARTESIAN_POINT('',(30.,-4.5));
#2450 = CARTESIAN_POINT('',(0.,-4.5));
#2451 = ( GEOMETRIC_REPRESENTATION_CONTEXT(2) 
PARAMETRIC_REPRESENTATION_CONTEXT() REPRESENTATION_CONTEXT('2D SPACE',''
  ) );
#2452 = ORIENTED_EDGE('',*,*,#2453,.T.);
#2453 = EDGE_CURVE('',#2428,#2454,#2456,.T.);
#2454 = VERTEX_POINT('',#2455);
#2455 = CARTESIAN_POINT('',(167.71428571428,0.,15.5));
#2456 = SURFACE_CURVE('',#2457,(#2461,#2467),.PCURVE_S1.);
#2457 = LINE('',#2458,#2459);
#2458 = CARTESIAN_POINT('',(81.857142857143,0.,15.5));
#2459 = VECTOR('',#2460,1.);
#2460 = DIRECTION('',(1.,0.,0.));
#2461 = PCURVE('',#1119,#2462);
#2462 = DEFINITIONAL_REPRESENTATION('',(#2463),#2466);
#2463 = B_SPLINE_CURVE_WITH_KNOTS('',1,(#2464,#2465),.UNSPECIFIED.,.F.,
  .F.,(2,2),(81.857142857143,85.857142857143),.PIECEWISE_BEZIER_KNOTS.);
#2464 = CARTESIAN_POINT('',(15.5,163.71428571428));
#2465 = CARTESIAN_POINT('',(15.5,167.71428571428));
#2466 = ( GEOMETRIC_REPRESENTATION_CONTEXT(2) 
PARAMETRIC_REPRESENTATION_CONTEXT() REPRESENTATION_CONTEXT('2D SPACE',''
  ) );
#2467 = PCURVE('',#2468,#2473);
#2468 = PLANE('',#2469);
#2469 = AXIS2_PLACEMENT_3D('',#2470,#2471,#2472);
#2470 = CARTESIAN_POINT('',(163.71428571428,-4.5,15.5));
#2471 = DIRECTION('',(0.,0.,1.));
#2472 = DIRECTION('',(1.,0.,0.));
#2473 = DEFINITIONAL_REPRESENTATION('',(#2474),#2477);
#2474 = B_SPLINE_CURVE_WITH_KNOTS('',1,(#2475,#2476),.UNSPECIFIED.,.F.,
  .F.,(2,2),(81.857142857143,85.857142857143),.PIECEWISE_BEZIER_KNOTS.);
#2475 = CARTESIAN_POINT('',(0.,4.5));
#2476 = CARTESIAN_POINT('',(4.,4.5));
#2477 = ( GEOMETRIC_REPRESENTATION_CONTEXT(2) 
PARAMETRIC_REPRESENTATION_CONTEXT() REPRESENTATION_CONTEXT('2D SPACE',''
  ) );
#2478 = ORIENTED_EDGE('',*,*,#2479,.F.);
#2479 = EDGE_CURVE('',#2402,#2454,#2480,.T.);
#2480 = SURFACE_CURVE('',#2481,(#2485,#2491),.PCURVE_S1.);
#2481 = LINE('',#2482,#2483);
#2482 = CARTESIAN_POINT('',(167.71428571428,0.,7.75));
#2483 = VECTOR('',#2484,1.);
#2484 = DIRECTION('',(0.,0.,-1.));
#2485 = PCURVE('',#1119,#2486);
#2486 = DEFINITIONAL_REPRESENTATION('',(#2487),#2490);
#2487 = B_SPLINE_CURVE_WITH_KNOTS('',1,(#2488,#2489),.UNSPECIFIED.,.F.,
  .F.,(2,2),(-37.75,-7.75),.PIECEWISE_BEZIER_KNOTS.);
#2488 = CARTESIAN_POINT('',(45.5,167.71428571428));
#2489 = CARTESIAN_POINT('',(15.5,167.71428571428));
#2490 = ( GEOMETRIC_REPRESENTATION_CONTEXT(2) 
PARAMETRIC_REPRESENTATION_CONTEXT() REPRESENTATION_CONTEXT('2D SPACE',''
  ) );
#2491 = PCURVE('',#2492,#2497);
#2492 = PLANE('',#2493);
#2493 = AXIS2_PLACEMENT_3D('',#2494,#2495,#2496);
#2494 = CARTESIAN_POINT('',(167.71428571428,-4.5,15.5));
#2495 = DIRECTION('',(1.,0.,0.));
#2496 = DIRECTION('',(0.,0.,1.));
#2497 = DEFINITIONAL_REPRESENTATION('',(#2498),#2501);
#2498 = B_SPLINE_CURVE_WITH_KNOTS('',1,(#2499,#2500),.UNSPECIFIED.,.F.,
  .F.,(2,2),(-37.75,-7.75),.PIECEWISE_BEZIER_KNOTS.);
#2499 = CARTESIAN_POINT('',(30.,-4.5));
#2500 = CARTESIAN_POINT('',(0.,-4.5));
#2501 = ( GEOMETRIC_REPRESENTATION_CONTEXT(2) 
PARAMETRIC_REPRESENTATION_CONTEXT() REPRESENTATION_CONTEXT('2D SPACE',''
  ) );
#2502 = FACE_BOUND('',#2503,.F.);
#2503 = EDGE_LOOP('',(#2504,#2532,#2558,#2584));
#2504 = ORIENTED_EDGE('',*,*,#2505,.F.);
#2505 = EDGE_CURVE('',#2506,#2508,#2510,.T.);
#2506 = VERTEX_POINT('',#2507);
#2507 = CARTESIAN_POINT('',(205.14285714285,0.,45.5));
#2508 = VERTEX_POINT('',#2509);
#2509 = CARTESIAN_POINT('',(209.14285714285,0.,45.5));
#2510 = SURFACE_CURVE('',#2511,(#2515,#2521),.PCURVE_S1.);
#2511 = LINE('',#2512,#2513);
#2512 = CARTESIAN_POINT('',(102.57142857142,0.,45.5));
#2513 = VECTOR('',#2514,1.);
#2514 = DIRECTION('',(1.,0.,0.));
#2515 = PCURVE('',#1119,#2516);
#2516 = DEFINITIONAL_REPRESENTATION('',(#2517),#2520);
#2517 = B_SPLINE_CURVE_WITH_KNOTS('',1,(#2518,#2519),.UNSPECIFIED.,.F.,
  .F.,(2,2),(102.57142857142,106.57142857142),.PIECEWISE_BEZIER_KNOTS.);
#2518 = CARTESIAN_POINT('',(45.5,205.14285714285));
#2519 = CARTESIAN_POINT('',(45.5,209.14285714285));
#2520 = ( GEOMETRIC_REPRESENTATION_CONTEXT(2) 
PARAMETRIC_REPRESENTATION_CONTEXT() REPRESENTATION_CONTEXT('2D SPACE',''
  ) );
#2521 = PCURVE('',#2522,#2527);
#2522 = PLANE('',#2523);
#2523 = AXIS2_PLACEMENT_3D('',#2524,#2525,#2526);
#2524 = CARTESIAN_POINT('',(205.14285714285,-4.5,45.5));
#2525 = DIRECTION('',(0.,0.,1.));
#2526 = DIRECTION('',(1.,0.,0.));
#2527 = DEFINITIONAL_REPRESENTATION('',(#2528),#2531);
#2528 = B_SPLINE_CURVE_WITH_KNOTS('',1,(#2529,#2530),.UNSPECIFIED.,.F.,
  .F.,(2,2),(102.57142857142,106.57142857142),.PIECEWISE_BEZIER_KNOTS.);
#2529 = CARTESIAN_POINT('',(0.,4.5));
#2530 = CARTESIAN_POINT('',(4.,4.5));
#2531 = ( GEOMETRIC_REPRESENTATION_CONTEXT(2) 
PARAMETRIC_REPRESENTATION_CONTEXT() REPRESENTATION_CONTEXT('2D SPACE',''
  ) );
#2532 = ORIENTED_EDGE('',*,*,#2533,.T.);
#2533 = EDGE_CURVE('',#2506,#2534,#2536,.T.);
#2534 = VERTEX_POINT('',#2535);
#2535 = CARTESIAN_POINT('',(205.14285714285,0.,15.5));
#2536 = SURFACE_CURVE('',#2537,(#2541,#2547),.PCURVE_S1.);
#2537 = LINE('',#2538,#2539);
#2538 = CARTESIAN_POINT('',(205.14285714285,0.,7.75));
#2539 = VECTOR('',#2540,1.);
#2540 = DIRECTION('',(0.,0.,-1.));
#2541 = PCURVE('',#1119,#2542);
#2542 = DEFINITIONAL_REPRESENTATION('',(#2543),#2546);
#2543 = B_SPLINE_CURVE_WITH_KNOTS('',1,(#2544,#2545),.UNSPECIFIED.,.F.,
  .F.,(2,2),(-37.75,-7.75),.PIECEWISE_BEZIER_KNOTS.);
#2544 = CARTESIAN_POINT('',(45.5,205.14285714285));
#2545 = CARTESIAN_POINT('',(15.5,205.14285714285));
#2546 = ( GEOMETRIC_REPRESENTATION_CONTEXT(2) 
PARAMETRIC_REPRESENTATION_CONTEXT() REPRESENTATION_CONTEXT('2D SPACE',''
  ) );
#2547 = PCURVE('',#2548,#2553);
#2548 = PLANE('',#2549);
#2549 = AXIS2_PLACEMENT_3D('',#2550,#2551,#2552);
#2550 = CARTESIAN_POINT('',(205.14285714285,-4.5,15.5));
#2551 = DIRECTION('',(1.,0.,0.));
#2552 = DIRECTION('',(0.,0.,1.));
#2553 = DEFINITIONAL_REPRESENTATION('',(#2554),#2557);
#2554 = B_SPLINE_CURVE_WITH_KNOTS('',1,(#2555,#2556),.UNSPECIFIED.,.F.,
  .F.,(2,2),(-37.75,-7.75),.PIECEWISE_BEZIER_KNOTS.);
#2555 = CARTESIAN_POINT('',(30.,-4.5));
#2556 = CARTESIAN_POINT('',(0.,-4.5));
#2557 = ( GEOMETRIC_REPRESENTATION_CONTEXT(2) 
PARAMETRIC_REPRESENTATION_CONTEXT() REPRESENTATION_CONTEXT('2D SPACE',''
  ) );
#2558 = ORIENTED_EDGE('',*,*,#2559,.T.);
#2559 = EDGE_CURVE('',#2534,#2560,#2562,.T.);
#2560 = VERTEX_POINT('',#2561);
#2561 = CARTESIAN_POINT('',(209.14285714285,0.,15.5));
#2562 = SURFACE_CURVE('',#2563,(#2567,#2573),.PCURVE_S1.);
#2563 = LINE('',#2564,#2565);
#2564 = CARTESIAN_POINT('',(102.57142857142,0.,15.5));
#2565 = VECTOR('',#2566,1.);
#2566 = DIRECTION('',(1.,0.,0.));
#2567 = PCURVE('',#1119,#2568);
#2568 = DEFINITIONAL_REPRESENTATION('',(#2569),#2572);
#2569 = B_SPLINE_CURVE_WITH_KNOTS('',1,(#2570,#2571),.UNSPECIFIED.,.F.,
  .F.,(2,2),(102.57142857142,106.57142857142),.PIECEWISE_BEZIER_KNOTS.);
#2570 = CARTESIAN_POINT('',(15.5,205.14285714285));
#2571 = CARTESIAN_POINT('',(15.5,209.14285714285));
#2572 = ( GEOMETRIC_REPRESENTATION_CONTEXT(2) 
PARAMETRIC_REPRESENTATION_CONTEXT() REPRESENTATION_CONTEXT('2D SPACE',''
  ) );
#2573 = PCURVE('',#2574,#2579);
#2574 = PLANE('',#2575);
#2575 = AXIS2_PLACEMENT_3D('',#2576,#2577,#2578);
#2576 = CARTESIAN_POINT('',(205.14285714285,-4.5,15.5));
#2577 = DIRECTION('',(0.,0.,1.));
#2578 = DIRECTION('',(1.,0.,0.));
#2579 = DEFINITIONAL_REPRESENTATION('',(#2580),#2583);
#2580 = B_SPLINE_CURVE_WITH_KNOTS('',1,(#2581,#2582),.UNSPECIFIED.,.F.,
  .F.,(2,2),(102.57142857142,106.57142857142),.PIECEWISE_BEZIER_KNOTS.);
#2581 = CARTESIAN_POINT('',(0.,4.5));
#2582 = CARTESIAN_POINT('',(4.,4.5));
#2583 = ( GEOMETRIC_REPRESENTATION_CONTEXT(2) 
PARAMETRIC_REPRESENTATION_CONTEXT() REPRESENTATION_CONTEXT('2D SPACE',''
  ) );
#2584 = ORIENTED_EDGE('',*,*,#2585,.F.);
#2585 = EDGE_CURVE('',#2508,#2560,#2586,.T.);
#2586 = SURFACE_CURVE('',#2587,(#2591,#2597),.PCURVE_S1.);
#2587 = LINE('',#2588,#2589);
#2588 = CARTESIAN_POINT('',(209.14285714285,0.,7.75));
#2589 = VECTOR('',#2590,1.);
#2590 = DIRECTION('',(0.,0.,-1.));
#2591 = PCURVE('',#1119,#2592);
#2592 = DEFINITIONAL_REPRESENTATION('',(#2593),#2596);
#2593 = B_SPLINE_CURVE_WITH_KNOTS('',1,(#2594,#2595),.UNSPECIFIED.,.F.,
  .F.,(2,2),(-37.75,-7.75),.PIECEWISE_BEZIER_KNOTS.);
#2594 = CARTESIAN_POINT('',(45.5,209.14285714285));
#2595 = CARTESIAN_POINT('',(15.5,209.14285714285));
#2596 = ( GEOMETRIC_REPRESENTATION_CONTEXT(2) 
PARAMETRIC_REPRESENTATION_CONTEXT() REPRESENTATION_CONTEXT('2D SPACE',''
  ) );
#2597 = PCURVE('',#2598,#2603);
#2598 = PLANE('',#2599);
#2599 = AXIS2_PLACEMENT_3D('',#2600,#2601,#2602);
#2600 = CARTESIAN_POINT('',(209.14285714285,-4.5,15.5));
#2601 = DIRECTION('',(1.,0.,0.));
#2602 = DIRECTION('',(0.,0.,1.));
#2603 = DEFINITIONAL_REPRESENTATION('',(#2604),#2607);
#2604 = B_SPLINE_CURVE_WITH_KNOTS('',1,(#2605,#2606),.UNSPECIFIED.,.F.,
  .F.,(2,2),(-37.75,-7.75),.PIECEWISE_BEZIER_KNOTS.);
#2605 = CARTESIAN_POINT('',(30.,-4.5));
#2606 = CARTESIAN_POINT('',(0.,-4.5));
#2607 = ( GEOMETRIC_REPRESENTATION_CONTEXT(2) 
PARAMETRIC_REPRESENTATION_CONTEXT() REPRESENTATION_CONTEXT('2D SPACE',''
  ) );
#2608 = FACE_BOUND('',#2609,.F.);
#2609 = EDGE_LOOP('',(#2610,#2638,#2664,#2690));
#2610 = ORIENTED_EDGE('',*,*,#2611,.F.);
#2611 = EDGE_CURVE('',#2612,#2614,#2616,.T.);
#2612 = VERTEX_POINT('',#2613);
#2613 = CARTESIAN_POINT('',(246.57142857142,0.,45.5));
#2614 = VERTEX_POINT('',#2615);
#2615 = CARTESIAN_POINT('',(250.57142857142,0.,45.5));
#2616 = SURFACE_CURVE('',#2617,(#2621,#2627),.PCURVE_S1.);
#2617 = LINE('',#2618,#2619);
#2618 = CARTESIAN_POINT('',(123.28571428571,0.,45.5));
#2619 = VECTOR('',#2620,1.);
#2620 = DIRECTION('',(1.,0.,0.));
#2621 = PCURVE('',#1119,#2622);
#2622 = DEFINITIONAL_REPRESENTATION('',(#2623),#2626);
#2623 = B_SPLINE_CURVE_WITH_KNOTS('',1,(#2624,#2625),.UNSPECIFIED.,.F.,
  .F.,(2,2),(123.28571428571,127.28571428571),.PIECEWISE_BEZIER_KNOTS.);
#2624 = CARTESIAN_POINT('',(45.5,246.57142857142));
#2625 = CARTESIAN_POINT('',(45.5,250.57142857142));
#2626 = ( GEOMETRIC_REPRESENTATION_CONTEXT(2) 
PARAMETRIC_REPRESENTATION_CONTEXT() REPRESENTATION_CONTEXT('2D SPACE',''
  ) );
#2627 = PCURVE('',#2628,#2633);
#2628 = PLANE('',#2629);
#2629 = AXIS2_PLACEMENT_3D('',#2630,#2631,#2632);
#2630 = CARTESIAN_POINT('',(246.57142857142,-4.5,45.5));
#2631 = DIRECTION('',(0.,0.,1.));
#2632 = DIRECTION('',(1.,0.,0.));
#2633 = DEFINITIONAL_REPRESENTATION('',(#2634),#2637);
#2634 = B_SPLINE_CURVE_WITH_KNOTS('',1,(#2635,#2636),.UNSPECIFIED.,.F.,
  .F.,(2,2),(123.28571428571,127.28571428571),.PIECEWISE_BEZIER_KNOTS.);
#2635 = CARTESIAN_POINT('',(0.,4.5));
#2636 = CARTESIAN_POINT('',(4.,4.5));
#2637 = ( GEOMETRIC_REPRESENTATION_CONTEXT(2) 
PARAMETRIC_REPRESENTATION_CONTEXT() REPRESENTATION_CONTEXT('2D SPACE',''
  ) );
#2638 = ORIENTED_EDGE('',*,*,#2639,.T.);
#2639 = EDGE_CURVE('',#2612,#2640,#2642,.T.);
#2640 = VERTEX_POINT('',#2641);
#2641 = CARTESIAN_POINT('',(246.57142857142,0.,15.5));
#2642 = SURFACE_CURVE('',#2643,(#2647,#2653),.PCURVE_S1.);
#2643 = LINE('',#2644,#2645);
#2644 = CARTESIAN_POINT('',(246.57142857142,0.,7.75));
#2645 = VECTOR('',#2646,1.);
#2646 = DIRECTION('',(0.,0.,-1.));
#2647 = PCURVE('',#1119,#2648);
#2648 = DEFINITIONAL_REPRESENTATION('',(#2649),#2652);
#2649 = B_SPLINE_CURVE_WITH_KNOTS('',1,(#2650,#2651),.UNSPECIFIED.,.F.,
  .F.,(2,2),(-37.75,-7.75),.PIECEWISE_BEZIER_KNOTS.);
#2650 = CARTESIAN_POINT('',(45.5,246.57142857142));
#2651 = CARTESIAN_POINT('',(15.5,246.57142857142));
#2652 = ( GEOMETRIC_REPRESENTATION_CONTEXT(2) 
PARAMETRIC_REPRESENTATION_CONTEXT() REPRESENTATION_CONTEXT('2D SPACE',''
  ) );
#2653 = PCURVE('',#2654,#2659);
#2654 = PLANE('',#2655);
#2655 = AXIS2_PLACEMENT_3D('',#2656,#2657,#2658);
#2656 = CARTESIAN_POINT('',(246.57142857142,-4.5,15.5));
#2657 = DIRECTION('',(1.,0.,0.));
#2658 = DIRECTION('',(0.,0.,1.));
#2659 = DEFINITIONAL_REPRESENTATION('',(#2660),#2663);
#2660 = B_SPLINE_CURVE_WITH_KNOTS('',1,(#2661,#2662),.UNSPECIFIED.,.F.,
  .F.,(2,2),(-37.75,-7.75),.PIECEWISE_BEZIER_KNOTS.);
#2661 = CARTESIAN_POINT('',(30.,-4.5));
#2662 = CARTESIAN_POINT('',(0.,-4.5));
#2663 = ( GEOMETRIC_REPRESENTATION_CONTEXT(2) 
PARAMETRIC_REPRESENTATION_CONTEXT() REPRESENTATION_CONTEXT('2D SPACE',''
  ) );
#2664 = ORIENTED_EDGE('',*,*,#2665,.T.);
#2665 = EDGE_CURVE('',#2640,#2666,#2668,.T.);
#2666 = VERTEX_POINT('',#2667);
#2667 = CARTESIAN_POINT('',(250.57142857142,0.,15.5));
#2668 = SURFACE_CURVE('',#2669,(#2673,#2679),.PCURVE_S1.);
#2669 = LINE('',#2670,#2671);
#2670 = CARTESIAN_POINT('',(123.28571428571,0.,15.5));
#2671 = VECTOR('',#2672,1.);
#2672 = DIRECTION('',(1.,0.,0.));
#2673 = PCURVE('',#1119,#2674);
#2674 = DEFINITIONAL_REPRESENTATION('',(#2675),#2678);
#2675 = B_SPLINE_CURVE_WITH_KNOTS('',1,(#2676,#2677),.UNSPECIFIED.,.F.,
  .F.,(2,2),(123.28571428571,127.28571428571),.PIECEWISE_BEZIER_KNOTS.);
#2676 = CARTESIAN_POINT('',(15.5,246.57142857142));
#2677 = CARTESIAN_POINT('',(15.5,250.57142857142));
#2678 = ( GEOMETRIC_REPRESENTATION_CONTEXT(2) 
PARAMETRIC_REPRESENTATION_CONTEXT() REPRESENTATION_CONTEXT('2D SPACE',''
  ) );
#2679 = PCURVE('',#2680,#2685);
#2680 = PLANE('',#2681);
#2681 = AXIS2_PLACEMENT_3D('',#2682,#2683,#2684);
#2682 = CARTESIAN_POINT('',(246.57142857142,-4.5,15.5));
#2683 = DIRECTION('',(0.,0.,1.));
#2684 = DIRECTION('',(1.,0.,0.));
#2685 = DEFINITIONAL_REPRESENTATION('',(#2686),#2689);
#2686 = B_SPLINE_CURVE_WITH_KNOTS('',1,(#2687,#2688),.UNSPECIFIED.,.F.,
  .F.,(2,2),(123.28571428571,127.28571428571),.PIECEWISE_BEZIER_KNOTS.);
#2687 = CARTESIAN_POINT('',(0.,4.5));
#2688 = CARTESIAN_POINT('',(4.,4.5));
#2689 = ( GEOMETRIC_REPRESENTATION_CONTEXT(2) 
PARAMETRIC_REPRESENTATION_CONTEXT() REPRESENTATION_CONTEXT('2D SPACE',''
  ) );
#2690 = ORIENTED_EDGE('',*,*,#2691,.F.);
#2691 = EDGE_CURVE('',#2614,#2666,#2692,.T.);
#2692 = SURFACE_CURVE('',#2693,(#2697,#2703),.PCURVE_S1.);
#2693 = LINE('',#2694,#2695);
#2694 = CARTESIAN_POINT('',(250.57142857142,0.,7.75));
#2695 = VECTOR('',#2696,1.);
#2696 = DIRECTION('',(0.,0.,-1.));
#2697 = PCURVE('',#1119,#2698);
#2698 = DEFINITIONAL_REPRESENTATION('',(#2699),#2702);
#2699 = B_SPLINE_CURVE_WITH_KNOTS('',1,(#2700,#2701),.UNSPECIFIED.,.F.,
  .F.,(2,2),(-37.75,-7.75),.PIECEWISE_BEZIER_KNOTS.);
#2700 = CARTESIAN_POINT('',(45.5,250.57142857142));
#2701 = CARTESIAN_POINT('',(15.5,250.57142857142));
#2702 = ( GEOMETRIC_REPRESENTATION_CONTEXT(2) 
PARAMETRIC_REPRESENTATION_CONTEXT() REPRESENTATION_CONTEXT('2D SPACE',''
  ) );
#2703 = PCURVE('',#2704,#2709);
#2704 = PLANE('',#2705);
#2705 = AXIS2_PLACEMENT_3D('',#2706,#2707,#2708);
#2706 = CARTESIAN_POINT('',(250.57142857142,-4.5,15.5));
#2707 = DIRECTION('',(1.,0.,0.));
#2708 = DIRECTION('',(0.,0.,1.));
#2709 = DEFINITIONAL_REPRESENTATION('',(#2710),#2713);
#2710 = B_SPLINE_CURVE_WITH_KNOTS('',1,(#2711,#2712),.UNSPECIFIED.,.F.,
  .F.,(2,2),(-37.75,-7.75),.PIECEWISE_BEZIER_KNOTS.);
#2711 = CARTESIAN_POINT('',(30.,-4.5));
#2712 = CARTESIAN_POINT('',(0.,-4.5));
#2713 = ( GEOMETRIC_REPRESENTATION_CONTEXT(2) 
PARAMETRIC_REPRESENTATION_CONTEXT() REPRESENTATION_CONTEXT('2D SPACE',''
  ) );
#2714 = ADVANCED_FACE('',(#2715),#1093,.T.);
#2715 = FACE_BOUND('',#2716,.T.);
#2716 = EDGE_LOOP('',(#2717,#2718,#2719,#2747));
#2717 = ORIENTED_EDGE('',*,*,#1078,.F.);
#2718 = ORIENTED_EDGE('',*,*,#2324,.T.);
#2719 = ORIENTED_EDGE('',*,*,#2720,.T.);
#2720 = EDGE_CURVE('',#2325,#2721,#2723,.T.);
#2721 = VERTEX_POINT('',#2722);
#2722 = CARTESIAN_POINT('',(215.87519231907,2.,58.));
#2723 = SURFACE_CURVE('',#2724,(#2729,#2740),.PCURVE_S1.);
#2724 = CIRCLE('',#2725,1.7);
#2725 = AXIS2_PLACEMENT_3D('',#2726,#2727,#2728);
#2726 = CARTESIAN_POINT('',(217.5,1.5,58.));
#2727 = DIRECTION('',(0.,0.,-1.));
#2728 = DIRECTION('',(1.,0.,0.));
#2729 = PCURVE('',#1093,#2730);
#2730 = DEFINITIONAL_REPRESENTATION('',(#2731),#2739);
#2731 = ( BOUNDED_CURVE() B_SPLINE_CURVE(2,(#2732,#2733,#2734,#2735,
#2736,#2737,#2738),.UNSPECIFIED.,.T.,.F.) B_SPLINE_CURVE_WITH_KNOTS((1,2
    ,2,2,2,1),(-2.094395102393,0.,2.094395102393,4.188790204786,
6.28318530718,8.377580409573),.UNSPECIFIED.) CURVE() 
GEOMETRIC_REPRESENTATION_ITEM() RATIONAL_B_SPLINE_CURVE((1.,0.5,1.,0.5,
1.,0.5,1.)) REPRESENTATION_ITEM('') );
#2732 = CARTESIAN_POINT('',(219.2,1.5));
#2733 = CARTESIAN_POINT('',(219.2,-1.444486372867));
#2734 = CARTESIAN_POINT('',(216.65,2.775681356645E-02));
#2735 = CARTESIAN_POINT('',(214.1,1.5));
#2736 = CARTESIAN_POINT('',(216.65,2.972243186434));
#2737 = CARTESIAN_POINT('',(219.2,4.444486372867));
#2738 = CARTESIAN_POINT('',(219.2,1.5));
#2739 = ( GEOMETRIC_REPRESENTATION_CONTEXT(2) 
PARAMETRIC_REPRESENTATION_CONTEXT() REPRESENTATION_CONTEXT('2D SPACE',''
  ) );
#2740 = PCURVE('',#2362,#2741);
#2741 = DEFINITIONAL_REPRESENTATION('',(#2742),#2746);
#2742 = LINE('',#2743,#2744);
#2743 = CARTESIAN_POINT('',(-6.28318530718,-14.));
#2744 = VECTOR('',#2745,1.);
#2745 = DIRECTION('',(1.,-0.));
#2746 = ( GEOMETRIC_REPRESENTATION_CONTEXT(2) 
PARAMETRIC_REPRESENTATION_CONTEXT() REPRESENTATION_CONTEXT('2D SPACE',''
  ) );
#2747 = ORIENTED_EDGE('',*,*,#2748,.T.);
#2748 = EDGE_CURVE('',#2721,#1053,#2749,.T.);
#2749 = SURFACE_CURVE('',#2750,(#2754,#2760),.PCURVE_S1.);
#2750 = LINE('',#2751,#2752);
#2751 = CARTESIAN_POINT('',(1.,2.,58.));
#2752 = VECTOR('',#2753,1.);
#2753 = DIRECTION('',(-1.,0.,0.));
#2754 = PCURVE('',#1093,#2755);
#2755 = DEFINITIONAL_REPRESENTATION('',(#2756),#2759);
#2756 = B_SPLINE_CURVE_WITH_KNOTS('',1,(#2757,#2758),.UNSPECIFIED.,.F.,
  .F.,(2,2),(-287.,-1.),.PIECEWISE_BEZIER_KNOTS.);
#2757 = CARTESIAN_POINT('',(288.,2.));
#2758 = CARTESIAN_POINT('',(2.,2.));
#2759 = ( GEOMETRIC_REPRESENTATION_CONTEXT(2) 
PARAMETRIC_REPRESENTATION_CONTEXT() REPRESENTATION_CONTEXT('2D SPACE',''
  ) );
#2760 = PCURVE('',#1067,#2761);
#2761 = DEFINITIONAL_REPRESENTATION('',(#2762),#2765);
#2762 = B_SPLINE_CURVE_WITH_KNOTS('',1,(#2763,#2764),.UNSPECIFIED.,.F.,
  .F.,(2,2),(-287.,-1.),.PIECEWISE_BEZIER_KNOTS.);
#2763 = CARTESIAN_POINT('',(286.,-4.));
#2764 = CARTESIAN_POINT('',(0.,-4.));
#2765 = ( GEOMETRIC_REPRESENTATION_CONTEXT(2) 
PARAMETRIC_REPRESENTATION_CONTEXT() REPRESENTATION_CONTEXT('2D SPACE',''
  ) );
#2766 = ADVANCED_FACE('',(#2767),#1067,.T.);
#2767 = FACE_BOUND('',#2768,.T.);
#2768 = EDGE_LOOP('',(#2769,#2792,#2793,#2794));
#2769 = ORIENTED_EDGE('',*,*,#2770,.F.);
#2770 = EDGE_CURVE('',#1027,#2771,#2773,.T.);
#2771 = VERTEX_POINT('',#2772);
#2772 = CARTESIAN_POINT('',(215.87519231907,2.,54.));
#2773 = SURFACE_CURVE('',#2774,(#2778,#2785),.PCURVE_S1.);
#2774 = LINE('',#2775,#2776);
#2775 = CARTESIAN_POINT('',(2.,2.,54.));
#2776 = VECTOR('',#2777,1.);
#2777 = DIRECTION('',(1.,0.,0.));
#2778 = PCURVE('',#1067,#2779);
#2779 = DEFINITIONAL_REPRESENTATION('',(#2780),#2784);
#2780 = LINE('',#2781,#2782);
#2781 = CARTESIAN_POINT('',(0.,0.));
#2782 = VECTOR('',#2783,1.);
#2783 = DIRECTION('',(1.,0.));
#2784 = ( GEOMETRIC_REPRESENTATION_CONTEXT(2) 
PARAMETRIC_REPRESENTATION_CONTEXT() REPRESENTATION_CONTEXT('2D SPACE',''
  ) );
#2785 = PCURVE('',#1041,#2786);
#2786 = DEFINITIONAL_REPRESENTATION('',(#2787),#2791);
#2787 = LINE('',#2788,#2789);
#2788 = CARTESIAN_POINT('',(-143.,-98.));
#2789 = VECTOR('',#2790,1.);
#2790 = DIRECTION('',(1.,0.));
#2791 = ( GEOMETRIC_REPRESENTATION_CONTEXT(2) 
PARAMETRIC_REPRESENTATION_CONTEXT() REPRESENTATION_CONTEXT('2D SPACE',''
  ) );
#2792 = ORIENTED_EDGE('',*,*,#1052,.F.);
#2793 = ORIENTED_EDGE('',*,*,#2748,.F.);
#2794 = ORIENTED_EDGE('',*,*,#2795,.T.);
#2795 = EDGE_CURVE('',#2721,#2771,#2796,.T.);
#2796 = SURFACE_CURVE('',#2797,(#2801,#2807),.PCURVE_S1.);
#2797 = LINE('',#2798,#2799);
#2798 = CARTESIAN_POINT('',(215.87519231907,2.,44.));
#2799 = VECTOR('',#2800,1.);
#2800 = DIRECTION('',(-0.,-0.,-1.));
#2801 = PCURVE('',#1067,#2802);
#2802 = DEFINITIONAL_REPRESENTATION('',(#2803),#2806);
#2803 = B_SPLINE_CURVE_WITH_KNOTS('',1,(#2804,#2805),.UNSPECIFIED.,.F.,
  .F.,(2,2),(-14.4,-9.6),.PIECEWISE_BEZIER_KNOTS.);
#2804 = CARTESIAN_POINT('',(213.87519231907,-4.4));
#2805 = CARTESIAN_POINT('',(213.87519231907,0.4));
#2806 = ( GEOMETRIC_REPRESENTATION_CONTEXT(2) 
PARAMETRIC_REPRESENTATION_CONTEXT() REPRESENTATION_CONTEXT('2D SPACE',''
  ) );
#2807 = PCURVE('',#2362,#2808);
#2808 = DEFINITIONAL_REPRESENTATION('',(#2809),#2812);
#2809 = B_SPLINE_CURVE_WITH_KNOTS('',1,(#2810,#2811),.UNSPECIFIED.,.F.,
  .F.,(2,2),(-14.4,-9.6),.PIECEWISE_BEZIER_KNOTS.);
#2810 = CARTESIAN_POINT('',(-2.843060452405,-14.4));
#2811 = CARTESIAN_POINT('',(-2.843060452405,-9.6));
#2812 = ( GEOMETRIC_REPRESENTATION_CONTEXT(2) 
PARAMETRIC_REPRESENTATION_CONTEXT() REPRESENTATION_CONTEXT('2D SPACE',''
  ) );
#2813 = ADVANCED_FACE('',(#2814),#1041,.T.);
#2814 = FACE_BOUND('',#2815,.T.);
#2815 = EDGE_LOOP('',(#2816,#2817,#2818,#2846));
#2816 = ORIENTED_EDGE('',*,*,#1026,.F.);
#2817 = ORIENTED_EDGE('',*,*,#2770,.T.);
#2818 = ORIENTED_EDGE('',*,*,#2819,.T.);
#2819 = EDGE_CURVE('',#2771,#2820,#2822,.T.);
#2820 = VERTEX_POINT('',#2821);
#2821 = CARTESIAN_POINT('',(216.7,3.,54.));
#2822 = SURFACE_CURVE('',#2823,(#2828,#2839),.PCURVE_S1.);
#2823 = CIRCLE('',#2824,1.7);
#2824 = AXIS2_PLACEMENT_3D('',#2825,#2826,#2827);
#2825 = CARTESIAN_POINT('',(217.5,1.5,54.));
#2826 = DIRECTION('',(0.,0.,-1.));
#2827 = DIRECTION('',(1.,0.,0.));
#2828 = PCURVE('',#1041,#2829);
#2829 = DEFINITIONAL_REPRESENTATION('',(#2830),#2838);
#2830 = ( BOUNDED_CURVE() B_SPLINE_CURVE(2,(#2831,#2832,#2833,#2834,
#2835,#2836,#2837),.UNSPECIFIED.,.T.,.F.) B_SPLINE_CURVE_WITH_KNOTS((1,2
    ,2,2,2,1),(-2.094395102393,0.,2.094395102393,4.188790204786,
6.28318530718,8.377580409573),.UNSPECIFIED.) CURVE() 
GEOMETRIC_REPRESENTATION_ITEM() RATIONAL_B_SPLINE_CURVE((1.,0.5,1.,0.5,
1.,0.5,1.)) REPRESENTATION_ITEM('') );
#2831 = CARTESIAN_POINT('',(74.2,-98.5));
#2832 = CARTESIAN_POINT('',(74.2,-101.4444863728));
#2833 = CARTESIAN_POINT('',(71.65,-99.97224318643));
#2834 = CARTESIAN_POINT('',(69.1,-98.5));
#2835 = CARTESIAN_POINT('',(71.65,-97.02775681356));
#2836 = CARTESIAN_POINT('',(74.2,-95.55551362713));
#2837 = CARTESIAN_POINT('',(74.2,-98.5));
#2838 = ( GEOMETRIC_REPRESENTATION_CONTEXT(2) 
PARAMETRIC_REPRESENTATION_CONTEXT() REPRESENTATION_CONTEXT('2D SPACE',''
  ) );
#2839 = PCURVE('',#2362,#2840);
#2840 = DEFINITIONAL_REPRESENTATION('',(#2841),#2845);
#2841 = LINE('',#2842,#2843);
#2842 = CARTESIAN_POINT('',(-6.28318530718,-10.));
#2843 = VECTOR('',#2844,1.);
#2844 = DIRECTION('',(1.,-0.));
#2845 = ( GEOMETRIC_REPRESENTATION_CONTEXT(2) 
PARAMETRIC_REPRESENTATION_CONTEXT() REPRESENTATION_CONTEXT('2D SPACE',''
  ) );
#2846 = ORIENTED_EDGE('',*,*,#2847,.F.);
#2847 = EDGE_CURVE('',#1001,#2820,#2848,.T.);
#2848 = SURFACE_CURVE('',#2849,(#2853,#2859),.PCURVE_S1.);
#2849 = LINE('',#2850,#2851);
#2850 = CARTESIAN_POINT('',(74.,3.,54.));
#2851 = VECTOR('',#2852,1.);
#2852 = DIRECTION('',(1.,0.,0.));
#2853 = PCURVE('',#1041,#2854);
#2854 = DEFINITIONAL_REPRESENTATION('',(#2855),#2858);
#2855 = B_SPLINE_CURVE_WITH_KNOTS('',1,(#2856,#2857),.UNSPECIFIED.,.F.,
  .F.,(2,2),(-71.,213.),.PIECEWISE_BEZIER_KNOTS.);
#2856 = CARTESIAN_POINT('',(-142.,-97.));
#2857 = CARTESIAN_POINT('',(142.,-97.));
#2858 = ( GEOMETRIC_REPRESENTATION_CONTEXT(2) 
PARAMETRIC_REPRESENTATION_CONTEXT() REPRESENTATION_CONTEXT('2D SPACE',''
  ) );
#2859 = PCURVE('',#1015,#2860);
#2860 = DEFINITIONAL_REPRESENTATION('',(#2861),#2864);
#2861 = B_SPLINE_CURVE_WITH_KNOTS('',1,(#2862,#2863),.UNSPECIFIED.,.F.,
  .F.,(2,2),(-71.,213.),.PIECEWISE_BEZIER_KNOTS.);
#2862 = CARTESIAN_POINT('',(51.,0.));
#2863 = CARTESIAN_POINT('',(51.,284.));
#2864 = ( GEOMETRIC_REPRESENTATION_CONTEXT(2) 
PARAMETRIC_REPRESENTATION_CONTEXT() REPRESENTATION_CONTEXT('2D SPACE',''
  ) );
#2865 = ADVANCED_FACE('',(#2866,#3003,#3089,#3175),#1015,.T.);
#2866 = FACE_BOUND('',#2867,.T.);
#2867 = EDGE_LOOP('',(#2868,#2893,#2914,#2915,#2916,#2937,#2958,#2979));
#2868 = ORIENTED_EDGE('',*,*,#2869,.F.);
#2869 = EDGE_CURVE('',#2870,#2872,#2874,.T.);
#2870 = VERTEX_POINT('',#2871);
#2871 = CARTESIAN_POINT('',(287.,3.,3.));
#2872 = VERTEX_POINT('',#2873);
#2873 = CARTESIAN_POINT('',(287.,3.,54.));
#2874 = SURFACE_CURVE('',#2875,(#2879,#2886),.PCURVE_S1.);
#2875 = LINE('',#2876,#2877);
#2876 = CARTESIAN_POINT('',(287.,3.,3.));
#2877 = VECTOR('',#2878,1.);
#2878 = DIRECTION('',(0.,0.,1.));
#2879 = PCURVE('',#1015,#2880);
#2880 = DEFINITIONAL_REPRESENTATION('',(#2881),#2885);
#2881 = LINE('',#2882,#2883);
#2882 = CARTESIAN_POINT('',(0.,284.));
#2883 = VECTOR('',#2884,1.);
#2884 = DIRECTION('',(1.,0.));
#2885 = ( GEOMETRIC_REPRESENTATION_CONTEXT(2) 
PARAMETRIC_REPRESENTATION_CONTEXT() REPRESENTATION_CONTEXT('2D SPACE',''
  ) );
#2886 = PCURVE('',#2017,#2887);
#2887 = DEFINITIONAL_REPRESENTATION('',(#2888),#2892);
#2888 = LINE('',#2889,#2890);
#2889 = CARTESIAN_POINT('',(0.,0.));
#2890 = VECTOR('',#2891,1.);
#2891 = DIRECTION('',(1.,0.));
#2892 = ( GEOMETRIC_REPRESENTATION_CONTEXT(2) 
PARAMETRIC_REPRESENTATION_CONTEXT() REPRESENTATION_CONTEXT('2D SPACE',''
  ) );
#2893 = ORIENTED_EDGE('',*,*,#2894,.F.);
#2894 = EDGE_CURVE('',#975,#2870,#2895,.T.);
#2895 = SURFACE_CURVE('',#2896,(#2900,#2907),.PCURVE_S1.);
#2896 = LINE('',#2897,#2898);
#2897 = CARTESIAN_POINT('',(3.,3.,3.));
#2898 = VECTOR('',#2899,1.);
#2899 = DIRECTION('',(1.,0.,0.));
#2900 = PCURVE('',#1015,#2901);
#2901 = DEFINITIONAL_REPRESENTATION('',(#2902),#2906);
#2902 = LINE('',#2903,#2904);
#2903 = CARTESIAN_POINT('',(0.,0.));
#2904 = VECTOR('',#2905,1.);
#2905 = DIRECTION('',(0.,1.));
#2906 = ( GEOMETRIC_REPRESENTATION_CONTEXT(2) 
PARAMETRIC_REPRESENTATION_CONTEXT() REPRESENTATION_CONTEXT('2D SPACE',''
  ) );
#2907 = PCURVE('',#989,#2908);
#2908 = DEFINITIONAL_REPRESENTATION('',(#2909),#2913);
#2909 = LINE('',#2910,#2911);
#2910 = CARTESIAN_POINT('',(0.,0.));
#2911 = VECTOR('',#2912,1.);
#2912 = DIRECTION('',(1.,0.));
#2913 = ( GEOMETRIC_REPRESENTATION_CONTEXT(2) 
PARAMETRIC_REPRESENTATION_CONTEXT() REPRESENTATION_CONTEXT('2D SPACE',''
  ) );
#2914 = ORIENTED_EDGE('',*,*,#1000,.F.);
#2915 = ORIENTED_EDGE('',*,*,#2847,.T.);
#2916 = ORIENTED_EDGE('',*,*,#2917,.T.);
#2917 = EDGE_CURVE('',#2820,#2918,#2920,.T.);
#2918 = VERTEX_POINT('',#2919);
#2919 = CARTESIAN_POINT('',(216.7,3.,44.));
#2920 = SURFACE_CURVE('',#2921,(#2925,#2931),.PCURVE_S1.);
#2921 = LINE('',#2922,#2923);
#2922 = CARTESIAN_POINT('',(216.7,3.,44.));
#2923 = VECTOR('',#2924,1.);
#2924 = DIRECTION('',(-0.,-0.,-1.));
#2925 = PCURVE('',#1015,#2926);
#2926 = DEFINITIONAL_REPRESENTATION('',(#2927),#2930);
#2927 = B_SPLINE_CURVE_WITH_KNOTS('',1,(#2928,#2929),.UNSPECIFIED.,.F.,
  .F.,(2,2),(-15.1,5.999999999062E-07),.PIECEWISE_BEZIER_KNOTS.);
#2928 = CARTESIAN_POINT('',(56.1,213.7));
#2929 = CARTESIAN_POINT('',(40.9999994,213.7));
#2930 = ( GEOMETRIC_REPRESENTATION_CONTEXT(2) 
PARAMETRIC_REPRESENTATION_CONTEXT() REPRESENTATION_CONTEXT('2D SPACE',''
  ) );
#2931 = PCURVE('',#2362,#2932);
#2932 = DEFINITIONAL_REPRESENTATION('',(#2933),#2936);
#2933 = B_SPLINE_CURVE_WITH_KNOTS('',1,(#2934,#2935),.UNSPECIFIED.,.F.,
  .F.,(2,2),(-15.1,5.999999999062E-07),.PIECEWISE_BEZIER_KNOTS.);
#2934 = CARTESIAN_POINT('',(-2.060753653049,-15.1));
#2935 = CARTESIAN_POINT('',(-2.060753653049,5.999999999062E-07));
#2936 = ( GEOMETRIC_REPRESENTATION_CONTEXT(2) 
PARAMETRIC_REPRESENTATION_CONTEXT() REPRESENTATION_CONTEXT('2D SPACE',''
  ) );
#2937 = ORIENTED_EDGE('',*,*,#2938,.T.);
#2938 = EDGE_CURVE('',#2918,#2939,#2941,.T.);
#2939 = VERTEX_POINT('',#2940);
#2940 = CARTESIAN_POINT('',(218.3,3.,44.));
#2941 = SURFACE_CURVE('',#2942,(#2946,#2952),.PCURVE_S1.);
#2942 = LINE('',#2943,#2944);
#2943 = CARTESIAN_POINT('',(110.25,3.,44.));
#2944 = VECTOR('',#2945,1.);
#2945 = DIRECTION('',(1.,0.,0.));
#2946 = PCURVE('',#1015,#2947);
#2947 = DEFINITIONAL_REPRESENTATION('',(#2948),#2951);
#2948 = B_SPLINE_CURVE_WITH_KNOTS('',1,(#2949,#2950),.UNSPECIFIED.,.F.,
  .F.,(2,2),(105.55,108.95),.PIECEWISE_BEZIER_KNOTS.);
#2949 = CARTESIAN_POINT('',(41.,212.8));
#2950 = CARTESIAN_POINT('',(41.,216.2));
#2951 = ( GEOMETRIC_REPRESENTATION_CONTEXT(2) 
PARAMETRIC_REPRESENTATION_CONTEXT() REPRESENTATION_CONTEXT('2D SPACE',''
  ) );
#2952 = PCURVE('',#2386,#2953);
#2953 = DEFINITIONAL_REPRESENTATION('',(#2954),#2957);
#2954 = B_SPLINE_CURVE_WITH_KNOTS('',1,(#2955,#2956),.UNSPECIFIED.,.F.,
  .F.,(2,2),(105.55,108.95),.PIECEWISE_BEZIER_KNOTS.);
#2955 = CARTESIAN_POINT('',(-1.7,1.5));
#2956 = CARTESIAN_POINT('',(1.7,1.5));
#2957 = ( GEOMETRIC_REPRESENTATION_CONTEXT(2) 
PARAMETRIC_REPRESENTATION_CONTEXT() REPRESENTATION_CONTEXT('2D SPACE',''
  ) );
#2958 = ORIENTED_EDGE('',*,*,#2959,.F.);
#2959 = EDGE_CURVE('',#2960,#2939,#2962,.T.);
#2960 = VERTEX_POINT('',#2961);
#2961 = CARTESIAN_POINT('',(218.3,3.,54.));
#2962 = SURFACE_CURVE('',#2963,(#2967,#2973),.PCURVE_S1.);
#2963 = LINE('',#2964,#2965);
#2964 = CARTESIAN_POINT('',(218.3,3.,44.));
#2965 = VECTOR('',#2966,1.);
#2966 = DIRECTION('',(-0.,-0.,-1.));
#2967 = PCURVE('',#1015,#2968);
#2968 = DEFINITIONAL_REPRESENTATION('',(#2969),#2972);
#2969 = B_SPLINE_CURVE_WITH_KNOTS('',1,(#2970,#2971),.UNSPECIFIED.,.F.,
  .F.,(2,2),(-15.1,5.999999999062E-07),.PIECEWISE_BEZIER_KNOTS.);
#2970 = CARTESIAN_POINT('',(56.1,215.3));
#2971 = CARTESIAN_POINT('',(40.9999994,215.3));
#2972 = ( GEOMETRIC_REPRESENTATION_CONTEXT(2) 
PARAMETRIC_REPRESENTATION_CONTEXT() REPRESENTATION_CONTEXT('2D SPACE',''
  ) );
#2973 = PCURVE('',#2289,#2974);
#2974 = DEFINITIONAL_REPRESENTATION('',(#2975),#2978);
#2975 = B_SPLINE_CURVE_WITH_KNOTS('',1,(#2976,#2977),.UNSPECIFIED.,.F.,
  .F.,(2,2),(-10.,-0.),.PIECEWISE_BEZIER_KNOTS.);
#2976 = CARTESIAN_POINT('',(-7.364024307721,-10.));
#2977 = CARTESIAN_POINT('',(-7.364024307721,0.));
#2978 = ( GEOMETRIC_REPRESENTATION_CONTEXT(2) 
PARAMETRIC_REPRESENTATION_CONTEXT() REPRESENTATION_CONTEXT('2D SPACE',''
  ) );
#2979 = ORIENTED_EDGE('',*,*,#2980,.T.);
#2980 = EDGE_CURVE('',#2960,#2872,#2981,.T.);
#2981 = SURFACE_CURVE('',#2982,(#2986,#2992),.PCURVE_S1.);
#2982 = LINE('',#2983,#2984);
#2983 = CARTESIAN_POINT('',(74.,3.,54.));
#2984 = VECTOR('',#2985,1.);
#2985 = DIRECTION('',(1.,0.,0.));
#2986 = PCURVE('',#1015,#2987);
#2987 = DEFINITIONAL_REPRESENTATION('',(#2988),#2991);
#2988 = B_SPLINE_CURVE_WITH_KNOTS('',1,(#2989,#2990),.UNSPECIFIED.,.F.,
  .F.,(2,2),(-71.,213.),.PIECEWISE_BEZIER_KNOTS.);
#2989 = CARTESIAN_POINT('',(51.,0.));
#2990 = CARTESIAN_POINT('',(51.,284.));
#2991 = ( GEOMETRIC_REPRESENTATION_CONTEXT(2) 
PARAMETRIC_REPRESENTATION_CONTEXT() REPRESENTATION_CONTEXT('2D SPACE',''
  ) );
#2992 = PCURVE('',#2993,#2998);
#2993 = PLANE('',#2994);
#2994 = AXIS2_PLACEMENT_3D('',#2995,#2996,#2997);
#2995 = CARTESIAN_POINT('',(145.,100.,54.));
#2996 = DIRECTION('',(0.,0.,1.));
#2997 = DIRECTION('',(1.,0.,-0.));
#2998 = DEFINITIONAL_REPRESENTATION('',(#2999),#3002);
#2999 = B_SPLINE_CURVE_WITH_KNOTS('',1,(#3000,#3001),.UNSPECIFIED.,.F.,
  .F.,(2,2),(-71.,213.),.PIECEWISE_BEZIER_KNOTS.);
#3000 = CARTESIAN_POINT('',(-142.,-97.));
#3001 = CARTESIAN_POINT('',(142.,-97.));
#3002 = ( GEOMETRIC_REPRESENTATION_CONTEXT(2) 
PARAMETRIC_REPRESENTATION_CONTEXT() REPRESENTATION_CONTEXT('2D SPACE',''
  ) );
#3003 = FACE_BOUND('',#3004,.T.);
#3004 = EDGE_LOOP('',(#3005,#3028,#3049,#3070));
#3005 = ORIENTED_EDGE('',*,*,#3006,.F.);
#3006 = EDGE_CURVE('',#3007,#3009,#3011,.T.);
#3007 = VERTEX_POINT('',#3008);
#3008 = CARTESIAN_POINT('',(163.71428571428,3.,45.5));
#3009 = VERTEX_POINT('',#3010);
#3010 = CARTESIAN_POINT('',(167.71428571428,3.,45.5));
#3011 = SURFACE_CURVE('',#3012,(#3016,#3022),.PCURVE_S1.);
#3012 = LINE('',#3013,#3014);
#3013 = CARTESIAN_POINT('',(83.357142857143,3.,45.5));
#3014 = VECTOR('',#3015,1.);
#3015 = DIRECTION('',(1.,0.,0.));
#3016 = PCURVE('',#1015,#3017);
#3017 = DEFINITIONAL_REPRESENTATION('',(#3018),#3021);
#3018 = B_SPLINE_CURVE_WITH_KNOTS('',1,(#3019,#3020),.UNSPECIFIED.,.F.,
  .F.,(2,2),(80.357142857143,84.357142857143),.PIECEWISE_BEZIER_KNOTS.);
#3019 = CARTESIAN_POINT('',(42.5,160.71428571428));
#3020 = CARTESIAN_POINT('',(42.5,164.71428571428));
#3021 = ( GEOMETRIC_REPRESENTATION_CONTEXT(2) 
PARAMETRIC_REPRESENTATION_CONTEXT() REPRESENTATION_CONTEXT('2D SPACE',''
  ) );
#3022 = PCURVE('',#2416,#3023);
#3023 = DEFINITIONAL_REPRESENTATION('',(#3024),#3027);
#3024 = B_SPLINE_CURVE_WITH_KNOTS('',1,(#3025,#3026),.UNSPECIFIED.,.F.,
  .F.,(2,2),(80.357142857143,84.357142857143),.PIECEWISE_BEZIER_KNOTS.);
#3025 = CARTESIAN_POINT('',(0.,7.5));
#3026 = CARTESIAN_POINT('',(4.,7.5));
#3027 = ( GEOMETRIC_REPRESENTATION_CONTEXT(2) 
PARAMETRIC_REPRESENTATION_CONTEXT() REPRESENTATION_CONTEXT('2D SPACE',''
  ) );
#3028 = ORIENTED_EDGE('',*,*,#3029,.T.);
#3029 = EDGE_CURVE('',#3007,#3030,#3032,.T.);
#3030 = VERTEX_POINT('',#3031);
#3031 = CARTESIAN_POINT('',(163.71428571428,3.,15.5));
#3032 = SURFACE_CURVE('',#3033,(#3037,#3043),.PCURVE_S1.);
#3033 = LINE('',#3034,#3035);
#3034 = CARTESIAN_POINT('',(163.71428571428,3.,9.25));
#3035 = VECTOR('',#3036,1.);
#3036 = DIRECTION('',(0.,0.,-1.));
#3037 = PCURVE('',#1015,#3038);
#3038 = DEFINITIONAL_REPRESENTATION('',(#3039),#3042);
#3039 = B_SPLINE_CURVE_WITH_KNOTS('',1,(#3040,#3041),.UNSPECIFIED.,.F.,
  .F.,(2,2),(-36.25,-6.25),.PIECEWISE_BEZIER_KNOTS.);
#3040 = CARTESIAN_POINT('',(42.5,160.71428571428));
#3041 = CARTESIAN_POINT('',(12.5,160.71428571428));
#3042 = ( GEOMETRIC_REPRESENTATION_CONTEXT(2) 
PARAMETRIC_REPRESENTATION_CONTEXT() REPRESENTATION_CONTEXT('2D SPACE',''
  ) );
#3043 = PCURVE('',#2442,#3044);
#3044 = DEFINITIONAL_REPRESENTATION('',(#3045),#3048);
#3045 = B_SPLINE_CURVE_WITH_KNOTS('',1,(#3046,#3047),.UNSPECIFIED.,.F.,
  .F.,(2,2),(-36.25,-6.25),.PIECEWISE_BEZIER_KNOTS.);
#3046 = CARTESIAN_POINT('',(30.,-7.5));
#3047 = CARTESIAN_POINT('',(0.,-7.5));
#3048 = ( GEOMETRIC_REPRESENTATION_CONTEXT(2) 
PARAMETRIC_REPRESENTATION_CONTEXT() REPRESENTATION_CONTEXT('2D SPACE',''
  ) );
#3049 = ORIENTED_EDGE('',*,*,#3050,.T.);
#3050 = EDGE_CURVE('',#3030,#3051,#3053,.T.);
#3051 = VERTEX_POINT('',#3052);
#3052 = CARTESIAN_POINT('',(167.71428571428,3.,15.5));
#3053 = SURFACE_CURVE('',#3054,(#3058,#3064),.PCURVE_S1.);
#3054 = LINE('',#3055,#3056);
#3055 = CARTESIAN_POINT('',(83.357142857143,3.,15.5));
#3056 = VECTOR('',#3057,1.);
#3057 = DIRECTION('',(1.,0.,0.));
#3058 = PCURVE('',#1015,#3059);
#3059 = DEFINITIONAL_REPRESENTATION('',(#3060),#3063);
#3060 = B_SPLINE_CURVE_WITH_KNOTS('',1,(#3061,#3062),.UNSPECIFIED.,.F.,
  .F.,(2,2),(80.357142857143,84.357142857143),.PIECEWISE_BEZIER_KNOTS.);
#3061 = CARTESIAN_POINT('',(12.5,160.71428571428));
#3062 = CARTESIAN_POINT('',(12.5,164.71428571428));
#3063 = ( GEOMETRIC_REPRESENTATION_CONTEXT(2) 
PARAMETRIC_REPRESENTATION_CONTEXT() REPRESENTATION_CONTEXT('2D SPACE',''
  ) );
#3064 = PCURVE('',#2468,#3065);
#3065 = DEFINITIONAL_REPRESENTATION('',(#3066),#3069);
#3066 = B_SPLINE_CURVE_WITH_KNOTS('',1,(#3067,#3068),.UNSPECIFIED.,.F.,
  .F.,(2,2),(80.357142857143,84.357142857143),.PIECEWISE_BEZIER_KNOTS.);
#3067 = CARTESIAN_POINT('',(0.,7.5));
#3068 = CARTESIAN_POINT('',(4.,7.5));
#3069 = ( GEOMETRIC_REPRESENTATION_CONTEXT(2) 
PARAMETRIC_REPRESENTATION_CONTEXT() REPRESENTATION_CONTEXT('2D SPACE',''
  ) );
#3070 = ORIENTED_EDGE('',*,*,#3071,.F.);
#3071 = EDGE_CURVE('',#3009,#3051,#3072,.T.);
#3072 = SURFACE_CURVE('',#3073,(#3077,#3083),.PCURVE_S1.);
#3073 = LINE('',#3074,#3075);
#3074 = CARTESIAN_POINT('',(167.71428571428,3.,9.25));
#3075 = VECTOR('',#3076,1.);
#3076 = DIRECTION('',(0.,0.,-1.));
#3077 = PCURVE('',#1015,#3078);
#3078 = DEFINITIONAL_REPRESENTATION('',(#3079),#3082);
#3079 = B_SPLINE_CURVE_WITH_KNOTS('',1,(#3080,#3081),.UNSPECIFIED.,.F.,
  .F.,(2,2),(-36.25,-6.25),.PIECEWISE_BEZIER_KNOTS.);
#3080 = CARTESIAN_POINT('',(42.5,164.71428571428));
#3081 = CARTESIAN_POINT('',(12.5,164.71428571428));
#3082 = ( GEOMETRIC_REPRESENTATION_CONTEXT(2) 
PARAMETRIC_REPRESENTATION_CONTEXT() REPRESENTATION_CONTEXT('2D SPACE',''
  ) );
#3083 = PCURVE('',#2492,#3084);
#3084 = DEFINITIONAL_REPRESENTATION('',(#3085),#3088);
#3085 = B_SPLINE_CURVE_WITH_KNOTS('',1,(#3086,#3087),.UNSPECIFIED.,.F.,
  .F.,(2,2),(-36.25,-6.25),.PIECEWISE_BEZIER_KNOTS.);
#3086 = CARTESIAN_POINT('',(30.,-7.5));
#3087 = CARTESIAN_POINT('',(0.,-7.5));
#3088 = ( GEOMETRIC_REPRESENTATION_CONTEXT(2) 
PARAMETRIC_REPRESENTATION_CONTEXT() REPRESENTATION_CONTEXT('2D SPACE',''
  ) );
#3089 = FACE_BOUND('',#3090,.T.);
#3090 = EDGE_LOOP('',(#3091,#3114,#3135,#3156));
#3091 = ORIENTED_EDGE('',*,*,#3092,.F.);
#3092 = EDGE_CURVE('',#3093,#3095,#3097,.T.);
#3093 = VERTEX_POINT('',#3094);
#3094 = CARTESIAN_POINT('',(205.14285714285,3.,45.5));
#3095 = VERTEX_POINT('',#3096);
#3096 = CARTESIAN_POINT('',(209.14285714285,3.,45.5));
#3097 = SURFACE_CURVE('',#3098,(#3102,#3108),.PCURVE_S1.);
#3098 = LINE('',#3099,#3100);
#3099 = CARTESIAN_POINT('',(104.07142857142,3.,45.5));
#3100 = VECTOR('',#3101,1.);
#3101 = DIRECTION('',(1.,0.,0.));
#3102 = PCURVE('',#1015,#3103);
#3103 = DEFINITIONAL_REPRESENTATION('',(#3104),#3107);
#3104 = B_SPLINE_CURVE_WITH_KNOTS('',1,(#3105,#3106),.UNSPECIFIED.,.F.,
  .F.,(2,2),(101.07142857142,105.07142857142),.PIECEWISE_BEZIER_KNOTS.);
#3105 = CARTESIAN_POINT('',(42.5,202.14285714285));
#3106 = CARTESIAN_POINT('',(42.5,206.14285714285));
#3107 = ( GEOMETRIC_REPRESENTATION_CONTEXT(2) 
PARAMETRIC_REPRESENTATION_CONTEXT() REPRESENTATION_CONTEXT('2D SPACE',''
  ) );
#3108 = PCURVE('',#2522,#3109);
#3109 = DEFINITIONAL_REPRESENTATION('',(#3110),#3113);
#3110 = B_SPLINE_CURVE_WITH_KNOTS('',1,(#3111,#3112),.UNSPECIFIED.,.F.,
  .F.,(2,2),(101.07142857142,105.07142857142),.PIECEWISE_BEZIER_KNOTS.);
#3111 = CARTESIAN_POINT('',(0.,7.5));
#3112 = CARTESIAN_POINT('',(4.,7.5));
#3113 = ( GEOMETRIC_REPRESENTATION_CONTEXT(2) 
PARAMETRIC_REPRESENTATION_CONTEXT() REPRESENTATION_CONTEXT('2D SPACE',''
  ) );
#3114 = ORIENTED_EDGE('',*,*,#3115,.T.);
#3115 = EDGE_CURVE('',#3093,#3116,#3118,.T.);
#3116 = VERTEX_POINT('',#3117);
#3117 = CARTESIAN_POINT('',(205.14285714285,3.,15.5));
#3118 = SURFACE_CURVE('',#3119,(#3123,#3129),.PCURVE_S1.);
#3119 = LINE('',#3120,#3121);
#3120 = CARTESIAN_POINT('',(205.14285714285,3.,9.25));
#3121 = VECTOR('',#3122,1.);
#3122 = DIRECTION('',(0.,0.,-1.));
#3123 = PCURVE('',#1015,#3124);
#3124 = DEFINITIONAL_REPRESENTATION('',(#3125),#3128);
#3125 = B_SPLINE_CURVE_WITH_KNOTS('',1,(#3126,#3127),.UNSPECIFIED.,.F.,
  .F.,(2,2),(-36.25,-6.25),.PIECEWISE_BEZIER_KNOTS.);
#3126 = CARTESIAN_POINT('',(42.5,202.14285714285));
#3127 = CARTESIAN_POINT('',(12.5,202.14285714285));
#3128 = ( GEOMETRIC_REPRESENTATION_CONTEXT(2) 
PARAMETRIC_REPRESENTATION_CONTEXT() REPRESENTATION_CONTEXT('2D SPACE',''
  ) );
#3129 = PCURVE('',#2548,#3130);
#3130 = DEFINITIONAL_REPRESENTATION('',(#3131),#3134);
#3131 = B_SPLINE_CURVE_WITH_KNOTS('',1,(#3132,#3133),.UNSPECIFIED.,.F.,
  .F.,(2,2),(-36.25,-6.25),.PIECEWISE_BEZIER_KNOTS.);
#3132 = CARTESIAN_POINT('',(30.,-7.5));
#3133 = CARTESIAN_POINT('',(0.,-7.5));
#3134 = ( GEOMETRIC_REPRESENTATION_CONTEXT(2) 
PARAMETRIC_REPRESENTATION_CONTEXT() REPRESENTATION_CONTEXT('2D SPACE',''
  ) );
#3135 = ORIENTED_EDGE('',*,*,#3136,.T.);
#3136 = EDGE_CURVE('',#3116,#3137,#3139,.T.);
#3137 = VERTEX_POINT('',#3138);
#3138 = CARTESIAN_POINT('',(209.14285714285,3.,15.5));
#3139 = SURFACE_CURVE('',#3140,(#3144,#3150),.PCURVE_S1.);
#3140 = LINE('',#3141,#3142);
#3141 = CARTESIAN_POINT('',(104.07142857142,3.,15.5));
#3142 = VECTOR('',#3143,1.);
#3143 = DIRECTION('',(1.,0.,0.));
#3144 = PCURVE('',#1015,#3145);
#3145 = DEFINITIONAL_REPRESENTATION('',(#3146),#3149);
#3146 = B_SPLINE_CURVE_WITH_KNOTS('',1,(#3147,#3148),.UNSPECIFIED.,.F.,
  .F.,(2,2),(101.07142857142,105.07142857142),.PIECEWISE_BEZIER_KNOTS.);
#3147 = CARTESIAN_POINT('',(12.5,202.14285714285));
#3148 = CARTESIAN_POINT('',(12.5,206.14285714285));
#3149 = ( GEOMETRIC_REPRESENTATION_CONTEXT(2) 
PARAMETRIC_REPRESENTATION_CONTEXT() REPRESENTATION_CONTEXT('2D SPACE',''
  ) );
#3150 = PCURVE('',#2574,#3151);
#3151 = DEFINITIONAL_REPRESENTATION('',(#3152),#3155);
#3152 = B_SPLINE_CURVE_WITH_KNOTS('',1,(#3153,#3154),.UNSPECIFIED.,.F.,
  .F.,(2,2),(101.07142857142,105.07142857142),.PIECEWISE_BEZIER_KNOTS.);
#3153 = CARTESIAN_POINT('',(0.,7.5));
#3154 = CARTESIAN_POINT('',(4.,7.5));
#3155 = ( GEOMETRIC_REPRESENTATION_CONTEXT(2) 
PARAMETRIC_REPRESENTATION_CONTEXT() REPRESENTATION_CONTEXT('2D SPACE',''
  ) );
#3156 = ORIENTED_EDGE('',*,*,#3157,.F.);
#3157 = EDGE_CURVE('',#3095,#3137,#3158,.T.);
#3158 = SURFACE_CURVE('',#3159,(#3163,#3169),.PCURVE_S1.);
#3159 = LINE('',#3160,#3161);
#3160 = CARTESIAN_POINT('',(209.14285714285,3.,9.25));
#3161 = VECTOR('',#3162,1.);
#3162 = DIRECTION('',(0.,0.,-1.));
#3163 = PCURVE('',#1015,#3164);
#3164 = DEFINITIONAL_REPRESENTATION('',(#3165),#3168);
#3165 = B_SPLINE_CURVE_WITH_KNOTS('',1,(#3166,#3167),.UNSPECIFIED.,.F.,
  .F.,(2,2),(-36.25,-6.25),.PIECEWISE_BEZIER_KNOTS.);
#3166 = CARTESIAN_POINT('',(42.5,206.14285714285));
#3167 = CARTESIAN_POINT('',(12.5,206.14285714285));
#3168 = ( GEOMETRIC_REPRESENTATION_CONTEXT(2) 
PARAMETRIC_REPRESENTATION_CONTEXT() REPRESENTATION_CONTEXT('2D SPACE',''
  ) );
#3169 = PCURVE('',#2598,#3170);
#3170 = DEFINITIONAL_REPRESENTATION('',(#3171),#3174);
#3171 = B_SPLINE_CURVE_WITH_KNOTS('',1,(#3172,#3173),.UNSPECIFIED.,.F.,
  .F.,(2,2),(-36.25,-6.25),.PIECEWISE_BEZIER_KNOTS.);
#3172 = CARTESIAN_POINT('',(30.,-7.5));
#3173 = CARTESIAN_POINT('',(0.,-7.5));
#3174 = ( GEOMETRIC_REPRESENTATION_CONTEXT(2) 
PARAMETRIC_REPRESENTATION_CONTEXT() REPRESENTATION_CONTEXT('2D SPACE',''
  ) );
#3175 = FACE_BOUND('',#3176,.T.);
#3176 = EDGE_LOOP('',(#3177,#3200,#3221,#3242));
#3177 = ORIENTED_EDGE('',*,*,#3178,.F.);
#3178 = EDGE_CURVE('',#3179,#3181,#3183,.T.);
#3179 = VERTEX_POINT('',#3180);
#3180 = CARTESIAN_POINT('',(246.57142857142,3.,45.5));
#3181 = VERTEX_POINT('',#3182);
#3182 = CARTESIAN_POINT('',(250.57142857142,3.,45.5));
#3183 = SURFACE_CURVE('',#3184,(#3188,#3194),.PCURVE_S1.);
#3184 = LINE('',#3185,#3186);
#3185 = CARTESIAN_POINT('',(124.78571428571,3.,45.5));
#3186 = VECTOR('',#3187,1.);
#3187 = DIRECTION('',(1.,0.,0.));
#3188 = PCURVE('',#1015,#3189);
#3189 = DEFINITIONAL_REPRESENTATION('',(#3190),#3193);
#3190 = B_SPLINE_CURVE_WITH_KNOTS('',1,(#3191,#3192),.UNSPECIFIED.,.F.,
  .F.,(2,2),(121.78571428571,125.78571428571),.PIECEWISE_BEZIER_KNOTS.);
#3191 = CARTESIAN_POINT('',(42.5,243.57142857142));
#3192 = CARTESIAN_POINT('',(42.5,247.57142857142));
#3193 = ( GEOMETRIC_REPRESENTATION_CONTEXT(2) 
PARAMETRIC_REPRESENTATION_CONTEXT() REPRESENTATION_CONTEXT('2D SPACE',''
  ) );
#3194 = PCURVE('',#2628,#3195);
#3195 = DEFINITIONAL_REPRESENTATION('',(#3196),#3199);
#3196 = B_SPLINE_CURVE_WITH_KNOTS('',1,(#3197,#3198),.UNSPECIFIED.,.F.,
  .F.,(2,2),(121.78571428571,125.78571428571),.PIECEWISE_BEZIER_KNOTS.);
#3197 = CARTESIAN_POINT('',(0.,7.5));
#3198 = CARTESIAN_POINT('',(4.,7.5));
#3199 = ( GEOMETRIC_REPRESENTATION_CONTEXT(2) 
PARAMETRIC_REPRESENTATION_CONTEXT() REPRESENTATION_CONTEXT('2D SPACE',''
  ) );
#3200 = ORIENTED_EDGE('',*,*,#3201,.T.);
#3201 = EDGE_CURVE('',#3179,#3202,#3204,.T.);
#3202 = VERTEX_POINT('',#3203);
#3203 = CARTESIAN_POINT('',(246.57142857142,3.,15.5));
#3204 = SURFACE_CURVE('',#3205,(#3209,#3215),.PCURVE_S1.);
#3205 = LINE('',#3206,#3207);
#3206 = CARTESIAN_POINT('',(246.57142857142,3.,9.25));
#3207 = VECTOR('',#3208,1.);
#3208 = DIRECTION('',(0.,0.,-1.));
#3209 = PCURVE('',#1015,#3210);
#3210 = DEFINITIONAL_REPRESENTATION('',(#3211),#3214);
#3211 = B_SPLINE_CURVE_WITH_KNOTS('',1,(#3212,#3213),.UNSPECIFIED.,.F.,
  .F.,(2,2),(-36.25,-6.25),.PIECEWISE_BEZIER_KNOTS.);
#3212 = CARTESIAN_POINT('',(42.5,243.57142857142));
#3213 = CARTESIAN_POINT('',(12.5,243.57142857142));
#3214 = ( GEOMETRIC_REPRESENTATION_CONTEXT(2) 
PARAMETRIC_REPRESENTATION_CONTEXT() REPRESENTATION_CONTEXT('2D SPACE',''
  ) );
#3215 = PCURVE('',#2654,#3216);
#3216 = DEFINITIONAL_REPRESENTATION('',(#3217),#3220);
#3217 = B_SPLINE_CURVE_WITH_KNOTS('',1,(#3218,#3219),.UNSPECIFIED.,.F.,
  .F.,(2,2),(-36.25,-6.25),.PIECEWISE_BEZIER_KNOTS.);
#3218 = CARTESIAN_POINT('',(30.,-7.5));
#3219 = CARTESIAN_POINT('',(0.,-7.5));
#3220 = ( GEOMETRIC_REPRESENTATION_CONTEXT(2) 
PARAMETRIC_REPRESENTATION_CONTEXT() REPRESENTATION_CONTEXT('2D SPACE',''
  ) );
#3221 = ORIENTED_EDGE('',*,*,#3222,.T.);
#3222 = EDGE_CURVE('',#3202,#3223,#3225,.T.);
#3223 = VERTEX_POINT('',#3224);
#3224 = CARTESIAN_POINT('',(250.57142857142,3.,15.5));
#3225 = SURFACE_CURVE('',#3226,(#3230,#3236),.PCURVE_S1.);
#3226 = LINE('',#3227,#3228);
#3227 = CARTESIAN_POINT('',(124.78571428571,3.,15.5));
#3228 = VECTOR('',#3229,1.);
#3229 = DIRECTION('',(1.,0.,0.));
#3230 = PCURVE('',#1015,#3231);
#3231 = DEFINITIONAL_REPRESENTATION('',(#3232),#3235);
#3232 = B_SPLINE_CURVE_WITH_KNOTS('',1,(#3233,#3234),.UNSPECIFIED.,.F.,
  .F.,(2,2),(121.78571428571,125.78571428571),.PIECEWISE_BEZIER_KNOTS.);
#3233 = CARTESIAN_POINT('',(12.5,243.57142857142));
#3234 = CARTESIAN_POINT('',(12.5,247.57142857142));
#3235 = ( GEOMETRIC_REPRESENTATION_CONTEXT(2) 
PARAMETRIC_REPRESENTATION_CONTEXT() REPRESENTATION_CONTEXT('2D SPACE',''
  ) );
#3236 = PCURVE('',#2680,#3237);
#3237 = DEFINITIONAL_REPRESENTATION('',(#3238),#3241);
#3238 = B_SPLINE_CURVE_WITH_KNOTS('',1,(#3239,#3240),.UNSPECIFIED.,.F.,
  .F.,(2,2),(121.78571428571,125.78571428571),.PIECEWISE_BEZIER_KNOTS.);
#3239 = CARTESIAN_POINT('',(0.,7.5));
#3240 = CARTESIAN_POINT('',(4.,7.5));
#3241 = ( GEOMETRIC_REPRESENTATION_CONTEXT(2) 
PARAMETRIC_REPRESENTATION_CONTEXT() REPRESENTATION_CONTEXT('2D SPACE',''
  ) );
#3242 = ORIENTED_EDGE('',*,*,#3243,.F.);
#3243 = EDGE_CURVE('',#3181,#3223,#3244,.T.);
#3244 = SURFACE_CURVE('',#3245,(#3249,#3255),.PCURVE_S1.);
#3245 = LINE('',#3246,#3247);
#3246 = CARTESIAN_POINT('',(250.57142857142,3.,9.25));
#3247 = VECTOR('',#3248,1.);
#3248 = DIRECTION('',(0.,0.,-1.));
#3249 = PCURVE('',#1015,#3250);
#3250 = DEFINITIONAL_REPRESENTATION('',(#3251),#3254);
#3251 = B_SPLINE_CURVE_WITH_KNOTS('',1,(#3252,#3253),.UNSPECIFIED.,.F.,
  .F.,(2,2),(-36.25,-6.25),.PIECEWISE_BEZIER_KNOTS.);
#3252 = CARTESIAN_POINT('',(42.5,247.57142857142));
#3253 = CARTESIAN_POINT('',(12.5,247.57142857142));
#3254 = ( GEOMETRIC_REPRESENTATION_CONTEXT(2) 
PARAMETRIC_REPRESENTATION_CONTEXT() REPRESENTATION_CONTEXT('2D SPACE',''
  ) );
#3255 = PCURVE('',#2704,#3256);
#3256 = DEFINITIONAL_REPRESENTATION('',(#3257),#3260);
#3257 = B_SPLINE_CURVE_WITH_KNOTS('',1,(#3258,#3259),.UNSPECIFIED.,.F.,
  .F.,(2,2),(-36.25,-6.25),.PIECEWISE_BEZIER_KNOTS.);
#3258 = CARTESIAN_POINT('',(30.,-7.5));
#3259 = CARTESIAN_POINT('',(0.,-7.5));
#3260 = ( GEOMETRIC_REPRESENTATION_CONTEXT(2) 
PARAMETRIC_REPRESENTATION_CONTEXT() REPRESENTATION_CONTEXT('2D SPACE',''
  ) );
#3261 = ADVANCED_FACE('',(#3262),#989,.T.);
#3262 = FACE_BOUND('',#3263,.T.);
#3263 = EDGE_LOOP('',(#3264,#3265,#3266,#3267));
#3264 = ORIENTED_EDGE('',*,*,#2029,.F.);
#3265 = ORIENTED_EDGE('',*,*,#974,.F.);
#3266 = ORIENTED_EDGE('',*,*,#2894,.T.);
#3267 = ORIENTED_EDGE('',*,*,#3268,.T.);
#3268 = EDGE_CURVE('',#2870,#2000,#3269,.T.);
#3269 = SURFACE_CURVE('',#3270,(#3274,#3281),.PCURVE_S1.);
#3270 = LINE('',#3271,#3272);
#3271 = CARTESIAN_POINT('',(287.,3.,3.));
#3272 = VECTOR('',#3273,1.);
#3273 = DIRECTION('',(0.,1.,0.));
#3274 = PCURVE('',#989,#3275);
#3275 = DEFINITIONAL_REPRESENTATION('',(#3276),#3280);
#3276 = LINE('',#3277,#3278);
#3277 = CARTESIAN_POINT('',(284.,0.));
#3278 = VECTOR('',#3279,1.);
#3279 = DIRECTION('',(0.,1.));
#3280 = ( GEOMETRIC_REPRESENTATION_CONTEXT(2) 
PARAMETRIC_REPRESENTATION_CONTEXT() REPRESENTATION_CONTEXT('2D SPACE',''
  ) );
#3281 = PCURVE('',#2017,#3282);
#3282 = DEFINITIONAL_REPRESENTATION('',(#3283),#3287);
#3283 = LINE('',#3284,#3285);
#3284 = CARTESIAN_POINT('',(0.,0.));
#3285 = VECTOR('',#3286,1.);
#3286 = DIRECTION('',(0.,-1.));
#3287 = ( GEOMETRIC_REPRESENTATION_CONTEXT(2) 
PARAMETRIC_REPRESENTATION_CONTEXT() REPRESENTATION_CONTEXT('2D SPACE',''
  ) );
#3288 = ADVANCED_FACE('',(#3289),#1219,.T.);
#3289 = FACE_BOUND('',#3290,.T.);
#3290 = EDGE_LOOP('',(#3291,#3292,#3293,#3321,#3347,#3373));
#3291 = ORIENTED_EDGE('',*,*,#2300,.T.);
#3292 = ORIENTED_EDGE('',*,*,#1201,.T.);
#3293 = ORIENTED_EDGE('',*,*,#3294,.T.);
#3294 = EDGE_CURVE('',#1204,#3295,#3297,.T.);
#3295 = VERTEX_POINT('',#3296);
#3296 = CARTESIAN_POINT('',(288.,98.375192319069,58.));
#3297 = SURFACE_CURVE('',#3298,(#3303,#3314),.PCURVE_S1.);
#3298 = CIRCLE('',#3299,1.7);
#3299 = AXIS2_PLACEMENT_3D('',#3300,#3301,#3302);
#3300 = CARTESIAN_POINT('',(288.5,100.,58.));
#3301 = DIRECTION('',(0.,0.,-1.));
#3302 = DIRECTION('',(1.,0.,0.));
#3303 = PCURVE('',#1219,#3304);
#3304 = DEFINITIONAL_REPRESENTATION('',(#3305),#3313);
#3305 = ( BOUNDED_CURVE() B_SPLINE_CURVE(2,(#3306,#3307,#3308,#3309,
#3310,#3311,#3312),.UNSPECIFIED.,.T.,.F.) B_SPLINE_CURVE_WITH_KNOTS((1,2
    ,2,2,2,1),(-2.094395102393,0.,2.094395102393,4.188790204786,
6.28318530718,8.377580409573),.UNSPECIFIED.) CURVE() 
GEOMETRIC_REPRESENTATION_ITEM() RATIONAL_B_SPLINE_CURVE((1.,0.5,1.,0.5,
1.,0.5,1.)) REPRESENTATION_ITEM('') );
#3306 = CARTESIAN_POINT('',(290.2,100.));
#3307 = CARTESIAN_POINT('',(290.2,97.055513627133));
#3308 = CARTESIAN_POINT('',(287.65,98.527756813566));
#3309 = CARTESIAN_POINT('',(285.1,100.));
#3310 = CARTESIAN_POINT('',(287.65,101.47224318643));
#3311 = CARTESIAN_POINT('',(290.2,102.94448637286));
#3312 = CARTESIAN_POINT('',(290.2,100.));
#3313 = ( GEOMETRIC_REPRESENTATION_CONTEXT(2) 
PARAMETRIC_REPRESENTATION_CONTEXT() REPRESENTATION_CONTEXT('2D SPACE',''
  ) );
#3314 = PCURVE('',#1342,#3315);
#3315 = DEFINITIONAL_REPRESENTATION('',(#3316),#3320);
#3316 = LINE('',#3317,#3318);
#3317 = CARTESIAN_POINT('',(-6.28318530718,-14.));
#3318 = VECTOR('',#3319,1.);
#3319 = DIRECTION('',(1.,-0.));
#3320 = ( GEOMETRIC_REPRESENTATION_CONTEXT(2) 
PARAMETRIC_REPRESENTATION_CONTEXT() REPRESENTATION_CONTEXT('2D SPACE',''
  ) );
#3321 = ORIENTED_EDGE('',*,*,#3322,.T.);
#3322 = EDGE_CURVE('',#3295,#3323,#3325,.T.);
#3323 = VERTEX_POINT('',#3324);
#3324 = CARTESIAN_POINT('',(288.,2.,58.));
#3325 = SURFACE_CURVE('',#3326,(#3330,#3336),.PCURVE_S1.);
#3326 = LINE('',#3327,#3328);
#3327 = CARTESIAN_POINT('',(288.,1.,58.));
#3328 = VECTOR('',#3329,1.);
#3329 = DIRECTION('',(0.,-1.,0.));
#3330 = PCURVE('',#1219,#3331);
#3331 = DEFINITIONAL_REPRESENTATION('',(#3332),#3335);
#3332 = B_SPLINE_CURVE_WITH_KNOTS('',1,(#3333,#3334),.UNSPECIFIED.,.F.,
  .F.,(2,2),(-197.,-1.),.PIECEWISE_BEZIER_KNOTS.);
#3333 = CARTESIAN_POINT('',(288.,198.));
#3334 = CARTESIAN_POINT('',(288.,2.));
#3335 = ( GEOMETRIC_REPRESENTATION_CONTEXT(2) 
PARAMETRIC_REPRESENTATION_CONTEXT() REPRESENTATION_CONTEXT('2D SPACE',''
  ) );
#3336 = PCURVE('',#3337,#3342);
#3337 = PLANE('',#3338);
#3338 = AXIS2_PLACEMENT_3D('',#3339,#3340,#3341);
#3339 = CARTESIAN_POINT('',(288.,2.,54.));
#3340 = DIRECTION('',(-1.,0.,0.));
#3341 = DIRECTION('',(0.,1.,0.));
#3342 = DEFINITIONAL_REPRESENTATION('',(#3343),#3346);
#3343 = B_SPLINE_CURVE_WITH_KNOTS('',1,(#3344,#3345),.UNSPECIFIED.,.F.,
  .F.,(2,2),(-197.,-1.),.PIECEWISE_BEZIER_KNOTS.);
#3344 = CARTESIAN_POINT('',(196.,-4.));
#3345 = CARTESIAN_POINT('',(0.,-4.));
#3346 = ( GEOMETRIC_REPRESENTATION_CONTEXT(2) 
PARAMETRIC_REPRESENTATION_CONTEXT() REPRESENTATION_CONTEXT('2D SPACE',''
  ) );
#3347 = ORIENTED_EDGE('',*,*,#3348,.T.);
#3348 = EDGE_CURVE('',#3323,#3349,#3351,.T.);
#3349 = VERTEX_POINT('',#3350);
#3350 = CARTESIAN_POINT('',(219.12480768092,2.,58.));
#3351 = SURFACE_CURVE('',#3352,(#3356,#3362),.PCURVE_S1.);
#3352 = LINE('',#3353,#3354);
#3353 = CARTESIAN_POINT('',(1.,2.,58.));
#3354 = VECTOR('',#3355,1.);
#3355 = DIRECTION('',(-1.,0.,0.));
#3356 = PCURVE('',#1219,#3357);
#3357 = DEFINITIONAL_REPRESENTATION('',(#3358),#3361);
#3358 = B_SPLINE_CURVE_WITH_KNOTS('',1,(#3359,#3360),.UNSPECIFIED.,.F.,
  .F.,(2,2),(-287.,-1.),.PIECEWISE_BEZIER_KNOTS.);
#3359 = CARTESIAN_POINT('',(288.,2.));
#3360 = CARTESIAN_POINT('',(2.,2.));
#3361 = ( GEOMETRIC_REPRESENTATION_CONTEXT(2) 
PARAMETRIC_REPRESENTATION_CONTEXT() REPRESENTATION_CONTEXT('2D SPACE',''
  ) );
#3362 = PCURVE('',#3363,#3368);
#3363 = PLANE('',#3364);
#3364 = AXIS2_PLACEMENT_3D('',#3365,#3366,#3367);
#3365 = CARTESIAN_POINT('',(2.,2.,54.));
#3366 = DIRECTION('',(0.,1.,0.));
#3367 = DIRECTION('',(1.,0.,0.));
#3368 = DEFINITIONAL_REPRESENTATION('',(#3369),#3372);
#3369 = B_SPLINE_CURVE_WITH_KNOTS('',1,(#3370,#3371),.UNSPECIFIED.,.F.,
  .F.,(2,2),(-287.,-1.),.PIECEWISE_BEZIER_KNOTS.);
#3370 = CARTESIAN_POINT('',(286.,-4.));
#3371 = CARTESIAN_POINT('',(0.,-4.));
#3372 = ( GEOMETRIC_REPRESENTATION_CONTEXT(2) 
PARAMETRIC_REPRESENTATION_CONTEXT() REPRESENTATION_CONTEXT('2D SPACE',''
  ) );
#3373 = ORIENTED_EDGE('',*,*,#3374,.T.);
#3374 = EDGE_CURVE('',#3349,#2273,#3375,.T.);
#3375 = SURFACE_CURVE('',#3376,(#3381,#3392),.PCURVE_S1.);
#3376 = CIRCLE('',#3377,1.7);
#3377 = AXIS2_PLACEMENT_3D('',#3378,#3379,#3380);
#3378 = CARTESIAN_POINT('',(217.5,1.5,58.));
#3379 = DIRECTION('',(0.,0.,-1.));
#3380 = DIRECTION('',(0.955769224075,0.294117647059,0.));
#3381 = PCURVE('',#1219,#3382);
#3382 = DEFINITIONAL_REPRESENTATION('',(#3383),#3391);
#3383 = ( BOUNDED_CURVE() B_SPLINE_CURVE(2,(#3384,#3385,#3386,#3387,
#3388,#3389,#3390),.UNSPECIFIED.,.T.,.F.) B_SPLINE_CURVE_WITH_KNOTS((1,2
    ,2,2,2,1),(-2.094395102393,0.,2.094395102393,4.188790204786,
6.28318530718,8.377580409573),.UNSPECIFIED.) CURVE() 
GEOMETRIC_REPRESENTATION_ITEM() RATIONAL_B_SPLINE_CURVE((1.,0.5,1.,0.5,
1.,0.5,1.)) REPRESENTATION_ITEM('') );
#3384 = CARTESIAN_POINT('',(219.12480768092,2.));
#3385 = CARTESIAN_POINT('',(219.99083308471,-0.814249455894));
#3386 = CARTESIAN_POINT('',(217.12060886142,-0.157124727947));
#3387 = CARTESIAN_POINT('',(214.25038463814,0.5));
#3388 = CARTESIAN_POINT('',(216.25458345764,2.657124727947));
#3389 = CARTESIAN_POINT('',(218.25878227714,4.814249455894));
#3390 = CARTESIAN_POINT('',(219.12480768092,2.));
#3391 = ( GEOMETRIC_REPRESENTATION_CONTEXT(2) 
PARAMETRIC_REPRESENTATION_CONTEXT() REPRESENTATION_CONTEXT('2D SPACE',''
  ) );
#3392 = PCURVE('',#2289,#3393);
#3393 = DEFINITIONAL_REPRESENTATION('',(#3394),#3398);
#3394 = LINE('',#3395,#3396);
#3395 = CARTESIAN_POINT('',(-6.581717508364,-14.));
#3396 = VECTOR('',#3397,1.);
#3397 = DIRECTION('',(1.,-0.));
#3398 = ( GEOMETRIC_REPRESENTATION_CONTEXT(2) 
PARAMETRIC_REPRESENTATION_CONTEXT() REPRESENTATION_CONTEXT('2D SPACE',''
  ) );
#3399 = ADVANCED_FACE('',(#3400),#1342,.F.);
#3400 = FACE_BOUND('',#3401,.T.);
#3401 = EDGE_LOOP('',(#3402,#3403,#3427,#3448,#3476,#3495));
#3402 = ORIENTED_EDGE('',*,*,#1329,.T.);
#3403 = ORIENTED_EDGE('',*,*,#3404,.F.);
#3404 = EDGE_CURVE('',#3405,#1304,#3407,.T.);
#3405 = VERTEX_POINT('',#3406);
#3406 = CARTESIAN_POINT('',(287.,99.2,44.));
#3407 = SURFACE_CURVE('',#3408,(#3413,#3420),.PCURVE_S1.);
#3408 = CIRCLE('',#3409,1.7);
#3409 = AXIS2_PLACEMENT_3D('',#3410,#3411,#3412);
#3410 = CARTESIAN_POINT('',(288.5,100.,44.));
#3411 = DIRECTION('',(0.,0.,1.));
#3412 = DIRECTION('',(1.,0.,0.));
#3413 = PCURVE('',#1342,#3414);
#3414 = DEFINITIONAL_REPRESENTATION('',(#3415),#3419);
#3415 = LINE('',#3416,#3417);
#3416 = CARTESIAN_POINT('',(-0.,0.));
#3417 = VECTOR('',#3418,1.);
#3418 = DIRECTION('',(-1.,0.));
#3419 = ( GEOMETRIC_REPRESENTATION_CONTEXT(2) 
PARAMETRIC_REPRESENTATION_CONTEXT() REPRESENTATION_CONTEXT('2D SPACE',''
  ) );
#3420 = PCURVE('',#1318,#3421);
#3421 = DEFINITIONAL_REPRESENTATION('',(#3422),#3426);
#3422 = CIRCLE('',#3423,1.7);
#3423 = AXIS2_PLACEMENT_2D('',#3424,#3425);
#3424 = CARTESIAN_POINT('',(0.,0.));
#3425 = DIRECTION('',(1.,0.));
#3426 = ( GEOMETRIC_REPRESENTATION_CONTEXT(2) 
PARAMETRIC_REPRESENTATION_CONTEXT() REPRESENTATION_CONTEXT('2D SPACE',''
  ) );
#3427 = ORIENTED_EDGE('',*,*,#3428,.F.);
#3428 = EDGE_CURVE('',#3429,#3405,#3431,.T.);
#3429 = VERTEX_POINT('',#3430);
#3430 = CARTESIAN_POINT('',(287.,99.199999999991,54.));
#3431 = SURFACE_CURVE('',#3432,(#3436,#3442),.PCURVE_S1.);
#3432 = LINE('',#3433,#3434);
#3433 = CARTESIAN_POINT('',(287.,99.2,44.));
#3434 = VECTOR('',#3435,1.);
#3435 = DIRECTION('',(-0.,-0.,-1.));
#3436 = PCURVE('',#1342,#3437);
#3437 = DEFINITIONAL_REPRESENTATION('',(#3438),#3441);
#3438 = B_SPLINE_CURVE_WITH_KNOTS('',1,(#3439,#3440),.UNSPECIFIED.,.F.,
  .F.,(2,2),(-15.1,5.999999999062E-07),.PIECEWISE_BEZIER_KNOTS.);
#3439 = CARTESIAN_POINT('',(-3.631549979844,-15.1));
#3440 = CARTESIAN_POINT('',(-3.631549979844,5.999999999062E-07));
#3441 = ( GEOMETRIC_REPRESENTATION_CONTEXT(2) 
PARAMETRIC_REPRESENTATION_CONTEXT() REPRESENTATION_CONTEXT('2D SPACE',''
  ) );
#3442 = PCURVE('',#2017,#3443);
#3443 = DEFINITIONAL_REPRESENTATION('',(#3444),#3447);
#3444 = B_SPLINE_CURVE_WITH_KNOTS('',1,(#3445,#3446),.UNSPECIFIED.,.F.,
  .F.,(2,2),(-15.1,5.999999999062E-07),.PIECEWISE_BEZIER_KNOTS.);
#3445 = CARTESIAN_POINT('',(56.1,-96.2));
#3446 = CARTESIAN_POINT('',(40.9999994,-96.2));
#3447 = ( GEOMETRIC_REPRESENTATION_CONTEXT(2) 
PARAMETRIC_REPRESENTATION_CONTEXT() REPRESENTATION_CONTEXT('2D SPACE',''
  ) );
#3448 = ORIENTED_EDGE('',*,*,#3449,.F.);
#3449 = EDGE_CURVE('',#3450,#3429,#3452,.T.);
#3450 = VERTEX_POINT('',#3451);
#3451 = CARTESIAN_POINT('',(288.,98.375192319069,54.));
#3452 = SURFACE_CURVE('',#3453,(#3458,#3465),.PCURVE_S1.);
#3453 = CIRCLE('',#3454,1.7);
#3454 = AXIS2_PLACEMENT_3D('',#3455,#3456,#3457);
#3455 = CARTESIAN_POINT('',(288.5,100.,54.));
#3456 = DIRECTION('',(0.,0.,-1.));
#3457 = DIRECTION('',(1.,0.,0.));
#3458 = PCURVE('',#1342,#3459);
#3459 = DEFINITIONAL_REPRESENTATION('',(#3460),#3464);
#3460 = LINE('',#3461,#3462);
#3461 = CARTESIAN_POINT('',(-6.28318530718,-10.));
#3462 = VECTOR('',#3463,1.);
#3463 = DIRECTION('',(1.,-0.));
#3464 = ( GEOMETRIC_REPRESENTATION_CONTEXT(2) 
PARAMETRIC_REPRESENTATION_CONTEXT() REPRESENTATION_CONTEXT('2D SPACE',''
  ) );
#3465 = PCURVE('',#2993,#3466);
#3466 = DEFINITIONAL_REPRESENTATION('',(#3467),#3475);
#3467 = ( BOUNDED_CURVE() B_SPLINE_CURVE(2,(#3468,#3469,#3470,#3471,
#3472,#3473,#3474),.UNSPECIFIED.,.T.,.F.) B_SPLINE_CURVE_WITH_KNOTS((1,2
    ,2,2,2,1),(-2.094395102393,0.,2.094395102393,4.188790204786,
6.28318530718,8.377580409573),.UNSPECIFIED.) CURVE() 
GEOMETRIC_REPRESENTATION_ITEM() RATIONAL_B_SPLINE_CURVE((1.,0.5,1.,0.5,
1.,0.5,1.)) REPRESENTATION_ITEM('') );
#3468 = CARTESIAN_POINT('',(145.2,0.));
#3469 = CARTESIAN_POINT('',(145.2,-2.944486372867));
#3470 = CARTESIAN_POINT('',(142.65,-1.472243186434));
#3471 = CARTESIAN_POINT('',(140.1,-4.163799117101E-16));
#3472 = CARTESIAN_POINT('',(142.65,1.472243186434));
#3473 = CARTESIAN_POINT('',(145.2,2.944486372867));
#3474 = CARTESIAN_POINT('',(145.2,0.));
#3475 = ( GEOMETRIC_REPRESENTATION_CONTEXT(2) 
PARAMETRIC_REPRESENTATION_CONTEXT() REPRESENTATION_CONTEXT('2D SPACE',''
  ) );
#3476 = ORIENTED_EDGE('',*,*,#3477,.F.);
#3477 = EDGE_CURVE('',#3295,#3450,#3478,.T.);
#3478 = SURFACE_CURVE('',#3479,(#3483,#3489),.PCURVE_S1.);
#3479 = LINE('',#3480,#3481);
#3480 = CARTESIAN_POINT('',(288.,98.375192319073,44.));
#3481 = VECTOR('',#3482,1.);
#3482 = DIRECTION('',(-0.,-0.,-1.));
#3483 = PCURVE('',#1342,#3484);
#3484 = DEFINITIONAL_REPRESENTATION('',(#3485),#3488);
#3485 = B_SPLINE_CURVE_WITH_KNOTS('',1,(#3486,#3487),.UNSPECIFIED.,.F.,
  .F.,(2,2),(-14.4,-9.6),.PIECEWISE_BEZIER_KNOTS.);
#3486 = CARTESIAN_POINT('',(-4.4138567792,-14.4));
#3487 = CARTESIAN_POINT('',(-4.4138567792,-9.6));
#3488 = ( GEOMETRIC_REPRESENTATION_CONTEXT(2) 
PARAMETRIC_REPRESENTATION_CONTEXT() REPRESENTATION_CONTEXT('2D SPACE',''
  ) );
#3489 = PCURVE('',#3337,#3490);
#3490 = DEFINITIONAL_REPRESENTATION('',(#3491),#3494);
#3491 = B_SPLINE_CURVE_WITH_KNOTS('',1,(#3492,#3493),.UNSPECIFIED.,.F.,
  .F.,(2,2),(-14.4,-9.6),.PIECEWISE_BEZIER_KNOTS.);
#3492 = CARTESIAN_POINT('',(96.375192319073,-4.4));
#3493 = CARTESIAN_POINT('',(96.375192319073,0.4));
#3494 = ( GEOMETRIC_REPRESENTATION_CONTEXT(2) 
PARAMETRIC_REPRESENTATION_CONTEXT() REPRESENTATION_CONTEXT('2D SPACE',''
  ) );
#3495 = ORIENTED_EDGE('',*,*,#3294,.F.);
#3496 = ADVANCED_FACE('',(#3497),#1318,.T.);
#3497 = FACE_BOUND('',#3498,.T.);
#3498 = EDGE_LOOP('',(#3499,#3500,#3524,#3543));
#3499 = ORIENTED_EDGE('',*,*,#1303,.F.);
#3500 = ORIENTED_EDGE('',*,*,#3501,.T.);
#3501 = EDGE_CURVE('',#1278,#3502,#3504,.T.);
#3502 = VERTEX_POINT('',#3503);
#3503 = CARTESIAN_POINT('',(287.,100.8,44.));
#3504 = SURFACE_CURVE('',#3505,(#3510,#3517),.PCURVE_S1.);
#3505 = CIRCLE('',#3506,1.7);
#3506 = AXIS2_PLACEMENT_3D('',#3507,#3508,#3509);
#3507 = CARTESIAN_POINT('',(288.5,100.,44.));
#3508 = DIRECTION('',(0.,0.,1.));
#3509 = DIRECTION('',(1.,0.,0.));
#3510 = PCURVE('',#1318,#3511);
#3511 = DEFINITIONAL_REPRESENTATION('',(#3512),#3516);
#3512 = CIRCLE('',#3513,1.7);
#3513 = AXIS2_PLACEMENT_2D('',#3514,#3515);
#3514 = CARTESIAN_POINT('',(0.,0.));
#3515 = DIRECTION('',(1.,0.));
#3516 = ( GEOMETRIC_REPRESENTATION_CONTEXT(2) 
PARAMETRIC_REPRESENTATION_CONTEXT() REPRESENTATION_CONTEXT('2D SPACE',''
  ) );
#3517 = PCURVE('',#1292,#3518);
#3518 = DEFINITIONAL_REPRESENTATION('',(#3519),#3523);
#3519 = LINE('',#3520,#3521);
#3520 = CARTESIAN_POINT('',(-0.,0.));
#3521 = VECTOR('',#3522,1.);
#3522 = DIRECTION('',(-1.,0.));
#3523 = ( GEOMETRIC_REPRESENTATION_CONTEXT(2) 
PARAMETRIC_REPRESENTATION_CONTEXT() REPRESENTATION_CONTEXT('2D SPACE',''
  ) );
#3524 = ORIENTED_EDGE('',*,*,#3525,.T.);
#3525 = EDGE_CURVE('',#3502,#3405,#3526,.T.);
#3526 = SURFACE_CURVE('',#3527,(#3531,#3537),.PCURVE_S1.);
#3527 = LINE('',#3528,#3529);
#3528 = CARTESIAN_POINT('',(287.,51.5,44.));
#3529 = VECTOR('',#3530,1.);
#3530 = DIRECTION('',(0.,-1.,0.));
#3531 = PCURVE('',#1318,#3532);
#3532 = DEFINITIONAL_REPRESENTATION('',(#3533),#3536);
#3533 = B_SPLINE_CURVE_WITH_KNOTS('',1,(#3534,#3535),.UNSPECIFIED.,.F.,
  .F.,(2,2),(-50.2,-46.8),.PIECEWISE_BEZIER_KNOTS.);
#3534 = CARTESIAN_POINT('',(-1.5,1.7));
#3535 = CARTESIAN_POINT('',(-1.5,-1.7));
#3536 = ( GEOMETRIC_REPRESENTATION_CONTEXT(2) 
PARAMETRIC_REPRESENTATION_CONTEXT() REPRESENTATION_CONTEXT('2D SPACE',''
  ) );
#3537 = PCURVE('',#2017,#3538);
#3538 = DEFINITIONAL_REPRESENTATION('',(#3539),#3542);
#3539 = B_SPLINE_CURVE_WITH_KNOTS('',1,(#3540,#3541),.UNSPECIFIED.,.F.,
  .F.,(2,2),(-50.2,-46.8),.PIECEWISE_BEZIER_KNOTS.);
#3540 = CARTESIAN_POINT('',(41.,-98.7));
#3541 = CARTESIAN_POINT('',(41.,-95.3));
#3542 = ( GEOMETRIC_REPRESENTATION_CONTEXT(2) 
PARAMETRIC_REPRESENTATION_CONTEXT() REPRESENTATION_CONTEXT('2D SPACE',''
  ) );
#3543 = ORIENTED_EDGE('',*,*,#3404,.T.);
#3544 = ADVANCED_FACE('',(#3545),#1292,.F.);
#3545 = FACE_BOUND('',#3546,.T.);
#3546 = EDGE_LOOP('',(#3547,#3548,#3549,#3550,#3569,#3570));
#3547 = ORIENTED_EDGE('',*,*,#3501,.F.);
#3548 = ORIENTED_EDGE('',*,*,#1277,.F.);
#3549 = ORIENTED_EDGE('',*,*,#1356,.F.);
#3550 = ORIENTED_EDGE('',*,*,#3551,.T.);
#3551 = EDGE_CURVE('',#1357,#2116,#3552,.T.);
#3552 = SURFACE_CURVE('',#3553,(#3557,#3563),.PCURVE_S1.);
#3553 = LINE('',#3554,#3555);
#3554 = CARTESIAN_POINT('',(288.,101.62480768092,44.));
#3555 = VECTOR('',#3556,1.);
#3556 = DIRECTION('',(-0.,-0.,-1.));
#3557 = PCURVE('',#1292,#3558);
#3558 = DEFINITIONAL_REPRESENTATION('',(#3559),#3562);
#3559 = B_SPLINE_CURVE_WITH_KNOTS('',1,(#3560,#3561),.UNSPECIFIED.,.F.,
  .F.,(2,2),(-14.4,-9.6),.PIECEWISE_BEZIER_KNOTS.);
#3560 = CARTESIAN_POINT('',(-1.86932852798,-14.4));
#3561 = CARTESIAN_POINT('',(-1.86932852798,-9.6));
#3562 = ( GEOMETRIC_REPRESENTATION_CONTEXT(2) 
PARAMETRIC_REPRESENTATION_CONTEXT() REPRESENTATION_CONTEXT('2D SPACE',''
  ) );
#3563 = PCURVE('',#1421,#3564);
#3564 = DEFINITIONAL_REPRESENTATION('',(#3565),#3568);
#3565 = B_SPLINE_CURVE_WITH_KNOTS('',1,(#3566,#3567),.UNSPECIFIED.,.F.,
  .F.,(2,2),(-14.4,-9.6),.PIECEWISE_BEZIER_KNOTS.);
#3566 = CARTESIAN_POINT('',(99.624807680927,-4.4));
#3567 = CARTESIAN_POINT('',(99.624807680927,0.4));
#3568 = ( GEOMETRIC_REPRESENTATION_CONTEXT(2) 
PARAMETRIC_REPRESENTATION_CONTEXT() REPRESENTATION_CONTEXT('2D SPACE',''
  ) );
#3569 = ORIENTED_EDGE('',*,*,#2113,.F.);
#3570 = ORIENTED_EDGE('',*,*,#3571,.T.);
#3571 = EDGE_CURVE('',#2114,#3502,#3572,.T.);
#3572 = SURFACE_CURVE('',#3573,(#3577,#3583),.PCURVE_S1.);
#3573 = LINE('',#3574,#3575);
#3574 = CARTESIAN_POINT('',(287.,100.8,44.));
#3575 = VECTOR('',#3576,1.);
#3576 = DIRECTION('',(-0.,-0.,-1.));
#3577 = PCURVE('',#1292,#3578);
#3578 = DEFINITIONAL_REPRESENTATION('',(#3579),#3582);
#3579 = B_SPLINE_CURVE_WITH_KNOTS('',1,(#3580,#3581),.UNSPECIFIED.,.F.,
  .F.,(2,2),(-15.1,5.999999999062E-07),.PIECEWISE_BEZIER_KNOTS.);
#3580 = CARTESIAN_POINT('',(-2.651635327336,-15.1));
#3581 = CARTESIAN_POINT('',(-2.651635327336,5.999999999062E-07));
#3582 = ( GEOMETRIC_REPRESENTATION_CONTEXT(2) 
PARAMETRIC_REPRESENTATION_CONTEXT() REPRESENTATION_CONTEXT('2D SPACE',''
  ) );
#3583 = PCURVE('',#2017,#3584);
#3584 = DEFINITIONAL_REPRESENTATION('',(#3585),#3588);
#3585 = B_SPLINE_CURVE_WITH_KNOTS('',1,(#3586,#3587),.UNSPECIFIED.,.F.,
  .F.,(2,2),(-15.1,5.999999999062E-07),.PIECEWISE_BEZIER_KNOTS.);
#3586 = CARTESIAN_POINT('',(56.1,-97.8));
#3587 = CARTESIAN_POINT('',(40.9999994,-97.8));
#3588 = ( GEOMETRIC_REPRESENTATION_CONTEXT(2) 
PARAMETRIC_REPRESENTATION_CONTEXT() REPRESENTATION_CONTEXT('2D SPACE',''
  ) );
#3589 = ADVANCED_FACE('',(#3590),#1421,.T.);
#3590 = FACE_BOUND('',#3591,.T.);
#3591 = EDGE_LOOP('',(#3592,#3593,#3594,#3595));
#3592 = ORIENTED_EDGE('',*,*,#2143,.F.);
#3593 = ORIENTED_EDGE('',*,*,#3551,.F.);
#3594 = ORIENTED_EDGE('',*,*,#1408,.F.);
#3595 = ORIENTED_EDGE('',*,*,#2212,.F.);
#3596 = ADVANCED_FACE('',(#3597),#2017,.F.);
#3597 = FACE_BOUND('',#3598,.F.);
#3598 = EDGE_LOOP('',(#3599,#3600,#3601,#3602,#3603,#3604,#3605,#3606));
#3599 = ORIENTED_EDGE('',*,*,#2869,.F.);
#3600 = ORIENTED_EDGE('',*,*,#3268,.T.);
#3601 = ORIENTED_EDGE('',*,*,#1999,.T.);
#3602 = ORIENTED_EDGE('',*,*,#2189,.T.);
#3603 = ORIENTED_EDGE('',*,*,#3571,.T.);
#3604 = ORIENTED_EDGE('',*,*,#3525,.T.);
#3605 = ORIENTED_EDGE('',*,*,#3428,.F.);
#3606 = ORIENTED_EDGE('',*,*,#3607,.T.);
#3607 = EDGE_CURVE('',#3429,#2872,#3608,.T.);
#3608 = SURFACE_CURVE('',#3609,(#3613,#3619),.PCURVE_S1.);
#3609 = LINE('',#3610,#3611);
#3610 = CARTESIAN_POINT('',(287.,51.5,54.));
#3611 = VECTOR('',#3612,1.);
#3612 = DIRECTION('',(0.,-1.,0.));
#3613 = PCURVE('',#2017,#3614);
#3614 = DEFINITIONAL_REPRESENTATION('',(#3615),#3618);
#3615 = B_SPLINE_CURVE_WITH_KNOTS('',1,(#3616,#3617),.UNSPECIFIED.,.F.,
  .F.,(2,2),(-145.5,48.5),.PIECEWISE_BEZIER_KNOTS.);
#3616 = CARTESIAN_POINT('',(51.,-194.));
#3617 = CARTESIAN_POINT('',(51.,0.));
#3618 = ( GEOMETRIC_REPRESENTATION_CONTEXT(2) 
PARAMETRIC_REPRESENTATION_CONTEXT() REPRESENTATION_CONTEXT('2D SPACE',''
  ) );
#3619 = PCURVE('',#2993,#3620);
#3620 = DEFINITIONAL_REPRESENTATION('',(#3621),#3624);
#3621 = B_SPLINE_CURVE_WITH_KNOTS('',1,(#3622,#3623),.UNSPECIFIED.,.F.,
  .F.,(2,2),(-145.5,48.5),.PIECEWISE_BEZIER_KNOTS.);
#3622 = CARTESIAN_POINT('',(142.,97.));
#3623 = CARTESIAN_POINT('',(142.,-97.));
#3624 = ( GEOMETRIC_REPRESENTATION_CONTEXT(2) 
PARAMETRIC_REPRESENTATION_CONTEXT() REPRESENTATION_CONTEXT('2D SPACE',''
  ) );
#3625 = ADVANCED_FACE('',(#3626),#2289,.F.);
#3626 = FACE_BOUND('',#3627,.T.);
#3627 = EDGE_LOOP('',(#3628,#3629,#3650,#3675,#3676,#3702));
#3628 = ORIENTED_EDGE('',*,*,#3374,.F.);
#3629 = ORIENTED_EDGE('',*,*,#3630,.T.);
#3630 = EDGE_CURVE('',#3349,#3631,#3633,.T.);
#3631 = VERTEX_POINT('',#3632);
#3632 = CARTESIAN_POINT('',(219.12480768092,2.,54.));
#3633 = SURFACE_CURVE('',#3634,(#3638,#3644),.PCURVE_S1.);
#3634 = LINE('',#3635,#3636);
#3635 = CARTESIAN_POINT('',(219.12480768092,2.,44.));
#3636 = VECTOR('',#3637,1.);
#3637 = DIRECTION('',(-0.,-0.,-1.));
#3638 = PCURVE('',#2289,#3639);
#3639 = DEFINITIONAL_REPRESENTATION('',(#3640),#3643);
#3640 = B_SPLINE_CURVE_WITH_KNOTS('',1,(#3641,#3642),.UNSPECIFIED.,.F.,
  .F.,(2,2),(-14.,-10.),.PIECEWISE_BEZIER_KNOTS.);
#3641 = CARTESIAN_POINT('',(-6.581717508364,-14.));
#3642 = CARTESIAN_POINT('',(-6.581717508364,-10.));
#3643 = ( GEOMETRIC_REPRESENTATION_CONTEXT(2) 
PARAMETRIC_REPRESENTATION_CONTEXT() REPRESENTATION_CONTEXT('2D SPACE',''
  ) );
#3644 = PCURVE('',#3363,#3645);
#3645 = DEFINITIONAL_REPRESENTATION('',(#3646),#3649);
#3646 = B_SPLINE_CURVE_WITH_KNOTS('',1,(#3647,#3648),.UNSPECIFIED.,.F.,
  .F.,(2,2),(-14.4,-9.6),.PIECEWISE_BEZIER_KNOTS.);
#3647 = CARTESIAN_POINT('',(217.12480768092,-4.4));
#3648 = CARTESIAN_POINT('',(217.12480768092,0.4));
#3649 = ( GEOMETRIC_REPRESENTATION_CONTEXT(2) 
PARAMETRIC_REPRESENTATION_CONTEXT() REPRESENTATION_CONTEXT('2D SPACE',''
  ) );
#3650 = ORIENTED_EDGE('',*,*,#3651,.F.);
#3651 = EDGE_CURVE('',#2960,#3631,#3652,.T.);
#3652 = SURFACE_CURVE('',#3653,(#3658,#3664),.PCURVE_S1.);
#3653 = CIRCLE('',#3654,1.7);
#3654 = AXIS2_PLACEMENT_3D('',#3655,#3656,#3657);
#3655 = CARTESIAN_POINT('',(217.5,1.5,54.));
#3656 = DIRECTION('',(0.,0.,-1.));
#3657 = DIRECTION('',(1.,0.,0.));
#3658 = PCURVE('',#2289,#3659);
#3659 = DEFINITIONAL_REPRESENTATION('',(#3660),#3663);
#3660 = B_SPLINE_CURVE_WITH_KNOTS('',1,(#3661,#3662),.UNSPECIFIED.,.F.,
  .F.,(2,2),(5.202346306638,5.984653105995),.PIECEWISE_BEZIER_KNOTS.);
#3661 = CARTESIAN_POINT('',(-7.364024307721,-10.));
#3662 = CARTESIAN_POINT('',(-6.581717508364,-10.));
#3663 = ( GEOMETRIC_REPRESENTATION_CONTEXT(2) 
PARAMETRIC_REPRESENTATION_CONTEXT() REPRESENTATION_CONTEXT('2D SPACE',''
  ) );
#3664 = PCURVE('',#2993,#3665);
#3665 = DEFINITIONAL_REPRESENTATION('',(#3666),#3674);
#3666 = ( BOUNDED_CURVE() B_SPLINE_CURVE(2,(#3667,#3668,#3669,#3670,
#3671,#3672,#3673),.UNSPECIFIED.,.T.,.F.) B_SPLINE_CURVE_WITH_KNOTS((1,2
    ,2,2,2,1),(-2.094395102393,0.,2.094395102393,4.188790204786,
6.28318530718,8.377580409573),.UNSPECIFIED.) CURVE() 
GEOMETRIC_REPRESENTATION_ITEM() RATIONAL_B_SPLINE_CURVE((1.,0.5,1.,0.5,
1.,0.5,1.)) REPRESENTATION_ITEM('') );
#3667 = CARTESIAN_POINT('',(74.2,-98.5));
#3668 = CARTESIAN_POINT('',(74.2,-101.4444863728));
#3669 = CARTESIAN_POINT('',(71.65,-99.97224318643));
#3670 = CARTESIAN_POINT('',(69.1,-98.5));
#3671 = CARTESIAN_POINT('',(71.65,-97.02775681356));
#3672 = CARTESIAN_POINT('',(74.2,-95.55551362713));
#3673 = CARTESIAN_POINT('',(74.2,-98.5));
#3674 = ( GEOMETRIC_REPRESENTATION_CONTEXT(2) 
PARAMETRIC_REPRESENTATION_CONTEXT() REPRESENTATION_CONTEXT('2D SPACE',''
  ) );
#3675 = ORIENTED_EDGE('',*,*,#2959,.T.);
#3676 = ORIENTED_EDGE('',*,*,#3677,.T.);
#3677 = EDGE_CURVE('',#2939,#2275,#3678,.T.);
#3678 = SURFACE_CURVE('',#3679,(#3684,#3691),.PCURVE_S1.);
#3679 = CIRCLE('',#3680,1.7);
#3680 = AXIS2_PLACEMENT_3D('',#3681,#3682,#3683);
#3681 = CARTESIAN_POINT('',(217.5,1.5,44.));
#3682 = DIRECTION('',(0.,0.,-1.));
#3683 = DIRECTION('',(0.470588235294,0.882352941176,0.));
#3684 = PCURVE('',#2289,#3685);
#3685 = DEFINITIONAL_REPRESENTATION('',(#3686),#3690);
#3686 = LINE('',#3687,#3688);
#3687 = CARTESIAN_POINT('',(-7.364024307721,0.));
#3688 = VECTOR('',#3689,1.);
#3689 = DIRECTION('',(1.,-0.));
#3690 = ( GEOMETRIC_REPRESENTATION_CONTEXT(2) 
PARAMETRIC_REPRESENTATION_CONTEXT() REPRESENTATION_CONTEXT('2D SPACE',''
  ) );
#3691 = PCURVE('',#2386,#3692);
#3692 = DEFINITIONAL_REPRESENTATION('',(#3693),#3701);
#3693 = ( BOUNDED_CURVE() B_SPLINE_CURVE(2,(#3694,#3695,#3696,#3697,
#3698,#3699,#3700),.UNSPECIFIED.,.T.,.F.) B_SPLINE_CURVE_WITH_KNOTS((1,2
    ,2,2,2,1),(-2.094395102393,0.,2.094395102393,4.188790204786,
6.28318530718,8.377580409573),.UNSPECIFIED.) CURVE() 
GEOMETRIC_REPRESENTATION_ITEM() RATIONAL_B_SPLINE_CURVE((1.,0.5,1.,0.5,
1.,0.5,1.)) REPRESENTATION_ITEM('') );
#3694 = CARTESIAN_POINT('',(0.8,1.5));
#3695 = CARTESIAN_POINT('',(3.398076211353,0.114359353945));
#3696 = CARTESIAN_POINT('',(0.899038105677,-1.442820323028));
#3697 = CARTESIAN_POINT('',(-1.6,-3.));
#3698 = CARTESIAN_POINT('',(-1.699038105677,-5.717967697244E-02));
#3699 = CARTESIAN_POINT('',(-1.798076211353,2.885640646055));
#3700 = CARTESIAN_POINT('',(0.8,1.5));
#3701 = ( GEOMETRIC_REPRESENTATION_CONTEXT(2) 
PARAMETRIC_REPRESENTATION_CONTEXT() REPRESENTATION_CONTEXT('2D SPACE',''
  ) );
#3702 = ORIENTED_EDGE('',*,*,#2272,.F.);
#3703 = ADVANCED_FACE('',(#3704),#2386,.T.);
#3704 = FACE_BOUND('',#3705,.T.);
#3705 = EDGE_LOOP('',(#3706,#3707,#3708,#3709));
#3706 = ORIENTED_EDGE('',*,*,#2373,.T.);
#3707 = ORIENTED_EDGE('',*,*,#3677,.F.);
#3708 = ORIENTED_EDGE('',*,*,#2938,.F.);
#3709 = ORIENTED_EDGE('',*,*,#3710,.T.);
#3710 = EDGE_CURVE('',#2918,#2348,#3711,.T.);
#3711 = SURFACE_CURVE('',#3712,(#3717,#3724),.PCURVE_S1.);
#3712 = CIRCLE('',#3713,1.7);
#3713 = AXIS2_PLACEMENT_3D('',#3714,#3715,#3716);
#3714 = CARTESIAN_POINT('',(217.5,1.5,44.));
#3715 = DIRECTION('',(0.,0.,1.));
#3716 = DIRECTION('',(1.,0.,0.));
#3717 = PCURVE('',#2386,#3718);
#3718 = DEFINITIONAL_REPRESENTATION('',(#3719),#3723);
#3719 = CIRCLE('',#3720,1.7);
#3720 = AXIS2_PLACEMENT_2D('',#3721,#3722);
#3721 = CARTESIAN_POINT('',(0.,0.));
#3722 = DIRECTION('',(1.,0.));
#3723 = ( GEOMETRIC_REPRESENTATION_CONTEXT(2) 
PARAMETRIC_REPRESENTATION_CONTEXT() REPRESENTATION_CONTEXT('2D SPACE',''
  ) );
#3724 = PCURVE('',#2362,#3725);
#3725 = DEFINITIONAL_REPRESENTATION('',(#3726),#3730);
#3726 = LINE('',#3727,#3728);
#3727 = CARTESIAN_POINT('',(-0.,0.));
#3728 = VECTOR('',#3729,1.);
#3729 = DIRECTION('',(-1.,0.));
#3730 = ( GEOMETRIC_REPRESENTATION_CONTEXT(2) 
PARAMETRIC_REPRESENTATION_CONTEXT() REPRESENTATION_CONTEXT('2D SPACE',''
  ) );
#3731 = ADVANCED_FACE('',(#3732),#2362,.F.);
#3732 = FACE_BOUND('',#3733,.T.);
#3733 = EDGE_LOOP('',(#3734,#3735,#3736,#3737,#3738,#3739));
#3734 = ORIENTED_EDGE('',*,*,#3710,.F.);
#3735 = ORIENTED_EDGE('',*,*,#2917,.F.);
#3736 = ORIENTED_EDGE('',*,*,#2819,.F.);
#3737 = ORIENTED_EDGE('',*,*,#2795,.F.);
#3738 = ORIENTED_EDGE('',*,*,#2720,.F.);
#3739 = ORIENTED_EDGE('',*,*,#2347,.T.);
#3740 = ADVANCED_FACE('',(#3741),#2416,.F.);
#3741 = FACE_BOUND('',#3742,.F.);
#3742 = EDGE_LOOP('',(#3743,#3764,#3765,#3786));
#3743 = ORIENTED_EDGE('',*,*,#3744,.F.);
#3744 = EDGE_CURVE('',#2400,#3007,#3745,.T.);
#3745 = SURFACE_CURVE('',#3746,(#3750,#3757),.PCURVE_S1.);
#3746 = LINE('',#3747,#3748);
#3747 = CARTESIAN_POINT('',(163.71428571428,-4.5,45.5));
#3748 = VECTOR('',#3749,1.);
#3749 = DIRECTION('',(0.,1.,0.));
#3750 = PCURVE('',#2416,#3751);
#3751 = DEFINITIONAL_REPRESENTATION('',(#3752),#3756);
#3752 = LINE('',#3753,#3754);
#3753 = CARTESIAN_POINT('',(0.,0.));
#3754 = VECTOR('',#3755,1.);
#3755 = DIRECTION('',(0.,1.));
#3756 = ( GEOMETRIC_REPRESENTATION_CONTEXT(2) 
PARAMETRIC_REPRESENTATION_CONTEXT() REPRESENTATION_CONTEXT('2D SPACE',''
  ) );
#3757 = PCURVE('',#2442,#3758);
#3758 = DEFINITIONAL_REPRESENTATION('',(#3759),#3763);
#3759 = LINE('',#3760,#3761);
#3760 = CARTESIAN_POINT('',(30.,0.));
#3761 = VECTOR('',#3762,1.);
#3762 = DIRECTION('',(0.,-1.));
#3763 = ( GEOMETRIC_REPRESENTATION_CONTEXT(2) 
PARAMETRIC_REPRESENTATION_CONTEXT() REPRESENTATION_CONTEXT('2D SPACE',''
  ) );
#3764 = ORIENTED_EDGE('',*,*,#2399,.T.);
#3765 = ORIENTED_EDGE('',*,*,#3766,.T.);
#3766 = EDGE_CURVE('',#2402,#3009,#3767,.T.);
#3767 = SURFACE_CURVE('',#3768,(#3772,#3779),.PCURVE_S1.);
#3768 = LINE('',#3769,#3770);
#3769 = CARTESIAN_POINT('',(167.71428571428,-4.5,45.5));
#3770 = VECTOR('',#3771,1.);
#3771 = DIRECTION('',(0.,1.,0.));
#3772 = PCURVE('',#2416,#3773);
#3773 = DEFINITIONAL_REPRESENTATION('',(#3774),#3778);
#3774 = LINE('',#3775,#3776);
#3775 = CARTESIAN_POINT('',(4.,0.));
#3776 = VECTOR('',#3777,1.);
#3777 = DIRECTION('',(0.,1.));
#3778 = ( GEOMETRIC_REPRESENTATION_CONTEXT(2) 
PARAMETRIC_REPRESENTATION_CONTEXT() REPRESENTATION_CONTEXT('2D SPACE',''
  ) );
#3779 = PCURVE('',#2492,#3780);
#3780 = DEFINITIONAL_REPRESENTATION('',(#3781),#3785);
#3781 = LINE('',#3782,#3783);
#3782 = CARTESIAN_POINT('',(30.,0.));
#3783 = VECTOR('',#3784,1.);
#3784 = DIRECTION('',(0.,-1.));
#3785 = ( GEOMETRIC_REPRESENTATION_CONTEXT(2) 
PARAMETRIC_REPRESENTATION_CONTEXT() REPRESENTATION_CONTEXT('2D SPACE',''
  ) );
#3786 = ORIENTED_EDGE('',*,*,#3006,.F.);
#3787 = ADVANCED_FACE('',(#3788),#2442,.T.);
#3788 = FACE_BOUND('',#3789,.T.);
#3789 = EDGE_LOOP('',(#3790,#3791,#3792,#3813));
#3790 = ORIENTED_EDGE('',*,*,#3744,.F.);
#3791 = ORIENTED_EDGE('',*,*,#2427,.T.);
#3792 = ORIENTED_EDGE('',*,*,#3793,.T.);
#3793 = EDGE_CURVE('',#2428,#3030,#3794,.T.);
#3794 = SURFACE_CURVE('',#3795,(#3799,#3806),.PCURVE_S1.);
#3795 = LINE('',#3796,#3797);
#3796 = CARTESIAN_POINT('',(163.71428571428,-4.5,15.5));
#3797 = VECTOR('',#3798,1.);
#3798 = DIRECTION('',(0.,1.,0.));
#3799 = PCURVE('',#2442,#3800);
#3800 = DEFINITIONAL_REPRESENTATION('',(#3801),#3805);
#3801 = LINE('',#3802,#3803);
#3802 = CARTESIAN_POINT('',(0.,0.));
#3803 = VECTOR('',#3804,1.);
#3804 = DIRECTION('',(0.,-1.));
#3805 = ( GEOMETRIC_REPRESENTATION_CONTEXT(2) 
PARAMETRIC_REPRESENTATION_CONTEXT() REPRESENTATION_CONTEXT('2D SPACE',''
  ) );
#3806 = PCURVE('',#2468,#3807);
#3807 = DEFINITIONAL_REPRESENTATION('',(#3808),#3812);
#3808 = LINE('',#3809,#3810);
#3809 = CARTESIAN_POINT('',(0.,0.));
#3810 = VECTOR('',#3811,1.);
#3811 = DIRECTION('',(0.,1.));
#3812 = ( GEOMETRIC_REPRESENTATION_CONTEXT(2) 
PARAMETRIC_REPRESENTATION_CONTEXT() REPRESENTATION_CONTEXT('2D SPACE',''
  ) );
#3813 = ORIENTED_EDGE('',*,*,#3029,.F.);
#3814 = ADVANCED_FACE('',(#3815),#2492,.F.);
#3815 = FACE_BOUND('',#3816,.F.);
#3816 = EDGE_LOOP('',(#3817,#3818,#3819,#3840));
#3817 = ORIENTED_EDGE('',*,*,#3766,.F.);
#3818 = ORIENTED_EDGE('',*,*,#2479,.T.);
#3819 = ORIENTED_EDGE('',*,*,#3820,.T.);
#3820 = EDGE_CURVE('',#2454,#3051,#3821,.T.);
#3821 = SURFACE_CURVE('',#3822,(#3826,#3833),.PCURVE_S1.);
#3822 = LINE('',#3823,#3824);
#3823 = CARTESIAN_POINT('',(167.71428571428,-4.5,15.5));
#3824 = VECTOR('',#3825,1.);
#3825 = DIRECTION('',(0.,1.,0.));
#3826 = PCURVE('',#2492,#3827);
#3827 = DEFINITIONAL_REPRESENTATION('',(#3828),#3832);
#3828 = LINE('',#3829,#3830);
#3829 = CARTESIAN_POINT('',(0.,0.));
#3830 = VECTOR('',#3831,1.);
#3831 = DIRECTION('',(0.,-1.));
#3832 = ( GEOMETRIC_REPRESENTATION_CONTEXT(2) 
PARAMETRIC_REPRESENTATION_CONTEXT() REPRESENTATION_CONTEXT('2D SPACE',''
  ) );
#3833 = PCURVE('',#2468,#3834);
#3834 = DEFINITIONAL_REPRESENTATION('',(#3835),#3839);
#3835 = LINE('',#3836,#3837);
#3836 = CARTESIAN_POINT('',(4.,0.));
#3837 = VECTOR('',#3838,1.);
#3838 = DIRECTION('',(0.,1.));
#3839 = ( GEOMETRIC_REPRESENTATION_CONTEXT(2) 
PARAMETRIC_REPRESENTATION_CONTEXT() REPRESENTATION_CONTEXT('2D SPACE',''
  ) );
#3840 = ORIENTED_EDGE('',*,*,#3071,.F.);
#3841 = ADVANCED_FACE('',(#3842),#2468,.T.);
#3842 = FACE_BOUND('',#3843,.T.);
#3843 = EDGE_LOOP('',(#3844,#3845,#3846,#3847));
#3844 = ORIENTED_EDGE('',*,*,#3793,.F.);
#3845 = ORIENTED_EDGE('',*,*,#2453,.T.);
#3846 = ORIENTED_EDGE('',*,*,#3820,.T.);
#3847 = ORIENTED_EDGE('',*,*,#3050,.F.);
#3848 = ADVANCED_FACE('',(#3849),#2522,.F.);
#3849 = FACE_BOUND('',#3850,.F.);
#3850 = EDGE_LOOP('',(#3851,#3872,#3873,#3894));
#3851 = ORIENTED_EDGE('',*,*,#3852,.F.);
#3852 = EDGE_CURVE('',#2506,#3093,#3853,.T.);
#3853 = SURFACE_CURVE('',#3854,(#3858,#3865),.PCURVE_S1.);
#3854 = LINE('',#3855,#3856);
#3855 = CARTESIAN_POINT('',(205.14285714285,-4.5,45.5));
#3856 = VECTOR('',#3857,1.);
#3857 = DIRECTION('',(0.,1.,0.));
#3858 = PCURVE('',#2522,#3859);
#3859 = DEFINITIONAL_REPRESENTATION('',(#3860),#3864);
#3860 = LINE('',#3861,#3862);
#3861 = CARTESIAN_POINT('',(0.,0.));
#3862 = VECTOR('',#3863,1.);
#3863 = DIRECTION('',(0.,1.));
#3864 = ( GEOMETRIC_REPRESENTATION_CONTEXT(2) 
PARAMETRIC_REPRESENTATION_CONTEXT() REPRESENTATION_CONTEXT('2D SPACE',''
  ) );
#3865 = PCURVE('',#2548,#3866);
#3866 = DEFINITIONAL_REPRESENTATION('',(#3867),#3871);
#3867 = LINE('',#3868,#3869);
#3868 = CARTESIAN_POINT('',(30.,0.));
#3869 = VECTOR('',#3870,1.);
#3870 = DIRECTION('',(0.,-1.));
#3871 = ( GEOMETRIC_REPRESENTATION_CONTEXT(2) 
PARAMETRIC_REPRESENTATION_CONTEXT() REPRESENTATION_CONTEXT('2D SPACE',''
  ) );
#3872 = ORIENTED_EDGE('',*,*,#2505,.T.);
#3873 = ORIENTED_EDGE('',*,*,#3874,.T.);
#3874 = EDGE_CURVE('',#2508,#3095,#3875,.T.);
#3875 = SURFACE_CURVE('',#3876,(#3880,#3887),.PCURVE_S1.);
#3876 = LINE('',#3877,#3878);
#3877 = CARTESIAN_POINT('',(209.14285714285,-4.5,45.5));
#3878 = VECTOR('',#3879,1.);
#3879 = DIRECTION('',(0.,1.,0.));
#3880 = PCURVE('',#2522,#3881);
#3881 = DEFINITIONAL_REPRESENTATION('',(#3882),#3886);
#3882 = LINE('',#3883,#3884);
#3883 = CARTESIAN_POINT('',(4.,0.));
#3884 = VECTOR('',#3885,1.);
#3885 = DIRECTION('',(0.,1.));
#3886 = ( GEOMETRIC_REPRESENTATION_CONTEXT(2) 
PARAMETRIC_REPRESENTATION_CONTEXT() REPRESENTATION_CONTEXT('2D SPACE',''
  ) );
#3887 = PCURVE('',#2598,#3888);
#3888 = DEFINITIONAL_REPRESENTATION('',(#3889),#3893);
#3889 = LINE('',#3890,#3891);
#3890 = CARTESIAN_POINT('',(30.,0.));
#3891 = VECTOR('',#3892,1.);
#3892 = DIRECTION('',(0.,-1.));
#3893 = ( GEOMETRIC_REPRESENTATION_CONTEXT(2) 
PARAMETRIC_REPRESENTATION_CONTEXT() REPRESENTATION_CONTEXT('2D SPACE',''
  ) );
#3894 = ORIENTED_EDGE('',*,*,#3092,.F.);
#3895 = ADVANCED_FACE('',(#3896),#2548,.T.);
#3896 = FACE_BOUND('',#3897,.T.);
#3897 = EDGE_LOOP('',(#3898,#3899,#3900,#3921));
#3898 = ORIENTED_EDGE('',*,*,#3852,.F.);
#3899 = ORIENTED_EDGE('',*,*,#2533,.T.);
#3900 = ORIENTED_EDGE('',*,*,#3901,.T.);
#3901 = EDGE_CURVE('',#2534,#3116,#3902,.T.);
#3902 = SURFACE_CURVE('',#3903,(#3907,#3914),.PCURVE_S1.);
#3903 = LINE('',#3904,#3905);
#3904 = CARTESIAN_POINT('',(205.14285714285,-4.5,15.5));
#3905 = VECTOR('',#3906,1.);
#3906 = DIRECTION('',(0.,1.,0.));
#3907 = PCURVE('',#2548,#3908);
#3908 = DEFINITIONAL_REPRESENTATION('',(#3909),#3913);
#3909 = LINE('',#3910,#3911);
#3910 = CARTESIAN_POINT('',(0.,0.));
#3911 = VECTOR('',#3912,1.);
#3912 = DIRECTION('',(0.,-1.));
#3913 = ( GEOMETRIC_REPRESENTATION_CONTEXT(2) 
PARAMETRIC_REPRESENTATION_CONTEXT() REPRESENTATION_CONTEXT('2D SPACE',''
  ) );
#3914 = PCURVE('',#2574,#3915);
#3915 = DEFINITIONAL_REPRESENTATION('',(#3916),#3920);
#3916 = LINE('',#3917,#3918);
#3917 = CARTESIAN_POINT('',(0.,0.));
#3918 = VECTOR('',#3919,1.);
#3919 = DIRECTION('',(0.,1.));
#3920 = ( GEOMETRIC_REPRESENTATION_CONTEXT(2) 
PARAMETRIC_REPRESENTATION_CONTEXT() REPRESENTATION_CONTEXT('2D SPACE',''
  ) );
#3921 = ORIENTED_EDGE('',*,*,#3115,.F.);
#3922 = ADVANCED_FACE('',(#3923),#2598,.F.);
#3923 = FACE_BOUND('',#3924,.F.);
#3924 = EDGE_LOOP('',(#3925,#3926,#3927,#3948));
#3925 = ORIENTED_EDGE('',*,*,#3874,.F.);
#3926 = ORIENTED_EDGE('',*,*,#2585,.T.);
#3927 = ORIENTED_EDGE('',*,*,#3928,.T.);
#3928 = EDGE_CURVE('',#2560,#3137,#3929,.T.);
#3929 = SURFACE_CURVE('',#3930,(#3934,#3941),.PCURVE_S1.);
#3930 = LINE('',#3931,#3932);
#3931 = CARTESIAN_POINT('',(209.14285714285,-4.5,15.5));
#3932 = VECTOR('',#3933,1.);
#3933 = DIRECTION('',(0.,1.,0.));
#3934 = PCURVE('',#2598,#3935);
#3935 = DEFINITIONAL_REPRESENTATION('',(#3936),#3940);
#3936 = LINE('',#3937,#3938);
#3937 = CARTESIAN_POINT('',(0.,0.));
#3938 = VECTOR('',#3939,1.);
#3939 = DIRECTION('',(0.,-1.));
#3940 = ( GEOMETRIC_REPRESENTATION_CONTEXT(2) 
PARAMETRIC_REPRESENTATION_CONTEXT() REPRESENTATION_CONTEXT('2D SPACE',''
  ) );
#3941 = PCURVE('',#2574,#3942);
#3942 = DEFINITIONAL_REPRESENTATION('',(#3943),#3947);
#3943 = LINE('',#3944,#3945);
#3944 = CARTESIAN_POINT('',(4.,0.));
#3945 = VECTOR('',#3946,1.);
#3946 = DIRECTION('',(0.,1.));
#3947 = ( GEOMETRIC_REPRESENTATION_CONTEXT(2) 
PARAMETRIC_REPRESENTATION_CONTEXT() REPRESENTATION_CONTEXT('2D SPACE',''
  ) );
#3948 = ORIENTED_EDGE('',*,*,#3157,.F.);
#3949 = ADVANCED_FACE('',(#3950),#2574,.T.);
#3950 = FACE_BOUND('',#3951,.T.);
#3951 = EDGE_LOOP('',(#3952,#3953,#3954,#3955));
#3952 = ORIENTED_EDGE('',*,*,#3901,.F.);
#3953 = ORIENTED_EDGE('',*,*,#2559,.T.);
#3954 = ORIENTED_EDGE('',*,*,#3928,.T.);
#3955 = ORIENTED_EDGE('',*,*,#3136,.F.);
#3956 = ADVANCED_FACE('',(#3957),#2628,.F.);
#3957 = FACE_BOUND('',#3958,.F.);
#3958 = EDGE_LOOP('',(#3959,#3980,#3981,#4002));
#3959 = ORIENTED_EDGE('',*,*,#3960,.F.);
#3960 = EDGE_CURVE('',#2612,#3179,#3961,.T.);
#3961 = SURFACE_CURVE('',#3962,(#3966,#3973),.PCURVE_S1.);
#3962 = LINE('',#3963,#3964);
#3963 = CARTESIAN_POINT('',(246.57142857142,-4.5,45.5));
#3964 = VECTOR('',#3965,1.);
#3965 = DIRECTION('',(0.,1.,0.));
#3966 = PCURVE('',#2628,#3967);
#3967 = DEFINITIONAL_REPRESENTATION('',(#3968),#3972);
#3968 = LINE('',#3969,#3970);
#3969 = CARTESIAN_POINT('',(0.,0.));
#3970 = VECTOR('',#3971,1.);
#3971 = DIRECTION('',(0.,1.));
#3972 = ( GEOMETRIC_REPRESENTATION_CONTEXT(2) 
PARAMETRIC_REPRESENTATION_CONTEXT() REPRESENTATION_CONTEXT('2D SPACE',''
  ) );
#3973 = PCURVE('',#2654,#3974);
#3974 = DEFINITIONAL_REPRESENTATION('',(#3975),#3979);
#3975 = LINE('',#3976,#3977);
#3976 = CARTESIAN_POINT('',(30.,0.));
#3977 = VECTOR('',#3978,1.);
#3978 = DIRECTION('',(0.,-1.));
#3979 = ( GEOMETRIC_REPRESENTATION_CONTEXT(2) 
PARAMETRIC_REPRESENTATION_CONTEXT() REPRESENTATION_CONTEXT('2D SPACE',''
  ) );
#3980 = ORIENTED_EDGE('',*,*,#2611,.T.);
#3981 = ORIENTED_EDGE('',*,*,#3982,.T.);
#3982 = EDGE_CURVE('',#2614,#3181,#3983,.T.);
#3983 = SURFACE_CURVE('',#3984,(#3988,#3995),.PCURVE_S1.);
#3984 = LINE('',#3985,#3986);
#3985 = CARTESIAN_POINT('',(250.57142857142,-4.5,45.5));
#3986 = VECTOR('',#3987,1.);
#3987 = DIRECTION('',(0.,1.,0.));
#3988 = PCURVE('',#2628,#3989);
#3989 = DEFINITIONAL_REPRESENTATION('',(#3990),#3994);
#3990 = LINE('',#3991,#3992);
#3991 = CARTESIAN_POINT('',(4.,0.));
#3992 = VECTOR('',#3993,1.);
#3993 = DIRECTION('',(0.,1.));
#3994 = ( GEOMETRIC_REPRESENTATION_CONTEXT(2) 
PARAMETRIC_REPRESENTATION_CONTEXT() REPRESENTATION_CONTEXT('2D SPACE',''
  ) );
#3995 = PCURVE('',#2704,#3996);
#3996 = DEFINITIONAL_REPRESENTATION('',(#3997),#4001);
#3997 = LINE('',#3998,#3999);
#3998 = CARTESIAN_POINT('',(30.,0.));
#3999 = VECTOR('',#4000,1.);
#4000 = DIRECTION('',(0.,-1.));
#4001 = ( GEOMETRIC_REPRESENTATION_CONTEXT(2) 
PARAMETRIC_REPRESENTATION_CONTEXT() REPRESENTATION_CONTEXT('2D SPACE',''
  ) );
#4002 = ORIENTED_EDGE('',*,*,#3178,.F.);
#4003 = ADVANCED_FACE('',(#4004),#2654,.T.);
#4004 = FACE_BOUND('',#4005,.T.);
#4005 = EDGE_LOOP('',(#4006,#4007,#4008,#4029));
#4006 = ORIENTED_EDGE('',*,*,#3960,.F.);
#4007 = ORIENTED_EDGE('',*,*,#2639,.T.);
#4008 = ORIENTED_EDGE('',*,*,#4009,.T.);
#4009 = EDGE_CURVE('',#2640,#3202,#4010,.T.);
#4010 = SURFACE_CURVE('',#4011,(#4015,#4022),.PCURVE_S1.);
#4011 = LINE('',#4012,#4013);
#4012 = CARTESIAN_POINT('',(246.57142857142,-4.5,15.5));
#4013 = VECTOR('',#4014,1.);
#4014 = DIRECTION('',(0.,1.,0.));
#4015 = PCURVE('',#2654,#4016);
#4016 = DEFINITIONAL_REPRESENTATION('',(#4017),#4021);
#4017 = LINE('',#4018,#4019);
#4018 = CARTESIAN_POINT('',(0.,0.));
#4019 = VECTOR('',#4020,1.);
#4020 = DIRECTION('',(0.,-1.));
#4021 = ( GEOMETRIC_REPRESENTATION_CONTEXT(2) 
PARAMETRIC_REPRESENTATION_CONTEXT() REPRESENTATION_CONTEXT('2D SPACE',''
  ) );
#4022 = PCURVE('',#2680,#4023);
#4023 = DEFINITIONAL_REPRESENTATION('',(#4024),#4028);
#4024 = LINE('',#4025,#4026);
#4025 = CARTESIAN_POINT('',(0.,0.));
#4026 = VECTOR('',#4027,1.);
#4027 = DIRECTION('',(0.,1.));
#4028 = ( GEOMETRIC_REPRESENTATION_CONTEXT(2) 
PARAMETRIC_REPRESENTATION_CONTEXT() REPRESENTATION_CONTEXT('2D SPACE',''
  ) );
#4029 = ORIENTED_EDGE('',*,*,#3201,.F.);
#4030 = ADVANCED_FACE('',(#4031),#2704,.F.);
#4031 = FACE_BOUND('',#4032,.F.);
#4032 = EDGE_LOOP('',(#4033,#4034,#4035,#4056));
#4033 = ORIENTED_EDGE('',*,*,#3982,.F.);
#4034 = ORIENTED_EDGE('',*,*,#2691,.T.);
#4035 = ORIENTED_EDGE('',*,*,#4036,.T.);
#4036 = EDGE_CURVE('',#2666,#3223,#4037,.T.);
#4037 = SURFACE_CURVE('',#4038,(#4042,#4049),.PCURVE_S1.);
#4038 = LINE('',#4039,#4040);
#4039 = CARTESIAN_POINT('',(250.57142857142,-4.5,15.5));
#4040 = VECTOR('',#4041,1.);
#4041 = DIRECTION('',(0.,1.,0.));
#4042 = PCURVE('',#2704,#4043);
#4043 = DEFINITIONAL_REPRESENTATION('',(#4044),#4048);
#4044 = LINE('',#4045,#4046);
#4045 = CARTESIAN_POINT('',(0.,0.));
#4046 = VECTOR('',#4047,1.);
#4047 = DIRECTION('',(0.,-1.));
#4048 = ( GEOMETRIC_REPRESENTATION_CONTEXT(2) 
PARAMETRIC_REPRESENTATION_CONTEXT() REPRESENTATION_CONTEXT('2D SPACE',''
  ) );
#4049 = PCURVE('',#2680,#4050);
#4050 = DEFINITIONAL_REPRESENTATION('',(#4051),#4055);
#4051 = LINE('',#4052,#4053);
#4052 = CARTESIAN_POINT('',(4.,0.));
#4053 = VECTOR('',#4054,1.);
#4054 = DIRECTION('',(0.,1.));
#4055 = ( GEOMETRIC_REPRESENTATION_CONTEXT(2) 
PARAMETRIC_REPRESENTATION_CONTEXT() REPRESENTATION_CONTEXT('2D SPACE',''
  ) );
#4056 = ORIENTED_EDGE('',*,*,#3243,.F.);
#4057 = ADVANCED_FACE('',(#4058),#2680,.T.);
#4058 = FACE_BOUND('',#4059,.T.);
#4059 = EDGE_LOOP('',(#4060,#4061,#4062,#4063));
#4060 = ORIENTED_EDGE('',*,*,#4009,.F.);
#4061 = ORIENTED_EDGE('',*,*,#2665,.T.);
#4062 = ORIENTED_EDGE('',*,*,#4036,.T.);
#4063 = ORIENTED_EDGE('',*,*,#3222,.F.);
#4064 = ADVANCED_FACE('',(#4065),#2993,.T.);
#4065 = FACE_BOUND('',#4066,.T.);
#4066 = EDGE_LOOP('',(#4067,#4068,#4091,#4112,#4113,#4114));
#4067 = ORIENTED_EDGE('',*,*,#3651,.T.);
#4068 = ORIENTED_EDGE('',*,*,#4069,.T.);
#4069 = EDGE_CURVE('',#3631,#4070,#4072,.T.);
#4070 = VERTEX_POINT('',#4071);
#4071 = CARTESIAN_POINT('',(288.,2.,54.));
#4072 = SURFACE_CURVE('',#4073,(#4077,#4084),.PCURVE_S1.);
#4073 = LINE('',#4074,#4075);
#4074 = CARTESIAN_POINT('',(2.,2.,54.));
#4075 = VECTOR('',#4076,1.);
#4076 = DIRECTION('',(1.,0.,0.));
#4077 = PCURVE('',#2993,#4078);
#4078 = DEFINITIONAL_REPRESENTATION('',(#4079),#4083);
#4079 = LINE('',#4080,#4081);
#4080 = CARTESIAN_POINT('',(-143.,-98.));
#4081 = VECTOR('',#4082,1.);
#4082 = DIRECTION('',(1.,0.));
#4083 = ( GEOMETRIC_REPRESENTATION_CONTEXT(2) 
PARAMETRIC_REPRESENTATION_CONTEXT() REPRESENTATION_CONTEXT('2D SPACE',''
  ) );
#4084 = PCURVE('',#3363,#4085);
#4085 = DEFINITIONAL_REPRESENTATION('',(#4086),#4090);
#4086 = LINE('',#4087,#4088);
#4087 = CARTESIAN_POINT('',(0.,0.));
#4088 = VECTOR('',#4089,1.);
#4089 = DIRECTION('',(1.,0.));
#4090 = ( GEOMETRIC_REPRESENTATION_CONTEXT(2) 
PARAMETRIC_REPRESENTATION_CONTEXT() REPRESENTATION_CONTEXT('2D SPACE',''
  ) );
#4091 = ORIENTED_EDGE('',*,*,#4092,.T.);
#4092 = EDGE_CURVE('',#4070,#3450,#4093,.T.);
#4093 = SURFACE_CURVE('',#4094,(#4098,#4105),.PCURVE_S1.);
#4094 = LINE('',#4095,#4096);
#4095 = CARTESIAN_POINT('',(288.,2.,54.));
#4096 = VECTOR('',#4097,1.);
#4097 = DIRECTION('',(0.,1.,0.));
#4098 = PCURVE('',#2993,#4099);
#4099 = DEFINITIONAL_REPRESENTATION('',(#4100),#4104);
#4100 = LINE('',#4101,#4102);
#4101 = CARTESIAN_POINT('',(143.,-98.));
#4102 = VECTOR('',#4103,1.);
#4103 = DIRECTION('',(0.,1.));
#4104 = ( GEOMETRIC_REPRESENTATION_CONTEXT(2) 
PARAMETRIC_REPRESENTATION_CONTEXT() REPRESENTATION_CONTEXT('2D SPACE',''
  ) );
#4105 = PCURVE('',#3337,#4106);
#4106 = DEFINITIONAL_REPRESENTATION('',(#4107),#4111);
#4107 = LINE('',#4108,#4109);
#4108 = CARTESIAN_POINT('',(0.,0.));
#4109 = VECTOR('',#4110,1.);
#4110 = DIRECTION('',(1.,0.));
#4111 = ( GEOMETRIC_REPRESENTATION_CONTEXT(2) 
PARAMETRIC_REPRESENTATION_CONTEXT() REPRESENTATION_CONTEXT('2D SPACE',''
  ) );
#4112 = ORIENTED_EDGE('',*,*,#3449,.T.);
#4113 = ORIENTED_EDGE('',*,*,#3607,.T.);
#4114 = ORIENTED_EDGE('',*,*,#2980,.F.);
#4115 = ADVANCED_FACE('',(#4116),#3363,.T.);
#4116 = FACE_BOUND('',#4117,.T.);
#4117 = EDGE_LOOP('',(#4118,#4119,#4120,#4121));
#4118 = ORIENTED_EDGE('',*,*,#4069,.F.);
#4119 = ORIENTED_EDGE('',*,*,#3630,.F.);
#4120 = ORIENTED_EDGE('',*,*,#3348,.F.);
#4121 = ORIENTED_EDGE('',*,*,#4122,.F.);
#4122 = EDGE_CURVE('',#4070,#3323,#4123,.T.);
#4123 = SURFACE_CURVE('',#4124,(#4128,#4135),.PCURVE_S1.);
#4124 = LINE('',#4125,#4126);
#4125 = CARTESIAN_POINT('',(288.,2.,54.));
#4126 = VECTOR('',#4127,1.);
#4127 = DIRECTION('',(0.,0.,1.));
#4128 = PCURVE('',#3363,#4129);
#4129 = DEFINITIONAL_REPRESENTATION('',(#4130),#4134);
#4130 = LINE('',#4131,#4132);
#4131 = CARTESIAN_POINT('',(286.,0.));
#4132 = VECTOR('',#4133,1.);
#4133 = DIRECTION('',(0.,-1.));
#4134 = ( GEOMETRIC_REPRESENTATION_CONTEXT(2) 
PARAMETRIC_REPRESENTATION_CONTEXT() REPRESENTATION_CONTEXT('2D SPACE',''
  ) );
#4135 = PCURVE('',#3337,#4136);
#4136 = DEFINITIONAL_REPRESENTATION('',(#4137),#4141);
#4137 = LINE('',#4138,#4139);
#4138 = CARTESIAN_POINT('',(0.,0.));
#4139 = VECTOR('',#4140,1.);
#4140 = DIRECTION('',(0.,-1.));
#4141 = ( GEOMETRIC_REPRESENTATION_CONTEXT(2) 
PARAMETRIC_REPRESENTATION_CONTEXT() REPRESENTATION_CONTEXT('2D SPACE',''
  ) );
#4142 = ADVANCED_FACE('',(#4143),#3337,.T.);
#4143 = FACE_BOUND('',#4144,.T.);
#4144 = EDGE_LOOP('',(#4145,#4146,#4147,#4148));
#4145 = ORIENTED_EDGE('',*,*,#4092,.F.);
#4146 = ORIENTED_EDGE('',*,*,#4122,.T.);
#4147 = ORIENTED_EDGE('',*,*,#3322,.F.);
#4148 = ORIENTED_EDGE('',*,*,#3477,.T.);
#4149 = ( GEOMETRIC_REPRESENTATION_CONTEXT(3) 
GLOBAL_UNCERTAINTY_ASSIGNED_CONTEXT((#4153)) 
GLOBAL_UNIT_ASSIGNED_CONTEXT((#4150,#4151,#4152)) REPRESENTATION_CONTEXT
('Context #1','3D Context with UNIT and UNCERTAINTY') );
#4150 = ( LENGTH_UNIT() NAMED_UNIT(*) SI_UNIT(.MILLI.,.METRE.) );
#4151 = ( NAMED_UNIT(*) PLANE_ANGLE_UNIT() SI_UNIT($,.RADIAN.) );
#4152 = ( NAMED_UNIT(*) SI_UNIT($,.STERADIAN.) SOLID_ANGLE_UNIT() );
#4153 = UNCERTAINTY_MEASURE_WITH_UNIT(LENGTH_MEASURE(1.E-07),#4150,
  'distance_accuracy_value','confusion accuracy');
#4154 = PRODUCT_RELATED_PRODUCT_CATEGORY('part',$,(#7));
ENDSEC;
END-ISO-10303-21;
