ISO-10303-21;
HEADER;
FILE_DESCRIPTION(('Open CASCADE Model'),'2;1');
FILE_NAME('Open CASCADE Shape Model','2026-06-16T08:44:50',('Author'),(
    'Open CASCADE'),'Open CASCADE STEP processor 7.8','Open CASCADE 7.8'
  ,'Unknown');
FILE_SCHEMA(('AUTOMOTIVE_DESIGN { 1 0 10303 214 1 1 1 1 }'));
ENDSEC;
DATA;
#1 = APPLICATION_PROTOCOL_DEFINITION('international standard',
  'automotive_design',2000,#2);
#2 = APPLICATION_CONTEXT(
  'core data for automotive mechanical design processes');
#3 = SHAPE_DEFINITION_REPRESENTATION(#4,#10);
#4 = PRODUCT_DEFINITION_SHAPE('','',#5);
#5 = PRODUCT_DEFINITION('design','',#6,#9);
#6 = PRODUCT_DEFINITION_FORMATION('','',#7);
#7 = PRODUCT('Open CASCADE STEP translator 7.8 10',
  'Open CASCADE STEP translator 7.8 10','',(#8));
#8 = PRODUCT_CONTEXT('',#2,'mechanical');
#9 = PRODUCT_DEFINITION_CONTEXT('part definition',#2,'design');
#10 = ADVANCED_BREP_SHAPE_REPRESENTATION('',(#11,#15),#3335);
#11 = AXIS2_PLACEMENT_3D('',#12,#13,#14);
#12 = CARTESIAN_POINT('',(0.,0.,0.));
#13 = DIRECTION('',(0.,0.,1.));
#14 = DIRECTION('',(1.,0.,-0.));
#15 = MANIFOLD_SOLID_BREP('',#16);
#16 = CLOSED_SHELL('',(#17,#356,#556,#610,#813,#863,#1025,#1079,#1272,
    #1363,#1769,#1774,#1801,#1828,#1906,#1933,#1987,#2167,#2194,#2221,
    #2275,#2348,#2403,#2430,#2437,#2510,#2538,#2593,#2599,#2627,#2666,
    #2842,#2899,#2974,#3001,#3053,#3105,#3160,#3166,#3172,#3226,#3233,
    #3272,#3276,#3331));
#17 = ADVANCED_FACE('',(#18),#32,.F.);
#18 = FACE_BOUND('',#19,.F.);
#19 = EDGE_LOOP('',(#20,#55,#83,#111,#139,#162,#190,#218,#246,#274,#302,
    #330));
#20 = ORIENTED_EDGE('',*,*,#21,.F.);
#21 = EDGE_CURVE('',#22,#24,#26,.T.);
#22 = VERTEX_POINT('',#23);
#23 = CARTESIAN_POINT('',(80.5,-15.99999995,60.));
#24 = VERTEX_POINT('',#25);
#25 = CARTESIAN_POINT('',(80.5,31.00000005,60.));
#26 = SURFACE_CURVE('',#27,(#31,#43),.PCURVE_S1.);
#27 = LINE('',#28,#29);
#28 = CARTESIAN_POINT('',(80.5,-17.49999995,60.));
#29 = VECTOR('',#30,1.);
#30 = DIRECTION('',(0.,1.,0.));
#31 = PCURVE('',#32,#37);
#32 = PLANE('',#33);
#33 = AXIS2_PLACEMENT_3D('',#34,#35,#36);
#34 = CARTESIAN_POINT('',(-80.5,-17.49999995,60.));
#35 = DIRECTION('',(1.110223024625E-16,0.,-1.));
#36 = DIRECTION('',(1.,0.,1.110223024625E-16));
#37 = DEFINITIONAL_REPRESENTATION('',(#38),#42);
#38 = LINE('',#39,#40);
#39 = CARTESIAN_POINT('',(161.,0.));
#40 = VECTOR('',#41,1.);
#41 = DIRECTION('',(0.,-1.));
#42 = ( GEOMETRIC_REPRESENTATION_CONTEXT(2) 
PARAMETRIC_REPRESENTATION_CONTEXT() REPRESENTATION_CONTEXT('2D SPACE',''
  ) );
#43 = PCURVE('',#44,#49);
#44 = PLANE('',#45);
#45 = AXIS2_PLACEMENT_3D('',#46,#47,#48);
#46 = CARTESIAN_POINT('',(80.5,-17.49999995,60.));
#47 = DIRECTION('',(1.,0.,1.110223024625E-16));
#48 = DIRECTION('',(1.110223024625E-16,0.,-1.));
#49 = DEFINITIONAL_REPRESENTATION('',(#50),#54);
#50 = LINE('',#51,#52);
#51 = CARTESIAN_POINT('',(0.,0.));
#52 = VECTOR('',#53,1.);
#53 = DIRECTION('',(0.,1.));
#54 = ( GEOMETRIC_REPRESENTATION_CONTEXT(2) 
PARAMETRIC_REPRESENTATION_CONTEXT() REPRESENTATION_CONTEXT('2D SPACE',''
  ) );
#55 = ORIENTED_EDGE('',*,*,#56,.F.);
#56 = EDGE_CURVE('',#57,#22,#59,.T.);
#57 = VERTEX_POINT('',#58);
#58 = CARTESIAN_POINT('',(58.5,-15.99999995,60.));
#59 = SURFACE_CURVE('',#60,(#64,#71),.PCURVE_S1.);
#60 = LINE('',#61,#62);
#61 = CARTESIAN_POINT('',(-80.5,-15.99999995,60.));
#62 = VECTOR('',#63,1.);
#63 = DIRECTION('',(1.,0.,1.110223024625E-16));
#64 = PCURVE('',#32,#65);
#65 = DEFINITIONAL_REPRESENTATION('',(#66),#70);
#66 = LINE('',#67,#68);
#67 = CARTESIAN_POINT('',(0.,-1.5));
#68 = VECTOR('',#69,1.);
#69 = DIRECTION('',(1.,0.));
#70 = ( GEOMETRIC_REPRESENTATION_CONTEXT(2) 
PARAMETRIC_REPRESENTATION_CONTEXT() REPRESENTATION_CONTEXT('2D SPACE',''
  ) );
#71 = PCURVE('',#72,#77);
#72 = CYLINDRICAL_SURFACE('',#73,1.5);
#73 = AXIS2_PLACEMENT_3D('',#74,#75,#76);
#74 = CARTESIAN_POINT('',(-80.5,-15.99999995,58.5));
#75 = DIRECTION('',(1.,0.,1.110223024625E-16));
#76 = DIRECTION('',(-1.110223024625E-16,0.,1.));
#77 = DEFINITIONAL_REPRESENTATION('',(#78),#82);
#78 = LINE('',#79,#80);
#79 = CARTESIAN_POINT('',(0.,0.));
#80 = VECTOR('',#81,1.);
#81 = DIRECTION('',(0.,1.));
#82 = ( GEOMETRIC_REPRESENTATION_CONTEXT(2) 
PARAMETRIC_REPRESENTATION_CONTEXT() REPRESENTATION_CONTEXT('2D SPACE',''
  ) );
#83 = ORIENTED_EDGE('',*,*,#84,.T.);
#84 = EDGE_CURVE('',#57,#85,#87,.T.);
#85 = VERTEX_POINT('',#86);
#86 = CARTESIAN_POINT('',(58.5,7.50000005,60.));
#87 = SURFACE_CURVE('',#88,(#92,#99),.PCURVE_S1.);
#88 = LINE('',#89,#90);
#89 = CARTESIAN_POINT('',(58.5,7.50000005,60.));
#90 = VECTOR('',#91,1.);
#91 = DIRECTION('',(0.,1.,0.));
#92 = PCURVE('',#32,#93);
#93 = DEFINITIONAL_REPRESENTATION('',(#94),#98);
#94 = LINE('',#95,#96);
#95 = CARTESIAN_POINT('',(139.,-25.));
#96 = VECTOR('',#97,1.);
#97 = DIRECTION('',(0.,-1.));
#98 = ( GEOMETRIC_REPRESENTATION_CONTEXT(2) 
PARAMETRIC_REPRESENTATION_CONTEXT() REPRESENTATION_CONTEXT('2D SPACE',''
  ) );
#99 = PCURVE('',#100,#105);
#100 = CYLINDRICAL_SURFACE('',#101,10.);
#101 = AXIS2_PLACEMENT_3D('',#102,#103,#104);
#102 = CARTESIAN_POINT('',(50.5,7.50000005,54.));
#103 = DIRECTION('',(0.,1.,0.));
#104 = DIRECTION('',(1.110223024625E-16,0.,-1.));
#105 = DEFINITIONAL_REPRESENTATION('',(#106),#110);
#106 = LINE('',#107,#108);
#107 = CARTESIAN_POINT('',(-2.214297435588,0.));
#108 = VECTOR('',#109,1.);
#109 = DIRECTION('',(-0.,1.));
#110 = ( GEOMETRIC_REPRESENTATION_CONTEXT(2) 
PARAMETRIC_REPRESENTATION_CONTEXT() REPRESENTATION_CONTEXT('2D SPACE',''
  ) );
#111 = ORIENTED_EDGE('',*,*,#112,.T.);
#112 = EDGE_CURVE('',#85,#113,#115,.T.);
#113 = VERTEX_POINT('',#114);
#114 = CARTESIAN_POINT('',(42.5,7.50000005,60.));
#115 = SURFACE_CURVE('',#116,(#120,#127),.PCURVE_S1.);
#116 = LINE('',#117,#118);
#117 = CARTESIAN_POINT('',(-15.,7.50000005,60.));
#118 = VECTOR('',#119,1.);
#119 = DIRECTION('',(-1.,0.,-1.110223024625E-16));
#120 = PCURVE('',#32,#121);
#121 = DEFINITIONAL_REPRESENTATION('',(#122),#126);
#122 = LINE('',#123,#124);
#123 = CARTESIAN_POINT('',(65.5,-25.));
#124 = VECTOR('',#125,1.);
#125 = DIRECTION('',(-1.,-0.));
#126 = ( GEOMETRIC_REPRESENTATION_CONTEXT(2) 
PARAMETRIC_REPRESENTATION_CONTEXT() REPRESENTATION_CONTEXT('2D SPACE',''
  ) );
#127 = PCURVE('',#128,#133);
#128 = PLANE('',#129);
#129 = AXIS2_PLACEMENT_3D('',#130,#131,#132);
#130 = CARTESIAN_POINT('',(50.5,7.50000005,54.));
#131 = DIRECTION('',(-0.,-1.,0.));
#132 = DIRECTION('',(-1.,0.,-1.110223024625E-16));
#133 = DEFINITIONAL_REPRESENTATION('',(#134),#138);
#134 = LINE('',#135,#136);
#135 = CARTESIAN_POINT('',(65.5,-6.));
#136 = VECTOR('',#137,1.);
#137 = DIRECTION('',(1.,0.));
#138 = ( GEOMETRIC_REPRESENTATION_CONTEXT(2) 
PARAMETRIC_REPRESENTATION_CONTEXT() REPRESENTATION_CONTEXT('2D SPACE',''
  ) );
#139 = ORIENTED_EDGE('',*,*,#140,.F.);
#140 = EDGE_CURVE('',#141,#113,#143,.T.);
#141 = VERTEX_POINT('',#142);
#142 = CARTESIAN_POINT('',(42.5,-15.99999995,60.));
#143 = SURFACE_CURVE('',#144,(#148,#155),.PCURVE_S1.);
#144 = LINE('',#145,#146);
#145 = CARTESIAN_POINT('',(42.5,7.50000005,60.));
#146 = VECTOR('',#147,1.);
#147 = DIRECTION('',(0.,1.,0.));
#148 = PCURVE('',#32,#149);
#149 = DEFINITIONAL_REPRESENTATION('',(#150),#154);
#150 = LINE('',#151,#152);
#151 = CARTESIAN_POINT('',(123.,-25.));
#152 = VECTOR('',#153,1.);
#153 = DIRECTION('',(0.,-1.));
#154 = ( GEOMETRIC_REPRESENTATION_CONTEXT(2) 
PARAMETRIC_REPRESENTATION_CONTEXT() REPRESENTATION_CONTEXT('2D SPACE',''
  ) );
#155 = PCURVE('',#100,#156);
#156 = DEFINITIONAL_REPRESENTATION('',(#157),#161);
#157 = LINE('',#158,#159);
#158 = CARTESIAN_POINT('',(-4.068887871591,0.));
#159 = VECTOR('',#160,1.);
#160 = DIRECTION('',(-0.,1.));
#161 = ( GEOMETRIC_REPRESENTATION_CONTEXT(2) 
PARAMETRIC_REPRESENTATION_CONTEXT() REPRESENTATION_CONTEXT('2D SPACE',''
  ) );
#162 = ORIENTED_EDGE('',*,*,#163,.F.);
#163 = EDGE_CURVE('',#164,#141,#166,.T.);
#164 = VERTEX_POINT('',#165);
#165 = CARTESIAN_POINT('',(-80.5,-15.99999995,60.));
#166 = SURFACE_CURVE('',#167,(#171,#178),.PCURVE_S1.);
#167 = LINE('',#168,#169);
#168 = CARTESIAN_POINT('',(-80.5,-15.99999995,60.));
#169 = VECTOR('',#170,1.);
#170 = DIRECTION('',(1.,0.,1.110223024625E-16));
#171 = PCURVE('',#32,#172);
#172 = DEFINITIONAL_REPRESENTATION('',(#173),#177);
#173 = LINE('',#174,#175);
#174 = CARTESIAN_POINT('',(0.,-1.5));
#175 = VECTOR('',#176,1.);
#176 = DIRECTION('',(1.,0.));
#177 = ( GEOMETRIC_REPRESENTATION_CONTEXT(2) 
PARAMETRIC_REPRESENTATION_CONTEXT() REPRESENTATION_CONTEXT('2D SPACE',''
  ) );
#178 = PCURVE('',#179,#184);
#179 = CYLINDRICAL_SURFACE('',#180,1.5);
#180 = AXIS2_PLACEMENT_3D('',#181,#182,#183);
#181 = CARTESIAN_POINT('',(-80.5,-15.99999995,58.5));
#182 = DIRECTION('',(1.,0.,1.110223024625E-16));
#183 = DIRECTION('',(-1.110223024625E-16,0.,1.));
#184 = DEFINITIONAL_REPRESENTATION('',(#185),#189);
#185 = LINE('',#186,#187);
#186 = CARTESIAN_POINT('',(0.,0.));
#187 = VECTOR('',#188,1.);
#188 = DIRECTION('',(0.,1.));
#189 = ( GEOMETRIC_REPRESENTATION_CONTEXT(2) 
PARAMETRIC_REPRESENTATION_CONTEXT() REPRESENTATION_CONTEXT('2D SPACE',''
  ) );
#190 = ORIENTED_EDGE('',*,*,#191,.T.);
#191 = EDGE_CURVE('',#164,#192,#194,.T.);
#192 = VERTEX_POINT('',#193);
#193 = CARTESIAN_POINT('',(-80.5,-0.29999995,60.));
#194 = SURFACE_CURVE('',#195,(#199,#206),.PCURVE_S1.);
#195 = LINE('',#196,#197);
#196 = CARTESIAN_POINT('',(-80.5,-17.49999995,60.));
#197 = VECTOR('',#198,1.);
#198 = DIRECTION('',(0.,1.,0.));
#199 = PCURVE('',#32,#200);
#200 = DEFINITIONAL_REPRESENTATION('',(#201),#205);
#201 = LINE('',#202,#203);
#202 = CARTESIAN_POINT('',(0.,0.));
#203 = VECTOR('',#204,1.);
#204 = DIRECTION('',(0.,-1.));
#205 = ( GEOMETRIC_REPRESENTATION_CONTEXT(2) 
PARAMETRIC_REPRESENTATION_CONTEXT() REPRESENTATION_CONTEXT('2D SPACE',''
  ) );
#206 = PCURVE('',#207,#212);
#207 = PLANE('',#208);
#208 = AXIS2_PLACEMENT_3D('',#209,#210,#211);
#209 = CARTESIAN_POINT('',(-80.5,-17.49999995,60.));
#210 = DIRECTION('',(1.,0.,1.110223024625E-16));
#211 = DIRECTION('',(1.110223024625E-16,0.,-1.));
#212 = DEFINITIONAL_REPRESENTATION('',(#213),#217);
#213 = LINE('',#214,#215);
#214 = CARTESIAN_POINT('',(0.,0.));
#215 = VECTOR('',#216,1.);
#216 = DIRECTION('',(0.,1.));
#217 = ( GEOMETRIC_REPRESENTATION_CONTEXT(2) 
PARAMETRIC_REPRESENTATION_CONTEXT() REPRESENTATION_CONTEXT('2D SPACE',''
  ) );
#218 = ORIENTED_EDGE('',*,*,#219,.T.);
#219 = EDGE_CURVE('',#192,#220,#222,.T.);
#220 = VERTEX_POINT('',#221);
#221 = CARTESIAN_POINT('',(-76.201,-0.29999995,60.));
#222 = SURFACE_CURVE('',#223,(#227,#234),.PCURVE_S1.);
#223 = LINE('',#224,#225);
#224 = CARTESIAN_POINT('',(-80.5,-0.29999995,60.));
#225 = VECTOR('',#226,1.);
#226 = DIRECTION('',(1.,0.,1.110223024625E-16));
#227 = PCURVE('',#32,#228);
#228 = DEFINITIONAL_REPRESENTATION('',(#229),#233);
#229 = LINE('',#230,#231);
#230 = CARTESIAN_POINT('',(0.,-17.2));
#231 = VECTOR('',#232,1.);
#232 = DIRECTION('',(1.,0.));
#233 = ( GEOMETRIC_REPRESENTATION_CONTEXT(2) 
PARAMETRIC_REPRESENTATION_CONTEXT() REPRESENTATION_CONTEXT('2D SPACE',''
  ) );
#234 = PCURVE('',#235,#240);
#235 = CYLINDRICAL_SURFACE('',#236,1.5);
#236 = AXIS2_PLACEMENT_3D('',#237,#238,#239);
#237 = CARTESIAN_POINT('',(-80.5,-0.29999995,58.5));
#238 = DIRECTION('',(1.,0.,1.110223024625E-16));
#239 = DIRECTION('',(-1.110223024625E-16,0.,1.));
#240 = DEFINITIONAL_REPRESENTATION('',(#241),#245);
#241 = LINE('',#242,#243);
#242 = CARTESIAN_POINT('',(-0.,0.));
#243 = VECTOR('',#244,1.);
#244 = DIRECTION('',(-0.,1.));
#245 = ( GEOMETRIC_REPRESENTATION_CONTEXT(2) 
PARAMETRIC_REPRESENTATION_CONTEXT() REPRESENTATION_CONTEXT('2D SPACE',''
  ) );
#246 = ORIENTED_EDGE('',*,*,#247,.F.);
#247 = EDGE_CURVE('',#248,#220,#250,.T.);
#248 = VERTEX_POINT('',#249);
#249 = CARTESIAN_POINT('',(-76.201,15.30000005,60.));
#250 = SURFACE_CURVE('',#251,(#255,#262),.PCURVE_S1.);
#251 = LINE('',#252,#253);
#252 = CARTESIAN_POINT('',(-76.201,15.30000005,60.));
#253 = VECTOR('',#254,1.);
#254 = DIRECTION('',(0.,-1.,0.));
#255 = PCURVE('',#32,#256);
#256 = DEFINITIONAL_REPRESENTATION('',(#257),#261);
#257 = LINE('',#258,#259);
#258 = CARTESIAN_POINT('',(4.299,-32.8));
#259 = VECTOR('',#260,1.);
#260 = DIRECTION('',(0.,1.));
#261 = ( GEOMETRIC_REPRESENTATION_CONTEXT(2) 
PARAMETRIC_REPRESENTATION_CONTEXT() REPRESENTATION_CONTEXT('2D SPACE',''
  ) );
#262 = PCURVE('',#263,#268);
#263 = PLANE('',#264);
#264 = AXIS2_PLACEMENT_3D('',#265,#266,#267);
#265 = CARTESIAN_POINT('',(-76.201,1.20000005,61.));
#266 = DIRECTION('',(1.,0.,1.110223024625E-16));
#267 = DIRECTION('',(1.110223024625E-16,0.,-1.));
#268 = DEFINITIONAL_REPRESENTATION('',(#269),#273);
#269 = LINE('',#270,#271);
#270 = CARTESIAN_POINT('',(1.,14.1));
#271 = VECTOR('',#272,1.);
#272 = DIRECTION('',(0.,-1.));
#273 = ( GEOMETRIC_REPRESENTATION_CONTEXT(2) 
PARAMETRIC_REPRESENTATION_CONTEXT() REPRESENTATION_CONTEXT('2D SPACE',''
  ) );
#274 = ORIENTED_EDGE('',*,*,#275,.F.);
#275 = EDGE_CURVE('',#276,#248,#278,.T.);
#276 = VERTEX_POINT('',#277);
#277 = CARTESIAN_POINT('',(-80.5,15.30000005,60.));
#278 = SURFACE_CURVE('',#279,(#283,#290),.PCURVE_S1.);
#279 = LINE('',#280,#281);
#280 = CARTESIAN_POINT('',(-80.5,15.30000005,60.));
#281 = VECTOR('',#282,1.);
#282 = DIRECTION('',(1.,0.,1.110223024625E-16));
#283 = PCURVE('',#32,#284);
#284 = DEFINITIONAL_REPRESENTATION('',(#285),#289);
#285 = LINE('',#286,#287);
#286 = CARTESIAN_POINT('',(0.,-32.8));
#287 = VECTOR('',#288,1.);
#288 = DIRECTION('',(1.,0.));
#289 = ( GEOMETRIC_REPRESENTATION_CONTEXT(2) 
PARAMETRIC_REPRESENTATION_CONTEXT() REPRESENTATION_CONTEXT('2D SPACE',''
  ) );
#290 = PCURVE('',#291,#296);
#291 = CYLINDRICAL_SURFACE('',#292,1.5);
#292 = AXIS2_PLACEMENT_3D('',#293,#294,#295);
#293 = CARTESIAN_POINT('',(-80.5,15.30000005,58.5));
#294 = DIRECTION('',(1.,0.,1.110223024625E-16));
#295 = DIRECTION('',(-1.110223024625E-16,0.,1.));
#296 = DEFINITIONAL_REPRESENTATION('',(#297),#301);
#297 = LINE('',#298,#299);
#298 = CARTESIAN_POINT('',(0.,0.));
#299 = VECTOR('',#300,1.);
#300 = DIRECTION('',(0.,1.));
#301 = ( GEOMETRIC_REPRESENTATION_CONTEXT(2) 
PARAMETRIC_REPRESENTATION_CONTEXT() REPRESENTATION_CONTEXT('2D SPACE',''
  ) );
#302 = ORIENTED_EDGE('',*,*,#303,.T.);
#303 = EDGE_CURVE('',#276,#304,#306,.T.);
#304 = VERTEX_POINT('',#305);
#305 = CARTESIAN_POINT('',(-80.5,31.00000005,60.));
#306 = SURFACE_CURVE('',#307,(#311,#318),.PCURVE_S1.);
#307 = LINE('',#308,#309);
#308 = CARTESIAN_POINT('',(-80.5,-17.49999995,60.));
#309 = VECTOR('',#310,1.);
#310 = DIRECTION('',(0.,1.,0.));
#311 = PCURVE('',#32,#312);
#312 = DEFINITIONAL_REPRESENTATION('',(#313),#317);
#313 = LINE('',#314,#315);
#314 = CARTESIAN_POINT('',(0.,0.));
#315 = VECTOR('',#316,1.);
#316 = DIRECTION('',(0.,-1.));
#317 = ( GEOMETRIC_REPRESENTATION_CONTEXT(2) 
PARAMETRIC_REPRESENTATION_CONTEXT() REPRESENTATION_CONTEXT('2D SPACE',''
  ) );
#318 = PCURVE('',#319,#324);
#319 = PLANE('',#320);
#320 = AXIS2_PLACEMENT_3D('',#321,#322,#323);
#321 = CARTESIAN_POINT('',(-80.5,-17.49999995,60.));
#322 = DIRECTION('',(1.,0.,1.110223024625E-16));
#323 = DIRECTION('',(1.110223024625E-16,0.,-1.));
#324 = DEFINITIONAL_REPRESENTATION('',(#325),#329);
#325 = LINE('',#326,#327);
#326 = CARTESIAN_POINT('',(0.,0.));
#327 = VECTOR('',#328,1.);
#328 = DIRECTION('',(0.,1.));
#329 = ( GEOMETRIC_REPRESENTATION_CONTEXT(2) 
PARAMETRIC_REPRESENTATION_CONTEXT() REPRESENTATION_CONTEXT('2D SPACE',''
  ) );
#330 = ORIENTED_EDGE('',*,*,#331,.F.);
#331 = EDGE_CURVE('',#24,#304,#332,.T.);
#332 = SURFACE_CURVE('',#333,(#337,#344),.PCURVE_S1.);
#333 = LINE('',#334,#335);
#334 = CARTESIAN_POINT('',(80.5,31.00000005,60.));
#335 = VECTOR('',#336,1.);
#336 = DIRECTION('',(-1.,0.,-1.110223024625E-16));
#337 = PCURVE('',#32,#338);
#338 = DEFINITIONAL_REPRESENTATION('',(#339),#343);
#339 = LINE('',#340,#341);
#340 = CARTESIAN_POINT('',(161.,-48.5));
#341 = VECTOR('',#342,1.);
#342 = DIRECTION('',(-1.,-0.));
#343 = ( GEOMETRIC_REPRESENTATION_CONTEXT(2) 
PARAMETRIC_REPRESENTATION_CONTEXT() REPRESENTATION_CONTEXT('2D SPACE',''
  ) );
#344 = PCURVE('',#345,#350);
#345 = CYLINDRICAL_SURFACE('',#346,1.5);
#346 = AXIS2_PLACEMENT_3D('',#347,#348,#349);
#347 = CARTESIAN_POINT('',(80.5,31.00000005,58.5));
#348 = DIRECTION('',(-1.,0.,-1.110223024625E-16));
#349 = DIRECTION('',(-1.110223024625E-16,-0.,1.));
#350 = DEFINITIONAL_REPRESENTATION('',(#351),#355);
#351 = LINE('',#352,#353);
#352 = CARTESIAN_POINT('',(0.,0.));
#353 = VECTOR('',#354,1.);
#354 = DIRECTION('',(0.,1.));
#355 = ( GEOMETRIC_REPRESENTATION_CONTEXT(2) 
PARAMETRIC_REPRESENTATION_CONTEXT() REPRESENTATION_CONTEXT('2D SPACE',''
  ) );
#356 = ADVANCED_FACE('',(#357),#44,.T.);
#357 = FACE_BOUND('',#358,.T.);
#358 = EDGE_LOOP('',(#359,#360,#384,#412,#441,#469,#502,#530));
#359 = ORIENTED_EDGE('',*,*,#21,.F.);
#360 = ORIENTED_EDGE('',*,*,#361,.T.);
#361 = EDGE_CURVE('',#22,#362,#364,.T.);
#362 = VERTEX_POINT('',#363);
#363 = CARTESIAN_POINT('',(80.5,-17.49999995,58.5));
#364 = SURFACE_CURVE('',#365,(#370,#377),.PCURVE_S1.);
#365 = CIRCLE('',#366,1.5);
#366 = AXIS2_PLACEMENT_3D('',#367,#368,#369);
#367 = CARTESIAN_POINT('',(80.5,-15.99999995,58.5));
#368 = DIRECTION('',(1.,0.,1.110223024625E-16));
#369 = DIRECTION('',(0.,-1.,0.));
#370 = PCURVE('',#44,#371);
#371 = DEFINITIONAL_REPRESENTATION('',(#372),#376);
#372 = CIRCLE('',#373,1.5);
#373 = AXIS2_PLACEMENT_2D('',#374,#375);
#374 = CARTESIAN_POINT('',(1.5,1.5));
#375 = DIRECTION('',(0.,-1.));
#376 = ( GEOMETRIC_REPRESENTATION_CONTEXT(2) 
PARAMETRIC_REPRESENTATION_CONTEXT() REPRESENTATION_CONTEXT('2D SPACE',''
  ) );
#377 = PCURVE('',#72,#378);
#378 = DEFINITIONAL_REPRESENTATION('',(#379),#383);
#379 = LINE('',#380,#381);
#380 = CARTESIAN_POINT('',(-4.712388980385,161.));
#381 = VECTOR('',#382,1.);
#382 = DIRECTION('',(1.,0.));
#383 = ( GEOMETRIC_REPRESENTATION_CONTEXT(2) 
PARAMETRIC_REPRESENTATION_CONTEXT() REPRESENTATION_CONTEXT('2D SPACE',''
  ) );
#384 = ORIENTED_EDGE('',*,*,#385,.T.);
#385 = EDGE_CURVE('',#362,#386,#388,.T.);
#386 = VERTEX_POINT('',#387);
#387 = CARTESIAN_POINT('',(80.5,-17.49999995,49.5));
#388 = SURFACE_CURVE('',#389,(#393,#400),.PCURVE_S1.);
#389 = LINE('',#390,#391);
#390 = CARTESIAN_POINT('',(80.5,-17.49999995,60.));
#391 = VECTOR('',#392,1.);
#392 = DIRECTION('',(1.110223024625E-16,0.,-1.));
#393 = PCURVE('',#44,#394);
#394 = DEFINITIONAL_REPRESENTATION('',(#395),#399);
#395 = LINE('',#396,#397);
#396 = CARTESIAN_POINT('',(0.,0.));
#397 = VECTOR('',#398,1.);
#398 = DIRECTION('',(1.,0.));
#399 = ( GEOMETRIC_REPRESENTATION_CONTEXT(2) 
PARAMETRIC_REPRESENTATION_CONTEXT() REPRESENTATION_CONTEXT('2D SPACE',''
  ) );
#400 = PCURVE('',#401,#406);
#401 = PLANE('',#402);
#402 = AXIS2_PLACEMENT_3D('',#403,#404,#405);
#403 = CARTESIAN_POINT('',(-80.5,-17.49999995,60.));
#404 = DIRECTION('',(0.,1.,0.));
#405 = DIRECTION('',(1.,0.,1.110223024625E-16));
#406 = DEFINITIONAL_REPRESENTATION('',(#407),#411);
#407 = LINE('',#408,#409);
#408 = CARTESIAN_POINT('',(161.,3.663735981263E-15));
#409 = VECTOR('',#410,1.);
#410 = DIRECTION('',(0.,1.));
#411 = ( GEOMETRIC_REPRESENTATION_CONTEXT(2) 
PARAMETRIC_REPRESENTATION_CONTEXT() REPRESENTATION_CONTEXT('2D SPACE',''
  ) );
#412 = ORIENTED_EDGE('',*,*,#413,.T.);
#413 = EDGE_CURVE('',#386,#414,#416,.T.);
#414 = VERTEX_POINT('',#415);
#415 = CARTESIAN_POINT('',(80.5,-15.99999995,48.));
#416 = SURFACE_CURVE('',#417,(#422,#429),.PCURVE_S1.);
#417 = CIRCLE('',#418,1.5);
#418 = AXIS2_PLACEMENT_3D('',#419,#420,#421);
#419 = CARTESIAN_POINT('',(80.5,-15.99999995,49.5));
#420 = DIRECTION('',(1.,0.,1.110223024625E-16));
#421 = DIRECTION('',(0.,-1.,0.));
#422 = PCURVE('',#44,#423);
#423 = DEFINITIONAL_REPRESENTATION('',(#424),#428);
#424 = CIRCLE('',#425,1.5);
#425 = AXIS2_PLACEMENT_2D('',#426,#427);
#426 = CARTESIAN_POINT('',(10.5,1.5));
#427 = DIRECTION('',(0.,-1.));
#428 = ( GEOMETRIC_REPRESENTATION_CONTEXT(2) 
PARAMETRIC_REPRESENTATION_CONTEXT() REPRESENTATION_CONTEXT('2D SPACE',''
  ) );
#429 = PCURVE('',#430,#435);
#430 = CYLINDRICAL_SURFACE('',#431,1.5);
#431 = AXIS2_PLACEMENT_3D('',#432,#433,#434);
#432 = CARTESIAN_POINT('',(-74.5,-15.99999995,49.5));
#433 = DIRECTION('',(1.,0.,1.110223024625E-16));
#434 = DIRECTION('',(0.,-1.,0.));
#435 = DEFINITIONAL_REPRESENTATION('',(#436),#440);
#436 = LINE('',#437,#438);
#437 = CARTESIAN_POINT('',(0.,155.));
#438 = VECTOR('',#439,1.);
#439 = DIRECTION('',(1.,0.));
#440 = ( GEOMETRIC_REPRESENTATION_CONTEXT(2) 
PARAMETRIC_REPRESENTATION_CONTEXT() REPRESENTATION_CONTEXT('2D SPACE',''
  ) );
#441 = ORIENTED_EDGE('',*,*,#442,.T.);
#442 = EDGE_CURVE('',#414,#443,#445,.T.);
#443 = VERTEX_POINT('',#444);
#444 = CARTESIAN_POINT('',(80.5,31.00000005,48.));
#445 = SURFACE_CURVE('',#446,(#450,#457),.PCURVE_S1.);
#446 = LINE('',#447,#448);
#447 = CARTESIAN_POINT('',(80.5,-17.49999995,48.));
#448 = VECTOR('',#449,1.);
#449 = DIRECTION('',(0.,1.,0.));
#450 = PCURVE('',#44,#451);
#451 = DEFINITIONAL_REPRESENTATION('',(#452),#456);
#452 = LINE('',#453,#454);
#453 = CARTESIAN_POINT('',(12.,0.));
#454 = VECTOR('',#455,1.);
#455 = DIRECTION('',(0.,1.));
#456 = ( GEOMETRIC_REPRESENTATION_CONTEXT(2) 
PARAMETRIC_REPRESENTATION_CONTEXT() REPRESENTATION_CONTEXT('2D SPACE',''
  ) );
#457 = PCURVE('',#458,#463);
#458 = PLANE('',#459);
#459 = AXIS2_PLACEMENT_3D('',#460,#461,#462);
#460 = CARTESIAN_POINT('',(-74.5,-17.49999995,48.));
#461 = DIRECTION('',(1.110223024625E-16,0.,-1.));
#462 = DIRECTION('',(1.,0.,1.110223024625E-16));
#463 = DEFINITIONAL_REPRESENTATION('',(#464),#468);
#464 = LINE('',#465,#466);
#465 = CARTESIAN_POINT('',(155.,0.));
#466 = VECTOR('',#467,1.);
#467 = DIRECTION('',(0.,-1.));
#468 = ( GEOMETRIC_REPRESENTATION_CONTEXT(2) 
PARAMETRIC_REPRESENTATION_CONTEXT() REPRESENTATION_CONTEXT('2D SPACE',''
  ) );
#469 = ORIENTED_EDGE('',*,*,#470,.F.);
#470 = EDGE_CURVE('',#471,#443,#473,.T.);
#471 = VERTEX_POINT('',#472);
#472 = CARTESIAN_POINT('',(80.5,32.50000005,49.5));
#473 = SURFACE_CURVE('',#474,(#479,#490),.PCURVE_S1.);
#474 = CIRCLE('',#475,1.5);
#475 = AXIS2_PLACEMENT_3D('',#476,#477,#478);
#476 = CARTESIAN_POINT('',(80.5,31.00000005,49.5));
#477 = DIRECTION('',(-1.,-0.,-1.110223024625E-16));
#478 = DIRECTION('',(0.,-1.,0.));
#479 = PCURVE('',#44,#480);
#480 = DEFINITIONAL_REPRESENTATION('',(#481),#489);
#481 = ( BOUNDED_CURVE() B_SPLINE_CURVE(2,(#482,#483,#484,#485,#486,#487
,#488),.UNSPECIFIED.,.T.,.F.) B_SPLINE_CURVE_WITH_KNOTS((1,2,2,2,2,1),(
    -2.094395102393,0.,2.094395102393,4.188790204786,6.28318530718,
8.377580409573),.UNSPECIFIED.) CURVE() GEOMETRIC_REPRESENTATION_ITEM() 
RATIONAL_B_SPLINE_CURVE((1.,0.5,1.,0.5,1.,0.5,1.)) REPRESENTATION_ITEM(
  '') );
#482 = CARTESIAN_POINT('',(10.5,47.));
#483 = CARTESIAN_POINT('',(7.901923788647,47.));
#484 = CARTESIAN_POINT('',(9.200961894323,49.25));
#485 = CARTESIAN_POINT('',(10.5,51.5));
#486 = CARTESIAN_POINT('',(11.799038105677,49.25));
#487 = CARTESIAN_POINT('',(13.098076211353,47.));
#488 = CARTESIAN_POINT('',(10.5,47.));
#489 = ( GEOMETRIC_REPRESENTATION_CONTEXT(2) 
PARAMETRIC_REPRESENTATION_CONTEXT() REPRESENTATION_CONTEXT('2D SPACE',''
  ) );
#490 = PCURVE('',#491,#496);
#491 = CYLINDRICAL_SURFACE('',#492,1.5);
#492 = AXIS2_PLACEMENT_3D('',#493,#494,#495);
#493 = CARTESIAN_POINT('',(-74.5,31.00000005,49.5));
#494 = DIRECTION('',(1.,0.,1.110223024625E-16));
#495 = DIRECTION('',(0.,1.,0.));
#496 = DEFINITIONAL_REPRESENTATION('',(#497),#501);
#497 = LINE('',#498,#499);
#498 = CARTESIAN_POINT('',(3.14159265359,155.));
#499 = VECTOR('',#500,1.);
#500 = DIRECTION('',(-1.,0.));
#501 = ( GEOMETRIC_REPRESENTATION_CONTEXT(2) 
PARAMETRIC_REPRESENTATION_CONTEXT() REPRESENTATION_CONTEXT('2D SPACE',''
  ) );
#502 = ORIENTED_EDGE('',*,*,#503,.F.);
#503 = EDGE_CURVE('',#504,#471,#506,.T.);
#504 = VERTEX_POINT('',#505);
#505 = CARTESIAN_POINT('',(80.5,32.50000005,58.5));
#506 = SURFACE_CURVE('',#507,(#511,#518),.PCURVE_S1.);
#507 = LINE('',#508,#509);
#508 = CARTESIAN_POINT('',(80.5,32.50000005,60.));
#509 = VECTOR('',#510,1.);
#510 = DIRECTION('',(1.110223024625E-16,0.,-1.));
#511 = PCURVE('',#44,#512);
#512 = DEFINITIONAL_REPRESENTATION('',(#513),#517);
#513 = LINE('',#514,#515);
#514 = CARTESIAN_POINT('',(0.,50.));
#515 = VECTOR('',#516,1.);
#516 = DIRECTION('',(1.,0.));
#517 = ( GEOMETRIC_REPRESENTATION_CONTEXT(2) 
PARAMETRIC_REPRESENTATION_CONTEXT() REPRESENTATION_CONTEXT('2D SPACE',''
  ) );
#518 = PCURVE('',#519,#524);
#519 = PLANE('',#520);
#520 = AXIS2_PLACEMENT_3D('',#521,#522,#523);
#521 = CARTESIAN_POINT('',(-80.5,32.50000005,60.));
#522 = DIRECTION('',(0.,1.,0.));
#523 = DIRECTION('',(1.,0.,1.110223024625E-16));
#524 = DEFINITIONAL_REPRESENTATION('',(#525),#529);
#525 = LINE('',#526,#527);
#526 = CARTESIAN_POINT('',(161.,3.663735981263E-15));
#527 = VECTOR('',#528,1.);
#528 = DIRECTION('',(0.,1.));
#529 = ( GEOMETRIC_REPRESENTATION_CONTEXT(2) 
PARAMETRIC_REPRESENTATION_CONTEXT() REPRESENTATION_CONTEXT('2D SPACE',''
  ) );
#530 = ORIENTED_EDGE('',*,*,#531,.F.);
#531 = EDGE_CURVE('',#24,#504,#532,.T.);
#532 = SURFACE_CURVE('',#533,(#538,#549),.PCURVE_S1.);
#533 = CIRCLE('',#534,1.5);
#534 = AXIS2_PLACEMENT_3D('',#535,#536,#537);
#535 = CARTESIAN_POINT('',(80.5,31.00000005,58.5));
#536 = DIRECTION('',(-1.,0.,-1.110223024625E-16));
#537 = DIRECTION('',(0.,1.,0.));
#538 = PCURVE('',#44,#539);
#539 = DEFINITIONAL_REPRESENTATION('',(#540),#548);
#540 = ( BOUNDED_CURVE() B_SPLINE_CURVE(2,(#541,#542,#543,#544,#545,#546
,#547),.UNSPECIFIED.,.T.,.F.) B_SPLINE_CURVE_WITH_KNOTS((1,2,2,2,2,1),(
    -2.094395102393,0.,2.094395102393,4.188790204786,6.28318530718,
8.377580409573),.UNSPECIFIED.) CURVE() GEOMETRIC_REPRESENTATION_ITEM() 
RATIONAL_B_SPLINE_CURVE((1.,0.5,1.,0.5,1.,0.5,1.)) REPRESENTATION_ITEM(
  '') );
#541 = CARTESIAN_POINT('',(1.5,50.));
#542 = CARTESIAN_POINT('',(4.098076211353,50.));
#543 = CARTESIAN_POINT('',(2.799038105677,47.75));
#544 = CARTESIAN_POINT('',(1.5,45.5));
#545 = CARTESIAN_POINT('',(0.200961894323,47.75));
#546 = CARTESIAN_POINT('',(-1.098076211353,50.));
#547 = CARTESIAN_POINT('',(1.5,50.));
#548 = ( GEOMETRIC_REPRESENTATION_CONTEXT(2) 
PARAMETRIC_REPRESENTATION_CONTEXT() REPRESENTATION_CONTEXT('2D SPACE',''
  ) );
#549 = PCURVE('',#345,#550);
#550 = DEFINITIONAL_REPRESENTATION('',(#551),#555);
#551 = LINE('',#552,#553);
#552 = CARTESIAN_POINT('',(-4.712388980385,0.));
#553 = VECTOR('',#554,1.);
#554 = DIRECTION('',(1.,0.));
#555 = ( GEOMETRIC_REPRESENTATION_CONTEXT(2) 
PARAMETRIC_REPRESENTATION_CONTEXT() REPRESENTATION_CONTEXT('2D SPACE',''
  ) );
#556 = ADVANCED_FACE('',(#557),#345,.T.);
#557 = FACE_BOUND('',#558,.T.);
#558 = EDGE_LOOP('',(#559,#560,#583,#609));
#559 = ORIENTED_EDGE('',*,*,#531,.T.);
#560 = ORIENTED_EDGE('',*,*,#561,.T.);
#561 = EDGE_CURVE('',#504,#562,#564,.T.);
#562 = VERTEX_POINT('',#563);
#563 = CARTESIAN_POINT('',(-80.5,32.50000005,58.5));
#564 = SURFACE_CURVE('',#565,(#569,#576),.PCURVE_S1.);
#565 = LINE('',#566,#567);
#566 = CARTESIAN_POINT('',(80.5,32.50000005,58.5));
#567 = VECTOR('',#568,1.);
#568 = DIRECTION('',(-1.,0.,-1.110223024625E-16));
#569 = PCURVE('',#345,#570);
#570 = DEFINITIONAL_REPRESENTATION('',(#571),#575);
#571 = LINE('',#572,#573);
#572 = CARTESIAN_POINT('',(1.570796326795,0.));
#573 = VECTOR('',#574,1.);
#574 = DIRECTION('',(0.,1.));
#575 = ( GEOMETRIC_REPRESENTATION_CONTEXT(2) 
PARAMETRIC_REPRESENTATION_CONTEXT() REPRESENTATION_CONTEXT('2D SPACE',''
  ) );
#576 = PCURVE('',#519,#577);
#577 = DEFINITIONAL_REPRESENTATION('',(#578),#582);
#578 = LINE('',#579,#580);
#579 = CARTESIAN_POINT('',(161.,1.5));
#580 = VECTOR('',#581,1.);
#581 = DIRECTION('',(-1.,0.));
#582 = ( GEOMETRIC_REPRESENTATION_CONTEXT(2) 
PARAMETRIC_REPRESENTATION_CONTEXT() REPRESENTATION_CONTEXT('2D SPACE',''
  ) );
#583 = ORIENTED_EDGE('',*,*,#584,.F.);
#584 = EDGE_CURVE('',#304,#562,#585,.T.);
#585 = SURFACE_CURVE('',#586,(#591,#598),.PCURVE_S1.);
#586 = CIRCLE('',#587,1.5);
#587 = AXIS2_PLACEMENT_3D('',#588,#589,#590);
#588 = CARTESIAN_POINT('',(-80.5,31.00000005,58.5));
#589 = DIRECTION('',(-1.,0.,-1.110223024625E-16));
#590 = DIRECTION('',(0.,1.,0.));
#591 = PCURVE('',#345,#592);
#592 = DEFINITIONAL_REPRESENTATION('',(#593),#597);
#593 = LINE('',#594,#595);
#594 = CARTESIAN_POINT('',(-4.712388980385,161.));
#595 = VECTOR('',#596,1.);
#596 = DIRECTION('',(1.,0.));
#597 = ( GEOMETRIC_REPRESENTATION_CONTEXT(2) 
PARAMETRIC_REPRESENTATION_CONTEXT() REPRESENTATION_CONTEXT('2D SPACE',''
  ) );
#598 = PCURVE('',#319,#599);
#599 = DEFINITIONAL_REPRESENTATION('',(#600),#608);
#600 = ( BOUNDED_CURVE() B_SPLINE_CURVE(2,(#601,#602,#603,#604,#605,#606
,#607),.UNSPECIFIED.,.T.,.F.) B_SPLINE_CURVE_WITH_KNOTS((1,2,2,2,2,1),(
    -2.094395102393,0.,2.094395102393,4.188790204786,6.28318530718,
8.377580409573),.UNSPECIFIED.) CURVE() GEOMETRIC_REPRESENTATION_ITEM() 
RATIONAL_B_SPLINE_CURVE((1.,0.5,1.,0.5,1.,0.5,1.)) REPRESENTATION_ITEM(
  '') );
#601 = CARTESIAN_POINT('',(1.5,50.));
#602 = CARTESIAN_POINT('',(4.098076211353,50.));
#603 = CARTESIAN_POINT('',(2.799038105677,47.75));
#604 = CARTESIAN_POINT('',(1.5,45.5));
#605 = CARTESIAN_POINT('',(0.200961894323,47.75));
#606 = CARTESIAN_POINT('',(-1.098076211353,50.));
#607 = CARTESIAN_POINT('',(1.5,50.));
#608 = ( GEOMETRIC_REPRESENTATION_CONTEXT(2) 
PARAMETRIC_REPRESENTATION_CONTEXT() REPRESENTATION_CONTEXT('2D SPACE',''
  ) );
#609 = ORIENTED_EDGE('',*,*,#331,.F.);
#610 = ADVANCED_FACE('',(#611,#778),#319,.F.);
#611 = FACE_BOUND('',#612,.F.);
#612 = EDGE_LOOP('',(#613,#614,#638,#666,#695,#723,#756,#777));
#613 = ORIENTED_EDGE('',*,*,#303,.F.);
#614 = ORIENTED_EDGE('',*,*,#615,.T.);
#615 = EDGE_CURVE('',#276,#616,#618,.T.);
#616 = VERTEX_POINT('',#617);
#617 = CARTESIAN_POINT('',(-80.5,13.80000005,58.5));
#618 = SURFACE_CURVE('',#619,(#624,#631),.PCURVE_S1.);
#619 = CIRCLE('',#620,1.5);
#620 = AXIS2_PLACEMENT_3D('',#621,#622,#623);
#621 = CARTESIAN_POINT('',(-80.5,15.30000005,58.5));
#622 = DIRECTION('',(1.,0.,1.110223024625E-16));
#623 = DIRECTION('',(0.,-1.,0.));
#624 = PCURVE('',#319,#625);
#625 = DEFINITIONAL_REPRESENTATION('',(#626),#630);
#626 = CIRCLE('',#627,1.5);
#627 = AXIS2_PLACEMENT_2D('',#628,#629);
#628 = CARTESIAN_POINT('',(1.5,32.8));
#629 = DIRECTION('',(0.,-1.));
#630 = ( GEOMETRIC_REPRESENTATION_CONTEXT(2) 
PARAMETRIC_REPRESENTATION_CONTEXT() REPRESENTATION_CONTEXT('2D SPACE',''
  ) );
#631 = PCURVE('',#291,#632);
#632 = DEFINITIONAL_REPRESENTATION('',(#633),#637);
#633 = LINE('',#634,#635);
#634 = CARTESIAN_POINT('',(-4.712388980385,0.));
#635 = VECTOR('',#636,1.);
#636 = DIRECTION('',(1.,0.));
#637 = ( GEOMETRIC_REPRESENTATION_CONTEXT(2) 
PARAMETRIC_REPRESENTATION_CONTEXT() REPRESENTATION_CONTEXT('2D SPACE',''
  ) );
#638 = ORIENTED_EDGE('',*,*,#639,.F.);
#639 = EDGE_CURVE('',#640,#616,#642,.T.);
#640 = VERTEX_POINT('',#641);
#641 = CARTESIAN_POINT('',(-80.5,13.80000005,1.5));
#642 = SURFACE_CURVE('',#643,(#647,#654),.PCURVE_S1.);
#643 = LINE('',#644,#645);
#644 = CARTESIAN_POINT('',(-80.5,13.80000005,60.5));
#645 = VECTOR('',#646,1.);
#646 = DIRECTION('',(-1.110223024625E-16,0.,1.));
#647 = PCURVE('',#319,#648);
#648 = DEFINITIONAL_REPRESENTATION('',(#649),#653);
#649 = LINE('',#650,#651);
#650 = CARTESIAN_POINT('',(-0.5,31.3));
#651 = VECTOR('',#652,1.);
#652 = DIRECTION('',(-1.,0.));
#653 = ( GEOMETRIC_REPRESENTATION_CONTEXT(2) 
PARAMETRIC_REPRESENTATION_CONTEXT() REPRESENTATION_CONTEXT('2D SPACE',''
  ) );
#654 = PCURVE('',#655,#660);
#655 = PLANE('',#656);
#656 = AXIS2_PLACEMENT_3D('',#657,#658,#659);
#657 = CARTESIAN_POINT('',(-80.501,13.80000005,61.));
#658 = DIRECTION('',(0.,1.,0.));
#659 = DIRECTION('',(1.,0.,1.110223024625E-16));
#660 = DEFINITIONAL_REPRESENTATION('',(#661),#665);
#661 = LINE('',#662,#663);
#662 = CARTESIAN_POINT('',(1.000000000005E-03,0.5));
#663 = VECTOR('',#664,1.);
#664 = DIRECTION('',(0.,-1.));
#665 = ( GEOMETRIC_REPRESENTATION_CONTEXT(2) 
PARAMETRIC_REPRESENTATION_CONTEXT() REPRESENTATION_CONTEXT('2D SPACE',''
  ) );
#666 = ORIENTED_EDGE('',*,*,#667,.T.);
#667 = EDGE_CURVE('',#640,#668,#670,.T.);
#668 = VERTEX_POINT('',#669);
#669 = CARTESIAN_POINT('',(-80.5,15.30000005,0.));
#670 = SURFACE_CURVE('',#671,(#676,#683),.PCURVE_S1.);
#671 = CIRCLE('',#672,1.5);
#672 = AXIS2_PLACEMENT_3D('',#673,#674,#675);
#673 = CARTESIAN_POINT('',(-80.5,15.30000005,1.5));
#674 = DIRECTION('',(1.,0.,1.110223024625E-16));
#675 = DIRECTION('',(0.,-1.,0.));
#676 = PCURVE('',#319,#677);
#677 = DEFINITIONAL_REPRESENTATION('',(#678),#682);
#678 = CIRCLE('',#679,1.5);
#679 = AXIS2_PLACEMENT_2D('',#680,#681);
#680 = CARTESIAN_POINT('',(58.5,32.8));
#681 = DIRECTION('',(0.,-1.));
#682 = ( GEOMETRIC_REPRESENTATION_CONTEXT(2) 
PARAMETRIC_REPRESENTATION_CONTEXT() REPRESENTATION_CONTEXT('2D SPACE',''
  ) );
#683 = PCURVE('',#684,#689);
#684 = CYLINDRICAL_SURFACE('',#685,1.5);
#685 = AXIS2_PLACEMENT_3D('',#686,#687,#688);
#686 = CARTESIAN_POINT('',(-80.5,15.30000005,1.5));
#687 = DIRECTION('',(1.,0.,1.110223024625E-16));
#688 = DIRECTION('',(0.,-1.,0.));
#689 = DEFINITIONAL_REPRESENTATION('',(#690),#694);
#690 = LINE('',#691,#692);
#691 = CARTESIAN_POINT('',(0.,0.));
#692 = VECTOR('',#693,1.);
#693 = DIRECTION('',(1.,0.));
#694 = ( GEOMETRIC_REPRESENTATION_CONTEXT(2) 
PARAMETRIC_REPRESENTATION_CONTEXT() REPRESENTATION_CONTEXT('2D SPACE',''
  ) );
#695 = ORIENTED_EDGE('',*,*,#696,.T.);
#696 = EDGE_CURVE('',#668,#697,#699,.T.);
#697 = VERTEX_POINT('',#698);
#698 = CARTESIAN_POINT('',(-80.5,31.00000005,0.));
#699 = SURFACE_CURVE('',#700,(#704,#711),.PCURVE_S1.);
#700 = LINE('',#701,#702);
#701 = CARTESIAN_POINT('',(-80.5,-17.49999995,0.));
#702 = VECTOR('',#703,1.);
#703 = DIRECTION('',(0.,1.,0.));
#704 = PCURVE('',#319,#705);
#705 = DEFINITIONAL_REPRESENTATION('',(#706),#710);
#706 = LINE('',#707,#708);
#707 = CARTESIAN_POINT('',(60.,0.));
#708 = VECTOR('',#709,1.);
#709 = DIRECTION('',(0.,1.));
#710 = ( GEOMETRIC_REPRESENTATION_CONTEXT(2) 
PARAMETRIC_REPRESENTATION_CONTEXT() REPRESENTATION_CONTEXT('2D SPACE',''
  ) );
#711 = PCURVE('',#712,#717);
#712 = PLANE('',#713);
#713 = AXIS2_PLACEMENT_3D('',#714,#715,#716);
#714 = CARTESIAN_POINT('',(-80.5,-17.49999995,0.));
#715 = DIRECTION('',(1.110223024625E-16,0.,-1.));
#716 = DIRECTION('',(1.,0.,1.110223024625E-16));
#717 = DEFINITIONAL_REPRESENTATION('',(#718),#722);
#718 = LINE('',#719,#720);
#719 = CARTESIAN_POINT('',(0.,0.));
#720 = VECTOR('',#721,1.);
#721 = DIRECTION('',(0.,-1.));
#722 = ( GEOMETRIC_REPRESENTATION_CONTEXT(2) 
PARAMETRIC_REPRESENTATION_CONTEXT() REPRESENTATION_CONTEXT('2D SPACE',''
  ) );
#723 = ORIENTED_EDGE('',*,*,#724,.F.);
#724 = EDGE_CURVE('',#725,#697,#727,.T.);
#725 = VERTEX_POINT('',#726);
#726 = CARTESIAN_POINT('',(-80.5,32.50000005,1.5));
#727 = SURFACE_CURVE('',#728,(#733,#744),.PCURVE_S1.);
#728 = CIRCLE('',#729,1.5);
#729 = AXIS2_PLACEMENT_3D('',#730,#731,#732);
#730 = CARTESIAN_POINT('',(-80.5,31.00000005,1.5));
#731 = DIRECTION('',(-1.,-0.,-1.110223024625E-16));
#732 = DIRECTION('',(0.,-1.,0.));
#733 = PCURVE('',#319,#734);
#734 = DEFINITIONAL_REPRESENTATION('',(#735),#743);
#735 = ( BOUNDED_CURVE() B_SPLINE_CURVE(2,(#736,#737,#738,#739,#740,#741
,#742),.UNSPECIFIED.,.T.,.F.) B_SPLINE_CURVE_WITH_KNOTS((1,2,2,2,2,1),(
    -2.094395102393,0.,2.094395102393,4.188790204786,6.28318530718,
8.377580409573),.UNSPECIFIED.) CURVE() GEOMETRIC_REPRESENTATION_ITEM() 
RATIONAL_B_SPLINE_CURVE((1.,0.5,1.,0.5,1.,0.5,1.)) REPRESENTATION_ITEM(
  '') );
#736 = CARTESIAN_POINT('',(58.5,47.));
#737 = CARTESIAN_POINT('',(55.901923788647,47.));
#738 = CARTESIAN_POINT('',(57.200961894323,49.25));
#739 = CARTESIAN_POINT('',(58.5,51.5));
#740 = CARTESIAN_POINT('',(59.799038105677,49.25));
#741 = CARTESIAN_POINT('',(61.098076211353,47.));
#742 = CARTESIAN_POINT('',(58.5,47.));
#743 = ( GEOMETRIC_REPRESENTATION_CONTEXT(2) 
PARAMETRIC_REPRESENTATION_CONTEXT() REPRESENTATION_CONTEXT('2D SPACE',''
  ) );
#744 = PCURVE('',#745,#750);
#745 = CYLINDRICAL_SURFACE('',#746,1.5);
#746 = AXIS2_PLACEMENT_3D('',#747,#748,#749);
#747 = CARTESIAN_POINT('',(-80.5,31.00000005,1.5));
#748 = DIRECTION('',(1.,0.,1.110223024625E-16));
#749 = DIRECTION('',(0.,1.,0.));
#750 = DEFINITIONAL_REPRESENTATION('',(#751),#755);
#751 = LINE('',#752,#753);
#752 = CARTESIAN_POINT('',(3.14159265359,-0.));
#753 = VECTOR('',#754,1.);
#754 = DIRECTION('',(-1.,0.));
#755 = ( GEOMETRIC_REPRESENTATION_CONTEXT(2) 
PARAMETRIC_REPRESENTATION_CONTEXT() REPRESENTATION_CONTEXT('2D SPACE',''
  ) );
#756 = ORIENTED_EDGE('',*,*,#757,.F.);
#757 = EDGE_CURVE('',#562,#725,#758,.T.);
#758 = SURFACE_CURVE('',#759,(#763,#770),.PCURVE_S1.);
#759 = LINE('',#760,#761);
#760 = CARTESIAN_POINT('',(-80.5,32.50000005,60.));
#761 = VECTOR('',#762,1.);
#762 = DIRECTION('',(1.110223024625E-16,0.,-1.));
#763 = PCURVE('',#319,#764);
#764 = DEFINITIONAL_REPRESENTATION('',(#765),#769);
#765 = LINE('',#766,#767);
#766 = CARTESIAN_POINT('',(0.,50.));
#767 = VECTOR('',#768,1.);
#768 = DIRECTION('',(1.,0.));
#769 = ( GEOMETRIC_REPRESENTATION_CONTEXT(2) 
PARAMETRIC_REPRESENTATION_CONTEXT() REPRESENTATION_CONTEXT('2D SPACE',''
  ) );
#770 = PCURVE('',#519,#771);
#771 = DEFINITIONAL_REPRESENTATION('',(#772),#776);
#772 = LINE('',#773,#774);
#773 = CARTESIAN_POINT('',(0.,0.));
#774 = VECTOR('',#775,1.);
#775 = DIRECTION('',(0.,1.));
#776 = ( GEOMETRIC_REPRESENTATION_CONTEXT(2) 
PARAMETRIC_REPRESENTATION_CONTEXT() REPRESENTATION_CONTEXT('2D SPACE',''
  ) );
#777 = ORIENTED_EDGE('',*,*,#584,.F.);
#778 = FACE_BOUND('',#779,.F.);
#779 = EDGE_LOOP('',(#780));
#780 = ORIENTED_EDGE('',*,*,#781,.T.);
#781 = EDGE_CURVE('',#782,#782,#784,.T.);
#782 = VERTEX_POINT('',#783);
#783 = CARTESIAN_POINT('',(-80.5,22.50000005,27.85));
#784 = SURFACE_CURVE('',#785,(#790,#801),.PCURVE_S1.);
#785 = CIRCLE('',#786,2.15);
#786 = AXIS2_PLACEMENT_3D('',#787,#788,#789);
#787 = CARTESIAN_POINT('',(-80.5,22.50000005,30.));
#788 = DIRECTION('',(-1.,-0.,-1.110223024625E-16));
#789 = DIRECTION('',(1.110223024625E-16,0.,-1.));
#790 = PCURVE('',#319,#791);
#791 = DEFINITIONAL_REPRESENTATION('',(#792),#800);
#792 = ( BOUNDED_CURVE() B_SPLINE_CURVE(2,(#793,#794,#795,#796,#797,#798
,#799),.UNSPECIFIED.,.T.,.F.) B_SPLINE_CURVE_WITH_KNOTS((1,2,2,2,2,1),(
    -2.094395102393,0.,2.094395102393,4.188790204786,6.28318530718,
8.377580409573),.UNSPECIFIED.) CURVE() GEOMETRIC_REPRESENTATION_ITEM() 
RATIONAL_B_SPLINE_CURVE((1.,0.5,1.,0.5,1.,0.5,1.)) REPRESENTATION_ITEM(
  '') );
#793 = CARTESIAN_POINT('',(32.15,40.));
#794 = CARTESIAN_POINT('',(32.15,36.276090763727));
#795 = CARTESIAN_POINT('',(28.925,38.138045381863));
#796 = CARTESIAN_POINT('',(25.7,40.));
#797 = CARTESIAN_POINT('',(28.925,41.861954618137));
#798 = CARTESIAN_POINT('',(32.15,43.723909236273));
#799 = CARTESIAN_POINT('',(32.15,40.));
#800 = ( GEOMETRIC_REPRESENTATION_CONTEXT(2) 
PARAMETRIC_REPRESENTATION_CONTEXT() REPRESENTATION_CONTEXT('2D SPACE',''
  ) );
#801 = PCURVE('',#802,#807);
#802 = CYLINDRICAL_SURFACE('',#803,2.15);
#803 = AXIS2_PLACEMENT_3D('',#804,#805,#806);
#804 = CARTESIAN_POINT('',(-81.5,22.50000005,30.));
#805 = DIRECTION('',(-1.,-0.,-1.110223024625E-16));
#806 = DIRECTION('',(1.110223024625E-16,0.,-1.));
#807 = DEFINITIONAL_REPRESENTATION('',(#808),#812);
#808 = LINE('',#809,#810);
#809 = CARTESIAN_POINT('',(-6.28318530718,-1.));
#810 = VECTOR('',#811,1.);
#811 = DIRECTION('',(1.,-0.));
#812 = ( GEOMETRIC_REPRESENTATION_CONTEXT(2) 
PARAMETRIC_REPRESENTATION_CONTEXT() REPRESENTATION_CONTEXT('2D SPACE',''
  ) );
#813 = ADVANCED_FACE('',(#814),#291,.T.);
#814 = FACE_BOUND('',#815,.T.);
#815 = EDGE_LOOP('',(#816,#817,#840,#862));
#816 = ORIENTED_EDGE('',*,*,#615,.T.);
#817 = ORIENTED_EDGE('',*,*,#818,.T.);
#818 = EDGE_CURVE('',#616,#819,#821,.T.);
#819 = VERTEX_POINT('',#820);
#820 = CARTESIAN_POINT('',(-76.201,13.80000005,58.5));
#821 = SURFACE_CURVE('',#822,(#826,#833),.PCURVE_S1.);
#822 = LINE('',#823,#824);
#823 = CARTESIAN_POINT('',(-80.5,13.80000005,58.5));
#824 = VECTOR('',#825,1.);
#825 = DIRECTION('',(1.,0.,1.110223024625E-16));
#826 = PCURVE('',#291,#827);
#827 = DEFINITIONAL_REPRESENTATION('',(#828),#832);
#828 = LINE('',#829,#830);
#829 = CARTESIAN_POINT('',(1.570796326795,0.));
#830 = VECTOR('',#831,1.);
#831 = DIRECTION('',(0.,1.));
#832 = ( GEOMETRIC_REPRESENTATION_CONTEXT(2) 
PARAMETRIC_REPRESENTATION_CONTEXT() REPRESENTATION_CONTEXT('2D SPACE',''
  ) );
#833 = PCURVE('',#655,#834);
#834 = DEFINITIONAL_REPRESENTATION('',(#835),#839);
#835 = LINE('',#836,#837);
#836 = CARTESIAN_POINT('',(1.000000000004E-03,2.5));
#837 = VECTOR('',#838,1.);
#838 = DIRECTION('',(1.,0.));
#839 = ( GEOMETRIC_REPRESENTATION_CONTEXT(2) 
PARAMETRIC_REPRESENTATION_CONTEXT() REPRESENTATION_CONTEXT('2D SPACE',''
  ) );
#840 = ORIENTED_EDGE('',*,*,#841,.F.);
#841 = EDGE_CURVE('',#248,#819,#842,.T.);
#842 = SURFACE_CURVE('',#843,(#848,#855),.PCURVE_S1.);
#843 = CIRCLE('',#844,1.5);
#844 = AXIS2_PLACEMENT_3D('',#845,#846,#847);
#845 = CARTESIAN_POINT('',(-76.201,15.30000005,58.5));
#846 = DIRECTION('',(1.,0.,1.110223024625E-16));
#847 = DIRECTION('',(0.,-1.,0.));
#848 = PCURVE('',#291,#849);
#849 = DEFINITIONAL_REPRESENTATION('',(#850),#854);
#850 = LINE('',#851,#852);
#851 = CARTESIAN_POINT('',(-4.712388980385,4.299));
#852 = VECTOR('',#853,1.);
#853 = DIRECTION('',(1.,0.));
#854 = ( GEOMETRIC_REPRESENTATION_CONTEXT(2) 
PARAMETRIC_REPRESENTATION_CONTEXT() REPRESENTATION_CONTEXT('2D SPACE',''
  ) );
#855 = PCURVE('',#263,#856);
#856 = DEFINITIONAL_REPRESENTATION('',(#857),#861);
#857 = CIRCLE('',#858,1.5);
#858 = AXIS2_PLACEMENT_2D('',#859,#860);
#859 = CARTESIAN_POINT('',(2.5,14.1));
#860 = DIRECTION('',(0.,-1.));
#861 = ( GEOMETRIC_REPRESENTATION_CONTEXT(2) 
PARAMETRIC_REPRESENTATION_CONTEXT() REPRESENTATION_CONTEXT('2D SPACE',''
  ) );
#862 = ORIENTED_EDGE('',*,*,#275,.F.);
#863 = ADVANCED_FACE('',(#864),#263,.F.);
#864 = FACE_BOUND('',#865,.F.);
#865 = EDGE_LOOP('',(#866,#889,#890,#891,#919,#947,#980,#1003));
#866 = ORIENTED_EDGE('',*,*,#867,.F.);
#867 = EDGE_CURVE('',#819,#868,#870,.T.);
#868 = VERTEX_POINT('',#869);
#869 = CARTESIAN_POINT('',(-76.201,13.80000005,1.5));
#870 = SURFACE_CURVE('',#871,(#875,#882),.PCURVE_S1.);
#871 = LINE('',#872,#873);
#872 = CARTESIAN_POINT('',(-76.201,13.80000005,61.));
#873 = VECTOR('',#874,1.);
#874 = DIRECTION('',(1.110223024625E-16,0.,-1.));
#875 = PCURVE('',#263,#876);
#876 = DEFINITIONAL_REPRESENTATION('',(#877),#881);
#877 = LINE('',#878,#879);
#878 = CARTESIAN_POINT('',(0.,12.6));
#879 = VECTOR('',#880,1.);
#880 = DIRECTION('',(1.,0.));
#881 = ( GEOMETRIC_REPRESENTATION_CONTEXT(2) 
PARAMETRIC_REPRESENTATION_CONTEXT() REPRESENTATION_CONTEXT('2D SPACE',''
  ) );
#882 = PCURVE('',#655,#883);
#883 = DEFINITIONAL_REPRESENTATION('',(#884),#888);
#884 = LINE('',#885,#886);
#885 = CARTESIAN_POINT('',(4.3,4.773959005888E-16));
#886 = VECTOR('',#887,1.);
#887 = DIRECTION('',(0.,1.));
#888 = ( GEOMETRIC_REPRESENTATION_CONTEXT(2) 
PARAMETRIC_REPRESENTATION_CONTEXT() REPRESENTATION_CONTEXT('2D SPACE',''
  ) );
#889 = ORIENTED_EDGE('',*,*,#841,.F.);
#890 = ORIENTED_EDGE('',*,*,#247,.T.);
#891 = ORIENTED_EDGE('',*,*,#892,.T.);
#892 = EDGE_CURVE('',#220,#893,#895,.T.);
#893 = VERTEX_POINT('',#894);
#894 = CARTESIAN_POINT('',(-76.201,1.20000005,58.5));
#895 = SURFACE_CURVE('',#896,(#901,#912),.PCURVE_S1.);
#896 = CIRCLE('',#897,1.5);
#897 = AXIS2_PLACEMENT_3D('',#898,#899,#900);
#898 = CARTESIAN_POINT('',(-76.201,-0.29999995,58.5));
#899 = DIRECTION('',(-1.,-0.,-1.110223024625E-16));
#900 = DIRECTION('',(0.,-1.,0.));
#901 = PCURVE('',#263,#902);
#902 = DEFINITIONAL_REPRESENTATION('',(#903),#911);
#903 = ( BOUNDED_CURVE() B_SPLINE_CURVE(2,(#904,#905,#906,#907,#908,#909
,#910),.UNSPECIFIED.,.T.,.F.) B_SPLINE_CURVE_WITH_KNOTS((1,2,2,2,2,1),(
    -2.094395102393,0.,2.094395102393,4.188790204786,6.28318530718,
8.377580409573),.UNSPECIFIED.) CURVE() GEOMETRIC_REPRESENTATION_ITEM() 
RATIONAL_B_SPLINE_CURVE((1.,0.5,1.,0.5,1.,0.5,1.)) REPRESENTATION_ITEM(
  '') );
#904 = CARTESIAN_POINT('',(2.5,-3.));
#905 = CARTESIAN_POINT('',(-9.807621135332E-02,-3.));
#906 = CARTESIAN_POINT('',(1.200961894323,-0.75));
#907 = CARTESIAN_POINT('',(2.5,1.5));
#908 = CARTESIAN_POINT('',(3.799038105677,-0.75));
#909 = CARTESIAN_POINT('',(5.098076211353,-3.));
#910 = CARTESIAN_POINT('',(2.5,-3.));
#911 = ( GEOMETRIC_REPRESENTATION_CONTEXT(2) 
PARAMETRIC_REPRESENTATION_CONTEXT() REPRESENTATION_CONTEXT('2D SPACE',''
  ) );
#912 = PCURVE('',#235,#913);
#913 = DEFINITIONAL_REPRESENTATION('',(#914),#918);
#914 = LINE('',#915,#916);
#915 = CARTESIAN_POINT('',(1.570796326795,4.299));
#916 = VECTOR('',#917,1.);
#917 = DIRECTION('',(-1.,0.));
#918 = ( GEOMETRIC_REPRESENTATION_CONTEXT(2) 
PARAMETRIC_REPRESENTATION_CONTEXT() REPRESENTATION_CONTEXT('2D SPACE',''
  ) );
#919 = ORIENTED_EDGE('',*,*,#920,.T.);
#920 = EDGE_CURVE('',#893,#921,#923,.T.);
#921 = VERTEX_POINT('',#922);
#922 = CARTESIAN_POINT('',(-76.201,1.20000005,1.5));
#923 = SURFACE_CURVE('',#924,(#928,#935),.PCURVE_S1.);
#924 = LINE('',#925,#926);
#925 = CARTESIAN_POINT('',(-76.201,1.20000005,61.));
#926 = VECTOR('',#927,1.);
#927 = DIRECTION('',(1.110223024625E-16,0.,-1.));
#928 = PCURVE('',#263,#929);
#929 = DEFINITIONAL_REPRESENTATION('',(#930),#934);
#930 = LINE('',#931,#932);
#931 = CARTESIAN_POINT('',(0.,0.));
#932 = VECTOR('',#933,1.);
#933 = DIRECTION('',(1.,0.));
#934 = ( GEOMETRIC_REPRESENTATION_CONTEXT(2) 
PARAMETRIC_REPRESENTATION_CONTEXT() REPRESENTATION_CONTEXT('2D SPACE',''
  ) );
#935 = PCURVE('',#936,#941);
#936 = PLANE('',#937);
#937 = AXIS2_PLACEMENT_3D('',#938,#939,#940);
#938 = CARTESIAN_POINT('',(-80.501,1.20000005,61.));
#939 = DIRECTION('',(0.,1.,0.));
#940 = DIRECTION('',(1.,0.,1.110223024625E-16));
#941 = DEFINITIONAL_REPRESENTATION('',(#942),#946);
#942 = LINE('',#943,#944);
#943 = CARTESIAN_POINT('',(4.3,4.773959005888E-16));
#944 = VECTOR('',#945,1.);
#945 = DIRECTION('',(0.,1.));
#946 = ( GEOMETRIC_REPRESENTATION_CONTEXT(2) 
PARAMETRIC_REPRESENTATION_CONTEXT() REPRESENTATION_CONTEXT('2D SPACE',''
  ) );
#947 = ORIENTED_EDGE('',*,*,#948,.T.);
#948 = EDGE_CURVE('',#921,#949,#951,.T.);
#949 = VERTEX_POINT('',#950);
#950 = CARTESIAN_POINT('',(-76.201,-0.29999995,0.));
#951 = SURFACE_CURVE('',#952,(#957,#968),.PCURVE_S1.);
#952 = CIRCLE('',#953,1.5);
#953 = AXIS2_PLACEMENT_3D('',#954,#955,#956);
#954 = CARTESIAN_POINT('',(-76.201,-0.29999995,1.5));
#955 = DIRECTION('',(-1.,-0.,-1.110223024625E-16));
#956 = DIRECTION('',(0.,-1.,0.));
#957 = PCURVE('',#263,#958);
#958 = DEFINITIONAL_REPRESENTATION('',(#959),#967);
#959 = ( BOUNDED_CURVE() B_SPLINE_CURVE(2,(#960,#961,#962,#963,#964,#965
,#966),.UNSPECIFIED.,.T.,.F.) B_SPLINE_CURVE_WITH_KNOTS((1,2,2,2,2,1),(
    -2.094395102393,0.,2.094395102393,4.188790204786,6.28318530718,
8.377580409573),.UNSPECIFIED.) CURVE() GEOMETRIC_REPRESENTATION_ITEM() 
RATIONAL_B_SPLINE_CURVE((1.,0.5,1.,0.5,1.,0.5,1.)) REPRESENTATION_ITEM(
  '') );
#960 = CARTESIAN_POINT('',(59.5,-3.));
#961 = CARTESIAN_POINT('',(56.901923788647,-3.));
#962 = CARTESIAN_POINT('',(58.200961894323,-0.75));
#963 = CARTESIAN_POINT('',(59.5,1.5));
#964 = CARTESIAN_POINT('',(60.799038105677,-0.75));
#965 = CARTESIAN_POINT('',(62.098076211353,-3.));
#966 = CARTESIAN_POINT('',(59.5,-3.));
#967 = ( GEOMETRIC_REPRESENTATION_CONTEXT(2) 
PARAMETRIC_REPRESENTATION_CONTEXT() REPRESENTATION_CONTEXT('2D SPACE',''
  ) );
#968 = PCURVE('',#969,#974);
#969 = CYLINDRICAL_SURFACE('',#970,1.5);
#970 = AXIS2_PLACEMENT_3D('',#971,#972,#973);
#971 = CARTESIAN_POINT('',(-80.5,-0.29999995,1.5));
#972 = DIRECTION('',(1.,0.,1.110223024625E-16));
#973 = DIRECTION('',(0.,1.,0.));
#974 = DEFINITIONAL_REPRESENTATION('',(#975),#979);
#975 = LINE('',#976,#977);
#976 = CARTESIAN_POINT('',(3.14159265359,4.299));
#977 = VECTOR('',#978,1.);
#978 = DIRECTION('',(-1.,0.));
#979 = ( GEOMETRIC_REPRESENTATION_CONTEXT(2) 
PARAMETRIC_REPRESENTATION_CONTEXT() REPRESENTATION_CONTEXT('2D SPACE',''
  ) );
#980 = ORIENTED_EDGE('',*,*,#981,.F.);
#981 = EDGE_CURVE('',#982,#949,#984,.T.);
#982 = VERTEX_POINT('',#983);
#983 = CARTESIAN_POINT('',(-76.201,15.30000005,0.));
#984 = SURFACE_CURVE('',#985,(#989,#996),.PCURVE_S1.);
#985 = LINE('',#986,#987);
#986 = CARTESIAN_POINT('',(-76.201,15.30000005,0.));
#987 = VECTOR('',#988,1.);
#988 = DIRECTION('',(0.,-1.,0.));
#989 = PCURVE('',#263,#990);
#990 = DEFINITIONAL_REPRESENTATION('',(#991),#995);
#991 = LINE('',#992,#993);
#992 = CARTESIAN_POINT('',(61.,14.1));
#993 = VECTOR('',#994,1.);
#994 = DIRECTION('',(0.,-1.));
#995 = ( GEOMETRIC_REPRESENTATION_CONTEXT(2) 
PARAMETRIC_REPRESENTATION_CONTEXT() REPRESENTATION_CONTEXT('2D SPACE',''
  ) );
#996 = PCURVE('',#712,#997);
#997 = DEFINITIONAL_REPRESENTATION('',(#998),#1002);
#998 = LINE('',#999,#1000);
#999 = CARTESIAN_POINT('',(4.299,-32.8));
#1000 = VECTOR('',#1001,1.);
#1001 = DIRECTION('',(0.,1.));
#1002 = ( GEOMETRIC_REPRESENTATION_CONTEXT(2) 
PARAMETRIC_REPRESENTATION_CONTEXT() REPRESENTATION_CONTEXT('2D SPACE',''
  ) );
#1003 = ORIENTED_EDGE('',*,*,#1004,.F.);
#1004 = EDGE_CURVE('',#868,#982,#1005,.T.);
#1005 = SURFACE_CURVE('',#1006,(#1011,#1018),.PCURVE_S1.);
#1006 = CIRCLE('',#1007,1.5);
#1007 = AXIS2_PLACEMENT_3D('',#1008,#1009,#1010);
#1008 = CARTESIAN_POINT('',(-76.201,15.30000005,1.5));
#1009 = DIRECTION('',(1.,0.,1.110223024625E-16));
#1010 = DIRECTION('',(0.,-1.,0.));
#1011 = PCURVE('',#263,#1012);
#1012 = DEFINITIONAL_REPRESENTATION('',(#1013),#1017);
#1013 = CIRCLE('',#1014,1.5);
#1014 = AXIS2_PLACEMENT_2D('',#1015,#1016);
#1015 = CARTESIAN_POINT('',(59.5,14.1));
#1016 = DIRECTION('',(0.,-1.));
#1017 = ( GEOMETRIC_REPRESENTATION_CONTEXT(2) 
PARAMETRIC_REPRESENTATION_CONTEXT() REPRESENTATION_CONTEXT('2D SPACE',''
  ) );
#1018 = PCURVE('',#684,#1019);
#1019 = DEFINITIONAL_REPRESENTATION('',(#1020),#1024);
#1020 = LINE('',#1021,#1022);
#1021 = CARTESIAN_POINT('',(0.,4.299));
#1022 = VECTOR('',#1023,1.);
#1023 = DIRECTION('',(1.,0.));
#1024 = ( GEOMETRIC_REPRESENTATION_CONTEXT(2) 
PARAMETRIC_REPRESENTATION_CONTEXT() REPRESENTATION_CONTEXT('2D SPACE',''
  ) );
#1025 = ADVANCED_FACE('',(#1026),#235,.T.);
#1026 = FACE_BOUND('',#1027,.F.);
#1027 = EDGE_LOOP('',(#1028,#1056,#1077,#1078));
#1028 = ORIENTED_EDGE('',*,*,#1029,.T.);
#1029 = EDGE_CURVE('',#192,#1030,#1032,.T.);
#1030 = VERTEX_POINT('',#1031);
#1031 = CARTESIAN_POINT('',(-80.5,1.20000005,58.5));
#1032 = SURFACE_CURVE('',#1033,(#1038,#1045),.PCURVE_S1.);
#1033 = CIRCLE('',#1034,1.5);
#1034 = AXIS2_PLACEMENT_3D('',#1035,#1036,#1037);
#1035 = CARTESIAN_POINT('',(-80.5,-0.29999995,58.5));
#1036 = DIRECTION('',(-1.,-0.,-1.110223024625E-16));
#1037 = DIRECTION('',(0.,-1.,0.));
#1038 = PCURVE('',#235,#1039);
#1039 = DEFINITIONAL_REPRESENTATION('',(#1040),#1044);
#1040 = LINE('',#1041,#1042);
#1041 = CARTESIAN_POINT('',(1.570796326795,-0.));
#1042 = VECTOR('',#1043,1.);
#1043 = DIRECTION('',(-1.,0.));
#1044 = ( GEOMETRIC_REPRESENTATION_CONTEXT(2) 
PARAMETRIC_REPRESENTATION_CONTEXT() REPRESENTATION_CONTEXT('2D SPACE',''
  ) );
#1045 = PCURVE('',#207,#1046);
#1046 = DEFINITIONAL_REPRESENTATION('',(#1047),#1055);
#1047 = ( BOUNDED_CURVE() B_SPLINE_CURVE(2,(#1048,#1049,#1050,#1051,
#1052,#1053,#1054),.UNSPECIFIED.,.T.,.F.) B_SPLINE_CURVE_WITH_KNOTS((1,2
    ,2,2,2,1),(-2.094395102393,0.,2.094395102393,4.188790204786,
6.28318530718,8.377580409573),.UNSPECIFIED.) CURVE() 
GEOMETRIC_REPRESENTATION_ITEM() RATIONAL_B_SPLINE_CURVE((1.,0.5,1.,0.5,
1.,0.5,1.)) REPRESENTATION_ITEM('') );
#1048 = CARTESIAN_POINT('',(1.5,15.7));
#1049 = CARTESIAN_POINT('',(-1.098076211353,15.7));
#1050 = CARTESIAN_POINT('',(0.200961894323,17.95));
#1051 = CARTESIAN_POINT('',(1.5,20.2));
#1052 = CARTESIAN_POINT('',(2.799038105677,17.95));
#1053 = CARTESIAN_POINT('',(4.098076211353,15.7));
#1054 = CARTESIAN_POINT('',(1.5,15.7));
#1055 = ( GEOMETRIC_REPRESENTATION_CONTEXT(2) 
PARAMETRIC_REPRESENTATION_CONTEXT() REPRESENTATION_CONTEXT('2D SPACE',''
  ) );
#1056 = ORIENTED_EDGE('',*,*,#1057,.T.);
#1057 = EDGE_CURVE('',#1030,#893,#1058,.T.);
#1058 = SURFACE_CURVE('',#1059,(#1063,#1070),.PCURVE_S1.);
#1059 = LINE('',#1060,#1061);
#1060 = CARTESIAN_POINT('',(-80.5,1.20000005,58.5));
#1061 = VECTOR('',#1062,1.);
#1062 = DIRECTION('',(1.,0.,1.110223024625E-16));
#1063 = PCURVE('',#235,#1064);
#1064 = DEFINITIONAL_REPRESENTATION('',(#1065),#1069);
#1065 = LINE('',#1066,#1067);
#1066 = CARTESIAN_POINT('',(-1.570796326795,0.));
#1067 = VECTOR('',#1068,1.);
#1068 = DIRECTION('',(-0.,1.));
#1069 = ( GEOMETRIC_REPRESENTATION_CONTEXT(2) 
PARAMETRIC_REPRESENTATION_CONTEXT() REPRESENTATION_CONTEXT('2D SPACE',''
  ) );
#1070 = PCURVE('',#936,#1071);
#1071 = DEFINITIONAL_REPRESENTATION('',(#1072),#1076);
#1072 = LINE('',#1073,#1074);
#1073 = CARTESIAN_POINT('',(1.000000000004E-03,2.5));
#1074 = VECTOR('',#1075,1.);
#1075 = DIRECTION('',(1.,0.));
#1076 = ( GEOMETRIC_REPRESENTATION_CONTEXT(2) 
PARAMETRIC_REPRESENTATION_CONTEXT() REPRESENTATION_CONTEXT('2D SPACE',''
  ) );
#1077 = ORIENTED_EDGE('',*,*,#892,.F.);
#1078 = ORIENTED_EDGE('',*,*,#219,.F.);
#1079 = ADVANCED_FACE('',(#1080,#1237),#207,.F.);
#1080 = FACE_BOUND('',#1081,.F.);
#1081 = EDGE_LOOP('',(#1082,#1083,#1107,#1135,#1164,#1187,#1215,#1236));
#1082 = ORIENTED_EDGE('',*,*,#191,.F.);
#1083 = ORIENTED_EDGE('',*,*,#1084,.T.);
#1084 = EDGE_CURVE('',#164,#1085,#1087,.T.);
#1085 = VERTEX_POINT('',#1086);
#1086 = CARTESIAN_POINT('',(-80.5,-17.49999995,58.5));
#1087 = SURFACE_CURVE('',#1088,(#1093,#1100),.PCURVE_S1.);
#1088 = CIRCLE('',#1089,1.5);
#1089 = AXIS2_PLACEMENT_3D('',#1090,#1091,#1092);
#1090 = CARTESIAN_POINT('',(-80.5,-15.99999995,58.5));
#1091 = DIRECTION('',(1.,0.,1.110223024625E-16));
#1092 = DIRECTION('',(0.,-1.,0.));
#1093 = PCURVE('',#207,#1094);
#1094 = DEFINITIONAL_REPRESENTATION('',(#1095),#1099);
#1095 = CIRCLE('',#1096,1.5);
#1096 = AXIS2_PLACEMENT_2D('',#1097,#1098);
#1097 = CARTESIAN_POINT('',(1.5,1.5));
#1098 = DIRECTION('',(0.,-1.));
#1099 = ( GEOMETRIC_REPRESENTATION_CONTEXT(2) 
PARAMETRIC_REPRESENTATION_CONTEXT() REPRESENTATION_CONTEXT('2D SPACE',''
  ) );
#1100 = PCURVE('',#179,#1101);
#1101 = DEFINITIONAL_REPRESENTATION('',(#1102),#1106);
#1102 = LINE('',#1103,#1104);
#1103 = CARTESIAN_POINT('',(-4.712388980385,0.));
#1104 = VECTOR('',#1105,1.);
#1105 = DIRECTION('',(1.,0.));
#1106 = ( GEOMETRIC_REPRESENTATION_CONTEXT(2) 
PARAMETRIC_REPRESENTATION_CONTEXT() REPRESENTATION_CONTEXT('2D SPACE',''
  ) );
#1107 = ORIENTED_EDGE('',*,*,#1108,.T.);
#1108 = EDGE_CURVE('',#1085,#1109,#1111,.T.);
#1109 = VERTEX_POINT('',#1110);
#1110 = CARTESIAN_POINT('',(-80.5,-17.49999995,1.5));
#1111 = SURFACE_CURVE('',#1112,(#1116,#1123),.PCURVE_S1.);
#1112 = LINE('',#1113,#1114);
#1113 = CARTESIAN_POINT('',(-80.5,-17.49999995,60.));
#1114 = VECTOR('',#1115,1.);
#1115 = DIRECTION('',(1.110223024625E-16,0.,-1.));
#1116 = PCURVE('',#207,#1117);
#1117 = DEFINITIONAL_REPRESENTATION('',(#1118),#1122);
#1118 = LINE('',#1119,#1120);
#1119 = CARTESIAN_POINT('',(0.,0.));
#1120 = VECTOR('',#1121,1.);
#1121 = DIRECTION('',(1.,0.));
#1122 = ( GEOMETRIC_REPRESENTATION_CONTEXT(2) 
PARAMETRIC_REPRESENTATION_CONTEXT() REPRESENTATION_CONTEXT('2D SPACE',''
  ) );
#1123 = PCURVE('',#1124,#1129);
#1124 = PLANE('',#1125);
#1125 = AXIS2_PLACEMENT_3D('',#1126,#1127,#1128);
#1126 = CARTESIAN_POINT('',(-80.5,-17.49999995,60.));
#1127 = DIRECTION('',(0.,1.,0.));
#1128 = DIRECTION('',(1.,0.,1.110223024625E-16));
#1129 = DEFINITIONAL_REPRESENTATION('',(#1130),#1134);
#1130 = LINE('',#1131,#1132);
#1131 = CARTESIAN_POINT('',(0.,0.));
#1132 = VECTOR('',#1133,1.);
#1133 = DIRECTION('',(0.,1.));
#1134 = ( GEOMETRIC_REPRESENTATION_CONTEXT(2) 
PARAMETRIC_REPRESENTATION_CONTEXT() REPRESENTATION_CONTEXT('2D SPACE',''
  ) );
#1135 = ORIENTED_EDGE('',*,*,#1136,.T.);
#1136 = EDGE_CURVE('',#1109,#1137,#1139,.T.);
#1137 = VERTEX_POINT('',#1138);
#1138 = CARTESIAN_POINT('',(-80.5,-15.99999995,0.));
#1139 = SURFACE_CURVE('',#1140,(#1145,#1152),.PCURVE_S1.);
#1140 = CIRCLE('',#1141,1.5);
#1141 = AXIS2_PLACEMENT_3D('',#1142,#1143,#1144);
#1142 = CARTESIAN_POINT('',(-80.5,-15.99999995,1.5));
#1143 = DIRECTION('',(1.,0.,1.110223024625E-16));
#1144 = DIRECTION('',(0.,-1.,0.));
#1145 = PCURVE('',#207,#1146);
#1146 = DEFINITIONAL_REPRESENTATION('',(#1147),#1151);
#1147 = CIRCLE('',#1148,1.5);
#1148 = AXIS2_PLACEMENT_2D('',#1149,#1150);
#1149 = CARTESIAN_POINT('',(58.5,1.5));
#1150 = DIRECTION('',(0.,-1.));
#1151 = ( GEOMETRIC_REPRESENTATION_CONTEXT(2) 
PARAMETRIC_REPRESENTATION_CONTEXT() REPRESENTATION_CONTEXT('2D SPACE',''
  ) );
#1152 = PCURVE('',#1153,#1158);
#1153 = CYLINDRICAL_SURFACE('',#1154,1.5);
#1154 = AXIS2_PLACEMENT_3D('',#1155,#1156,#1157);
#1155 = CARTESIAN_POINT('',(-80.5,-15.99999995,1.5));
#1156 = DIRECTION('',(1.,0.,1.110223024625E-16));
#1157 = DIRECTION('',(0.,-1.,0.));
#1158 = DEFINITIONAL_REPRESENTATION('',(#1159),#1163);
#1159 = LINE('',#1160,#1161);
#1160 = CARTESIAN_POINT('',(0.,0.));
#1161 = VECTOR('',#1162,1.);
#1162 = DIRECTION('',(1.,0.));
#1163 = ( GEOMETRIC_REPRESENTATION_CONTEXT(2) 
PARAMETRIC_REPRESENTATION_CONTEXT() REPRESENTATION_CONTEXT('2D SPACE',''
  ) );
#1164 = ORIENTED_EDGE('',*,*,#1165,.T.);
#1165 = EDGE_CURVE('',#1137,#1166,#1168,.T.);
#1166 = VERTEX_POINT('',#1167);
#1167 = CARTESIAN_POINT('',(-80.5,-0.29999995,0.));
#1168 = SURFACE_CURVE('',#1169,(#1173,#1180),.PCURVE_S1.);
#1169 = LINE('',#1170,#1171);
#1170 = CARTESIAN_POINT('',(-80.5,-17.49999995,0.));
#1171 = VECTOR('',#1172,1.);
#1172 = DIRECTION('',(0.,1.,0.));
#1173 = PCURVE('',#207,#1174);
#1174 = DEFINITIONAL_REPRESENTATION('',(#1175),#1179);
#1175 = LINE('',#1176,#1177);
#1176 = CARTESIAN_POINT('',(60.,0.));
#1177 = VECTOR('',#1178,1.);
#1178 = DIRECTION('',(0.,1.));
#1179 = ( GEOMETRIC_REPRESENTATION_CONTEXT(2) 
PARAMETRIC_REPRESENTATION_CONTEXT() REPRESENTATION_CONTEXT('2D SPACE',''
  ) );
#1180 = PCURVE('',#712,#1181);
#1181 = DEFINITIONAL_REPRESENTATION('',(#1182),#1186);
#1182 = LINE('',#1183,#1184);
#1183 = CARTESIAN_POINT('',(0.,0.));
#1184 = VECTOR('',#1185,1.);
#1185 = DIRECTION('',(0.,-1.));
#1186 = ( GEOMETRIC_REPRESENTATION_CONTEXT(2) 
PARAMETRIC_REPRESENTATION_CONTEXT() REPRESENTATION_CONTEXT('2D SPACE',''
  ) );
#1187 = ORIENTED_EDGE('',*,*,#1188,.F.);
#1188 = EDGE_CURVE('',#1189,#1166,#1191,.T.);
#1189 = VERTEX_POINT('',#1190);
#1190 = CARTESIAN_POINT('',(-80.5,1.20000005,1.5));
#1191 = SURFACE_CURVE('',#1192,(#1197,#1208),.PCURVE_S1.);
#1192 = CIRCLE('',#1193,1.5);
#1193 = AXIS2_PLACEMENT_3D('',#1194,#1195,#1196);
#1194 = CARTESIAN_POINT('',(-80.5,-0.29999995,1.5));
#1195 = DIRECTION('',(-1.,-0.,-1.110223024625E-16));
#1196 = DIRECTION('',(0.,-1.,0.));
#1197 = PCURVE('',#207,#1198);
#1198 = DEFINITIONAL_REPRESENTATION('',(#1199),#1207);
#1199 = ( BOUNDED_CURVE() B_SPLINE_CURVE(2,(#1200,#1201,#1202,#1203,
#1204,#1205,#1206),.UNSPECIFIED.,.T.,.F.) B_SPLINE_CURVE_WITH_KNOTS((1,2
    ,2,2,2,1),(-2.094395102393,0.,2.094395102393,4.188790204786,
6.28318530718,8.377580409573),.UNSPECIFIED.) CURVE() 
GEOMETRIC_REPRESENTATION_ITEM() RATIONAL_B_SPLINE_CURVE((1.,0.5,1.,0.5,
1.,0.5,1.)) REPRESENTATION_ITEM('') );
#1200 = CARTESIAN_POINT('',(58.5,15.7));
#1201 = CARTESIAN_POINT('',(55.901923788647,15.7));
#1202 = CARTESIAN_POINT('',(57.200961894323,17.95));
#1203 = CARTESIAN_POINT('',(58.5,20.2));
#1204 = CARTESIAN_POINT('',(59.799038105677,17.95));
#1205 = CARTESIAN_POINT('',(61.098076211353,15.7));
#1206 = CARTESIAN_POINT('',(58.5,15.7));
#1207 = ( GEOMETRIC_REPRESENTATION_CONTEXT(2) 
PARAMETRIC_REPRESENTATION_CONTEXT() REPRESENTATION_CONTEXT('2D SPACE',''
  ) );
#1208 = PCURVE('',#969,#1209);
#1209 = DEFINITIONAL_REPRESENTATION('',(#1210),#1214);
#1210 = LINE('',#1211,#1212);
#1211 = CARTESIAN_POINT('',(3.14159265359,-0.));
#1212 = VECTOR('',#1213,1.);
#1213 = DIRECTION('',(-1.,0.));
#1214 = ( GEOMETRIC_REPRESENTATION_CONTEXT(2) 
PARAMETRIC_REPRESENTATION_CONTEXT() REPRESENTATION_CONTEXT('2D SPACE',''
  ) );
#1215 = ORIENTED_EDGE('',*,*,#1216,.T.);
#1216 = EDGE_CURVE('',#1189,#1030,#1217,.T.);
#1217 = SURFACE_CURVE('',#1218,(#1222,#1229),.PCURVE_S1.);
#1218 = LINE('',#1219,#1220);
#1219 = CARTESIAN_POINT('',(-80.5,1.20000005,60.5));
#1220 = VECTOR('',#1221,1.);
#1221 = DIRECTION('',(-1.110223024625E-16,0.,1.));
#1222 = PCURVE('',#207,#1223);
#1223 = DEFINITIONAL_REPRESENTATION('',(#1224),#1228);
#1224 = LINE('',#1225,#1226);
#1225 = CARTESIAN_POINT('',(-0.5,18.7));
#1226 = VECTOR('',#1227,1.);
#1227 = DIRECTION('',(-1.,0.));
#1228 = ( GEOMETRIC_REPRESENTATION_CONTEXT(2) 
PARAMETRIC_REPRESENTATION_CONTEXT() REPRESENTATION_CONTEXT('2D SPACE',''
  ) );
#1229 = PCURVE('',#936,#1230);
#1230 = DEFINITIONAL_REPRESENTATION('',(#1231),#1235);
#1231 = LINE('',#1232,#1233);
#1232 = CARTESIAN_POINT('',(1.000000000005E-03,0.5));
#1233 = VECTOR('',#1234,1.);
#1234 = DIRECTION('',(0.,-1.));
#1235 = ( GEOMETRIC_REPRESENTATION_CONTEXT(2) 
PARAMETRIC_REPRESENTATION_CONTEXT() REPRESENTATION_CONTEXT('2D SPACE',''
  ) );
#1236 = ORIENTED_EDGE('',*,*,#1029,.F.);
#1237 = FACE_BOUND('',#1238,.F.);
#1238 = EDGE_LOOP('',(#1239));
#1239 = ORIENTED_EDGE('',*,*,#1240,.T.);
#1240 = EDGE_CURVE('',#1241,#1241,#1243,.T.);
#1241 = VERTEX_POINT('',#1242);
#1242 = CARTESIAN_POINT('',(-80.5,-7.49999995,27.85));
#1243 = SURFACE_CURVE('',#1244,(#1249,#1260),.PCURVE_S1.);
#1244 = CIRCLE('',#1245,2.15);
#1245 = AXIS2_PLACEMENT_3D('',#1246,#1247,#1248);
#1246 = CARTESIAN_POINT('',(-80.5,-7.49999995,30.));
#1247 = DIRECTION('',(-1.,-0.,-1.110223024625E-16));
#1248 = DIRECTION('',(1.110223024625E-16,0.,-1.));
#1249 = PCURVE('',#207,#1250);
#1250 = DEFINITIONAL_REPRESENTATION('',(#1251),#1259);
#1251 = ( BOUNDED_CURVE() B_SPLINE_CURVE(2,(#1252,#1253,#1254,#1255,
#1256,#1257,#1258),.UNSPECIFIED.,.T.,.F.) B_SPLINE_CURVE_WITH_KNOTS((1,2
    ,2,2,2,1),(-2.094395102393,0.,2.094395102393,4.188790204786,
6.28318530718,8.377580409573),.UNSPECIFIED.) CURVE() 
GEOMETRIC_REPRESENTATION_ITEM() RATIONAL_B_SPLINE_CURVE((1.,0.5,1.,0.5,
1.,0.5,1.)) REPRESENTATION_ITEM('') );
#1252 = CARTESIAN_POINT('',(32.15,10.));
#1253 = CARTESIAN_POINT('',(32.15,6.276090763727));
#1254 = CARTESIAN_POINT('',(28.925,8.138045381863));
#1255 = CARTESIAN_POINT('',(25.7,10.));
#1256 = CARTESIAN_POINT('',(28.925,11.861954618137));
#1257 = CARTESIAN_POINT('',(32.15,13.723909236273));
#1258 = CARTESIAN_POINT('',(32.15,10.));
#1259 = ( GEOMETRIC_REPRESENTATION_CONTEXT(2) 
PARAMETRIC_REPRESENTATION_CONTEXT() REPRESENTATION_CONTEXT('2D SPACE',''
  ) );
#1260 = PCURVE('',#1261,#1266);
#1261 = CYLINDRICAL_SURFACE('',#1262,2.15);
#1262 = AXIS2_PLACEMENT_3D('',#1263,#1264,#1265);
#1263 = CARTESIAN_POINT('',(-81.5,-7.49999995,30.));
#1264 = DIRECTION('',(-1.,-0.,-1.110223024625E-16));
#1265 = DIRECTION('',(1.110223024625E-16,0.,-1.));
#1266 = DEFINITIONAL_REPRESENTATION('',(#1267),#1271);
#1267 = LINE('',#1268,#1269);
#1268 = CARTESIAN_POINT('',(-6.28318530718,-1.));
#1269 = VECTOR('',#1270,1.);
#1270 = DIRECTION('',(1.,-0.));
#1271 = ( GEOMETRIC_REPRESENTATION_CONTEXT(2) 
PARAMETRIC_REPRESENTATION_CONTEXT() REPRESENTATION_CONTEXT('2D SPACE',''
  ) );
#1272 = ADVANCED_FACE('',(#1273),#179,.T.);
#1273 = FACE_BOUND('',#1274,.T.);
#1274 = EDGE_LOOP('',(#1275,#1276,#1277,#1300));
#1275 = ORIENTED_EDGE('',*,*,#163,.F.);
#1276 = ORIENTED_EDGE('',*,*,#1084,.T.);
#1277 = ORIENTED_EDGE('',*,*,#1278,.T.);
#1278 = EDGE_CURVE('',#1085,#1279,#1281,.T.);
#1279 = VERTEX_POINT('',#1280);
#1280 = CARTESIAN_POINT('',(41.569714450254,-17.49999995,58.5));
#1281 = SURFACE_CURVE('',#1282,(#1286,#1293),.PCURVE_S1.);
#1282 = LINE('',#1283,#1284);
#1283 = CARTESIAN_POINT('',(-80.5,-17.49999995,58.5));
#1284 = VECTOR('',#1285,1.);
#1285 = DIRECTION('',(1.,0.,1.110223024625E-16));
#1286 = PCURVE('',#179,#1287);
#1287 = DEFINITIONAL_REPRESENTATION('',(#1288),#1292);
#1288 = LINE('',#1289,#1290);
#1289 = CARTESIAN_POINT('',(1.570796326795,0.));
#1290 = VECTOR('',#1291,1.);
#1291 = DIRECTION('',(0.,1.));
#1292 = ( GEOMETRIC_REPRESENTATION_CONTEXT(2) 
PARAMETRIC_REPRESENTATION_CONTEXT() REPRESENTATION_CONTEXT('2D SPACE',''
  ) );
#1293 = PCURVE('',#1124,#1294);
#1294 = DEFINITIONAL_REPRESENTATION('',(#1295),#1299);
#1295 = LINE('',#1296,#1297);
#1296 = CARTESIAN_POINT('',(-1.665334536938E-16,1.5));
#1297 = VECTOR('',#1298,1.);
#1298 = DIRECTION('',(1.,0.));
#1299 = ( GEOMETRIC_REPRESENTATION_CONTEXT(2) 
PARAMETRIC_REPRESENTATION_CONTEXT() REPRESENTATION_CONTEXT('2D SPACE',''
  ) );
#1300 = ORIENTED_EDGE('',*,*,#1301,.F.);
#1301 = EDGE_CURVE('',#141,#1279,#1302,.T.);
#1302 = SURFACE_CURVE('',#1303,(#1321,#1342),.PCURVE_S1.);
#1303 = B_SPLINE_CURVE_WITH_KNOTS('',6,(#1304,#1305,#1306,#1307,#1308,
    #1309,#1310,#1311,#1312,#1313,#1314,#1315,#1316,#1317,#1318,#1319,
    #1320),.UNSPECIFIED.,.F.,.F.,(7,5,5,7),(0.,0.472699738441,
    0.714473846757,1.),.UNSPECIFIED.);
#1304 = CARTESIAN_POINT('',(42.5,-15.99999995,60.));
#1305 = CARTESIAN_POINT('',(42.5,-16.18119729392,60.));
#1306 = CARTESIAN_POINT('',(42.480300665149,-16.36147214319,
    59.973733202329));
#1307 = CARTESIAN_POINT('',(42.441277650362,-16.53671209398,
    59.921707079859));
#1308 = CARTESIAN_POINT('',(42.384705422593,-16.70292935191,
    59.844919591278));
#1309 = CARTESIAN_POINT('',(42.313728671158,-16.85594731809,
    59.745084744383));
#1310 = CARTESIAN_POINT('',(42.190410192112,-17.06153880012,
    59.563831471387));
#1311 = CARTESIAN_POINT('',(42.145794178305,-17.12684646971,
    59.497080875371));
#1312 = CARTESIAN_POINT('',(42.098697622775,-17.18746392255,
    59.425148432835));
#1313 = CARTESIAN_POINT('',(42.049543683229,-17.24293899731,
    59.348287947506));
#1314 = CARTESIAN_POINT('',(41.998764278856,-17.29279137298,
    59.266787868699));
#1315 = CARTESIAN_POINT('',(41.885412192902,-17.3881394835,
    59.079656665306));
#1316 = CARTESIAN_POINT('',(41.822227969248,-17.43133199172,
    58.97209604087));
#1317 = CARTESIAN_POINT('',(41.758167174013,-17.46497573578,
    58.859193205708));
#1318 = CARTESIAN_POINT('',(41.694173344858,-17.48812448499,
    58.742026036293));
#1319 = CARTESIAN_POINT('',(41.631108995319,-17.49999995,58.621837959695
    ));
#1320 = CARTESIAN_POINT('',(41.569714450254,-17.49999995,58.5));
#1321 = PCURVE('',#179,#1322);
#1322 = DEFINITIONAL_REPRESENTATION('',(#1323),#1341);
#1323 = B_SPLINE_CURVE_WITH_KNOTS('',6,(#1324,#1325,#1326,#1327,#1328,
    #1329,#1330,#1331,#1332,#1333,#1334,#1335,#1336,#1337,#1338,#1339,
    #1340),.UNSPECIFIED.,.F.,.F.,(7,5,5,7),(0.,0.472699738441,
    0.714473846757,1.),.UNSPECIFIED.);
#1324 = CARTESIAN_POINT('',(0.,123.));
#1325 = CARTESIAN_POINT('',(0.120798229281,123.));
#1326 = CARTESIAN_POINT('',(0.240980710519,122.98030066514));
#1327 = CARTESIAN_POINT('',(0.360983770587,122.94127765036));
#1328 = CARTESIAN_POINT('',(0.481143092988,122.88470542259));
#1329 = CARTESIAN_POINT('',(0.601677164347,122.81372867115));
#1330 = CARTESIAN_POINT('',(0.78439808872,122.69041019211));
#1331 = CARTESIAN_POINT('',(0.846485350049,122.6457941783));
#1332 = CARTESIAN_POINT('',(0.908937368633,122.59869762277));
#1333 = CARTESIAN_POINT('',(0.97185897398,122.54954368322));
#1334 = CARTESIAN_POINT('',(1.035358782424,122.49876427885));
#1335 = CARTESIAN_POINT('',(1.175373622055,122.3854121929));
#1336 = CARTESIAN_POINT('',(1.252337770704,122.32222796924));
#1337 = CARTESIAN_POINT('',(1.330369579026,122.25816717401));
#1338 = CARTESIAN_POINT('',(1.409445645024,122.19417334485));
#1339 = CARTESIAN_POINT('',(1.489571020332,122.13110899531));
#1340 = CARTESIAN_POINT('',(1.570796326795,122.06971445025));
#1341 = ( GEOMETRIC_REPRESENTATION_CONTEXT(2) 
PARAMETRIC_REPRESENTATION_CONTEXT() REPRESENTATION_CONTEXT('2D SPACE',''
  ) );
#1342 = PCURVE('',#100,#1343);
#1343 = DEFINITIONAL_REPRESENTATION('',(#1344),#1362);
#1344 = B_SPLINE_CURVE_WITH_KNOTS('',6,(#1345,#1346,#1347,#1348,#1349,
    #1350,#1351,#1352,#1353,#1354,#1355,#1356,#1357,#1358,#1359,#1360,
    #1361),.UNSPECIFIED.,.F.,.F.,(7,5,5,7),(0.,0.472699738441,
    0.714473846757,1.),.UNSPECIFIED.);
#1345 = CARTESIAN_POINT('',(-4.068887871591,-23.5));
#1346 = CARTESIAN_POINT('',(-4.068887871591,-23.68119734392));
#1347 = CARTESIAN_POINT('',(-4.072171122023,-23.86147219319));
#1348 = CARTESIAN_POINT('',(-4.078674840773,-24.03671214398));
#1349 = CARTESIAN_POINT('',(-4.088211565077,-24.20292940191));
#1350 = CARTESIAN_POINT('',(-4.100458279277,-24.35594736809));
#1351 = CARTESIAN_POINT('',(-4.122380915123,-24.56153885012));
#1352 = CARTESIAN_POINT('',(-4.130409490602,-24.62684651971));
#1353 = CARTESIAN_POINT('',(-4.139006744807,-24.68746397255));
#1354 = CARTESIAN_POINT('',(-4.148129274471,-24.74293904731));
#1355 = CARTESIAN_POINT('',(-4.157731014514,-24.79279142298));
#1356 = CARTESIAN_POINT('',(-4.179609493134,-24.8881395335));
#1357 = CARTESIAN_POINT('',(-4.192082945741,-24.93133204172));
#1358 = CARTESIAN_POINT('',(-4.205061726375,-24.96497578578));
#1359 = CARTESIAN_POINT('',(-4.21840937305,-24.98812453499));
#1360 = CARTESIAN_POINT('',(-4.231980409101,-25.));
#1361 = CARTESIAN_POINT('',(-4.245623641337,-25.));
#1362 = ( GEOMETRIC_REPRESENTATION_CONTEXT(2) 
PARAMETRIC_REPRESENTATION_CONTEXT() REPRESENTATION_CONTEXT('2D SPACE',''
  ) );
#1363 = ADVANCED_FACE('',(#1364),#100,.T.);
#1364 = FACE_BOUND('',#1365,.F.);
#1365 = EDGE_LOOP('',(#1366,#1397,#1420,#1447,#1448,#1472,#1495,#1556,
    #1578,#1579,#1580,#1602,#1603,#1668,#1692,#1748));
#1366 = ORIENTED_EDGE('',*,*,#1367,.F.);
#1367 = EDGE_CURVE('',#1368,#1370,#1372,.T.);
#1368 = VERTEX_POINT('',#1369);
#1369 = CARTESIAN_POINT('',(50.5,7.50000005,44.));
#1370 = VERTEX_POINT('',#1371);
#1371 = CARTESIAN_POINT('',(58.5,7.50000005,48.));
#1372 = SURFACE_CURVE('',#1373,(#1378,#1385),.PCURVE_S1.);
#1373 = CIRCLE('',#1374,10.);
#1374 = AXIS2_PLACEMENT_3D('',#1375,#1376,#1377);
#1375 = CARTESIAN_POINT('',(50.5,7.50000005,54.));
#1376 = DIRECTION('',(0.,-1.,0.));
#1377 = DIRECTION('',(1.110223024625E-16,0.,-1.));
#1378 = PCURVE('',#100,#1379);
#1379 = DEFINITIONAL_REPRESENTATION('',(#1380),#1384);
#1380 = LINE('',#1381,#1382);
#1381 = CARTESIAN_POINT('',(-0.,0.));
#1382 = VECTOR('',#1383,1.);
#1383 = DIRECTION('',(-1.,0.));
#1384 = ( GEOMETRIC_REPRESENTATION_CONTEXT(2) 
PARAMETRIC_REPRESENTATION_CONTEXT() REPRESENTATION_CONTEXT('2D SPACE',''
  ) );
#1385 = PCURVE('',#1386,#1391);
#1386 = PLANE('',#1387);
#1387 = AXIS2_PLACEMENT_3D('',#1388,#1389,#1390);
#1388 = CARTESIAN_POINT('',(50.5,7.50000005,54.));
#1389 = DIRECTION('',(-0.,-1.,0.));
#1390 = DIRECTION('',(-1.,0.,-1.110223024625E-16));
#1391 = DEFINITIONAL_REPRESENTATION('',(#1392),#1396);
#1392 = CIRCLE('',#1393,10.);
#1393 = AXIS2_PLACEMENT_2D('',#1394,#1395);
#1394 = CARTESIAN_POINT('',(0.,0.));
#1395 = DIRECTION('',(0.,1.));
#1396 = ( GEOMETRIC_REPRESENTATION_CONTEXT(2) 
PARAMETRIC_REPRESENTATION_CONTEXT() REPRESENTATION_CONTEXT('2D SPACE',''
  ) );
#1397 = ORIENTED_EDGE('',*,*,#1398,.T.);
#1398 = EDGE_CURVE('',#1368,#1399,#1401,.T.);
#1399 = VERTEX_POINT('',#1400);
#1400 = CARTESIAN_POINT('',(50.5,-32.49999995,44.));
#1401 = SEAM_CURVE('',#1402,(#1406,#1413),.PCURVE_S1.);
#1402 = LINE('',#1403,#1404);
#1403 = CARTESIAN_POINT('',(50.5,7.50000005,44.));
#1404 = VECTOR('',#1405,1.);
#1405 = DIRECTION('',(0.,-1.,0.));
#1406 = PCURVE('',#100,#1407);
#1407 = DEFINITIONAL_REPRESENTATION('',(#1408),#1412);
#1408 = LINE('',#1409,#1410);
#1409 = CARTESIAN_POINT('',(-6.28318530718,0.));
#1410 = VECTOR('',#1411,1.);
#1411 = DIRECTION('',(-0.,-1.));
#1412 = ( GEOMETRIC_REPRESENTATION_CONTEXT(2) 
PARAMETRIC_REPRESENTATION_CONTEXT() REPRESENTATION_CONTEXT('2D SPACE',''
  ) );
#1413 = PCURVE('',#100,#1414);
#1414 = DEFINITIONAL_REPRESENTATION('',(#1415),#1419);
#1415 = LINE('',#1416,#1417);
#1416 = CARTESIAN_POINT('',(-0.,0.));
#1417 = VECTOR('',#1418,1.);
#1418 = DIRECTION('',(-0.,-1.));
#1419 = ( GEOMETRIC_REPRESENTATION_CONTEXT(2) 
PARAMETRIC_REPRESENTATION_CONTEXT() REPRESENTATION_CONTEXT('2D SPACE',''
  ) );
#1420 = ORIENTED_EDGE('',*,*,#1421,.T.);
#1421 = EDGE_CURVE('',#1399,#1399,#1422,.T.);
#1422 = SURFACE_CURVE('',#1423,(#1428,#1435),.PCURVE_S1.);
#1423 = CIRCLE('',#1424,10.);
#1424 = AXIS2_PLACEMENT_3D('',#1425,#1426,#1427);
#1425 = CARTESIAN_POINT('',(50.5,-32.49999995,54.));
#1426 = DIRECTION('',(0.,-1.,0.));
#1427 = DIRECTION('',(1.110223024625E-16,0.,-1.));
#1428 = PCURVE('',#100,#1429);
#1429 = DEFINITIONAL_REPRESENTATION('',(#1430),#1434);
#1430 = LINE('',#1431,#1432);
#1431 = CARTESIAN_POINT('',(-0.,-40.));
#1432 = VECTOR('',#1433,1.);
#1433 = DIRECTION('',(-1.,0.));
#1434 = ( GEOMETRIC_REPRESENTATION_CONTEXT(2) 
PARAMETRIC_REPRESENTATION_CONTEXT() REPRESENTATION_CONTEXT('2D SPACE',''
  ) );
#1435 = PCURVE('',#1436,#1441);
#1436 = PLANE('',#1437);
#1437 = AXIS2_PLACEMENT_3D('',#1438,#1439,#1440);
#1438 = CARTESIAN_POINT('',(50.5,-32.49999995,54.));
#1439 = DIRECTION('',(-0.,-1.,0.));
#1440 = DIRECTION('',(-1.,0.,-1.110223024625E-16));
#1441 = DEFINITIONAL_REPRESENTATION('',(#1442),#1446);
#1442 = CIRCLE('',#1443,10.);
#1443 = AXIS2_PLACEMENT_2D('',#1444,#1445);
#1444 = CARTESIAN_POINT('',(0.,0.));
#1445 = DIRECTION('',(0.,1.));
#1446 = ( GEOMETRIC_REPRESENTATION_CONTEXT(2) 
PARAMETRIC_REPRESENTATION_CONTEXT() REPRESENTATION_CONTEXT('2D SPACE',''
  ) );
#1447 = ORIENTED_EDGE('',*,*,#1398,.F.);
#1448 = ORIENTED_EDGE('',*,*,#1449,.F.);
#1449 = EDGE_CURVE('',#1450,#1368,#1452,.T.);
#1450 = VERTEX_POINT('',#1451);
#1451 = CARTESIAN_POINT('',(42.5,7.50000005,48.));
#1452 = SURFACE_CURVE('',#1453,(#1458,#1465),.PCURVE_S1.);
#1453 = CIRCLE('',#1454,10.);
#1454 = AXIS2_PLACEMENT_3D('',#1455,#1456,#1457);
#1455 = CARTESIAN_POINT('',(50.5,7.50000005,54.));
#1456 = DIRECTION('',(0.,-1.,0.));
#1457 = DIRECTION('',(1.110223024625E-16,0.,-1.));
#1458 = PCURVE('',#100,#1459);
#1459 = DEFINITIONAL_REPRESENTATION('',(#1460),#1464);
#1460 = LINE('',#1461,#1462);
#1461 = CARTESIAN_POINT('',(-0.,0.));
#1462 = VECTOR('',#1463,1.);
#1463 = DIRECTION('',(-1.,0.));
#1464 = ( GEOMETRIC_REPRESENTATION_CONTEXT(2) 
PARAMETRIC_REPRESENTATION_CONTEXT() REPRESENTATION_CONTEXT('2D SPACE',''
  ) );
#1465 = PCURVE('',#1386,#1466);
#1466 = DEFINITIONAL_REPRESENTATION('',(#1467),#1471);
#1467 = CIRCLE('',#1468,10.);
#1468 = AXIS2_PLACEMENT_2D('',#1469,#1470);
#1469 = CARTESIAN_POINT('',(0.,0.));
#1470 = DIRECTION('',(0.,1.));
#1471 = ( GEOMETRIC_REPRESENTATION_CONTEXT(2) 
PARAMETRIC_REPRESENTATION_CONTEXT() REPRESENTATION_CONTEXT('2D SPACE',''
  ) );
#1472 = ORIENTED_EDGE('',*,*,#1473,.F.);
#1473 = EDGE_CURVE('',#1474,#1450,#1476,.T.);
#1474 = VERTEX_POINT('',#1475);
#1475 = CARTESIAN_POINT('',(42.5,-15.99999995,48.));
#1476 = SURFACE_CURVE('',#1477,(#1481,#1488),.PCURVE_S1.);
#1477 = LINE('',#1478,#1479);
#1478 = CARTESIAN_POINT('',(42.5,7.50000005,48.));
#1479 = VECTOR('',#1480,1.);
#1480 = DIRECTION('',(0.,1.,0.));
#1481 = PCURVE('',#100,#1482);
#1482 = DEFINITIONAL_REPRESENTATION('',(#1483),#1487);
#1483 = LINE('',#1484,#1485);
#1484 = CARTESIAN_POINT('',(-5.355890089178,0.));
#1485 = VECTOR('',#1486,1.);
#1486 = DIRECTION('',(-0.,1.));
#1487 = ( GEOMETRIC_REPRESENTATION_CONTEXT(2) 
PARAMETRIC_REPRESENTATION_CONTEXT() REPRESENTATION_CONTEXT('2D SPACE',''
  ) );
#1488 = PCURVE('',#458,#1489);
#1489 = DEFINITIONAL_REPRESENTATION('',(#1490),#1494);
#1490 = LINE('',#1491,#1492);
#1491 = CARTESIAN_POINT('',(117.,-25.));
#1492 = VECTOR('',#1493,1.);
#1493 = DIRECTION('',(0.,-1.));
#1494 = ( GEOMETRIC_REPRESENTATION_CONTEXT(2) 
PARAMETRIC_REPRESENTATION_CONTEXT() REPRESENTATION_CONTEXT('2D SPACE',''
  ) );
#1495 = ORIENTED_EDGE('',*,*,#1496,.F.);
#1496 = EDGE_CURVE('',#1497,#1474,#1499,.T.);
#1497 = VERTEX_POINT('',#1498);
#1498 = CARTESIAN_POINT('',(41.569714450254,-17.49999995,49.5));
#1499 = SURFACE_CURVE('',#1500,(#1515,#1533),.PCURVE_S1.);
#1500 = B_SPLINE_CURVE_WITH_KNOTS('',7,(#1501,#1502,#1503,#1504,#1505,
    #1506,#1507,#1508,#1509,#1510,#1511,#1512,#1513,#1514),
  .UNSPECIFIED.,.F.,.F.,(8,6,8),(0.,0.526724552338,1.),.UNSPECIFIED.);
#1501 = CARTESIAN_POINT('',(41.569714450254,-17.49999995,49.5));
#1502 = CARTESIAN_POINT('',(41.667217006192,-17.49999995,49.306505407477
    ));
#1503 = CARTESIAN_POINT('',(41.768225445631,-17.47088012656,
    49.118225004001));
#1504 = CARTESIAN_POINT('',(41.87031034706,-17.41546307487,
    48.939355797071));
#1505 = CARTESIAN_POINT('',(41.970693246396,-17.3366977664,
    48.773217950394));
#1506 = CARTESIAN_POINT('',(42.066352677987,-17.23769292263,
    48.622476245002));
#1507 = CARTESIAN_POINT('',(42.154334214249,-17.12168318248,
    48.489192934322));
#1508 = CARTESIAN_POINT('',(42.302051437217,-16.87541512089,
    48.27207843252));
#1509 = CARTESIAN_POINT('',(42.364408428486,-16.74669395883,
    48.183628867068));
#1510 = CARTESIAN_POINT('',(42.417028307371,-16.60797601028,
    48.111206906402));
#1511 = CARTESIAN_POINT('',(42.458007814798,-16.4616061638,
    48.055987972721));
#1512 = CARTESIAN_POINT('',(42.48593524762,-16.3099349837,
    48.018753709405));
#1513 = CARTESIAN_POINT('',(42.5,-16.15527774249,48.));
#1514 = CARTESIAN_POINT('',(42.5,-15.99999995,48.));
#1515 = PCURVE('',#100,#1516);
#1516 = DEFINITIONAL_REPRESENTATION('',(#1517),#1532);
#1517 = B_SPLINE_CURVE_WITH_KNOTS('',7,(#1518,#1519,#1520,#1521,#1522,
    #1523,#1524,#1525,#1526,#1527,#1528,#1529,#1530,#1531),
  .UNSPECIFIED.,.F.,.F.,(8,6,8),(0.,0.526724552338,1.),.UNSPECIFIED.);
#1518 = CARTESIAN_POINT('',(-5.179154319432,-25.));
#1519 = CARTESIAN_POINT('',(-5.200821554085,-25.));
#1520 = CARTESIAN_POINT('',(-5.222180918147,-24.97088017656));
#1521 = CARTESIAN_POINT('',(-5.242764848604,-24.91546312487));
#1522 = CARTESIAN_POINT('',(-5.262166480149,-24.8366978164));
#1523 = CARTESIAN_POINT('',(-5.280014949424,-24.73769297263));
#1524 = CARTESIAN_POINT('',(-5.295983728424,-24.62168323248));
#1525 = CARTESIAN_POINT('',(-5.322243790277,-24.37541517089));
#1526 = CARTESIAN_POINT('',(-5.333064319347,-24.24669400883));
#1527 = CARTESIAN_POINT('',(-5.342015304042,-24.10797606028));
#1528 = CARTESIAN_POINT('',(-5.348891434057,-23.9616062138));
#1529 = CARTESIAN_POINT('',(-5.353545943224,-23.8099350337));
#1530 = CARTESIAN_POINT('',(-5.355890089178,-23.65527779249));
#1531 = CARTESIAN_POINT('',(-5.355890089178,-23.5));
#1532 = ( GEOMETRIC_REPRESENTATION_CONTEXT(2) 
PARAMETRIC_REPRESENTATION_CONTEXT() REPRESENTATION_CONTEXT('2D SPACE',''
  ) );
#1533 = PCURVE('',#1534,#1539);
#1534 = CYLINDRICAL_SURFACE('',#1535,1.5);
#1535 = AXIS2_PLACEMENT_3D('',#1536,#1537,#1538);
#1536 = CARTESIAN_POINT('',(-74.5,-15.99999995,49.5));
#1537 = DIRECTION('',(1.,0.,1.110223024625E-16));
#1538 = DIRECTION('',(0.,-1.,0.));
#1539 = DEFINITIONAL_REPRESENTATION('',(#1540),#1555);
#1540 = B_SPLINE_CURVE_WITH_KNOTS('',7,(#1541,#1542,#1543,#1544,#1545,
    #1546,#1547,#1548,#1549,#1550,#1551,#1552,#1553,#1554),
  .UNSPECIFIED.,.F.,.F.,(8,6,8),(0.,0.526724552338,1.),.UNSPECIFIED.);
#1541 = CARTESIAN_POINT('',(0.,116.06971445025));
#1542 = CARTESIAN_POINT('',(0.128996395015,116.16721700619));
#1543 = CARTESIAN_POINT('',(0.254516867749,116.26822544563));
#1544 = CARTESIAN_POINT('',(0.377267722113,116.37031034706));
#1545 = CARTESIAN_POINT('',(0.497698315684,116.47069324639));
#1546 = CARTESIAN_POINT('',(0.61617002351,116.56635267798));
#1547 = CARTESIAN_POINT('',(0.732944480991,116.65433421424));
#1548 = CARTESIAN_POINT('',(0.951817011171,116.80205143721));
#1549 = CARTESIAN_POINT('',(1.055181551768,116.86440842848));
#1550 = CARTESIAN_POINT('',(1.158297910685,116.91702830737));
#1551 = CARTESIAN_POINT('',(1.261245672405,116.95800781479));
#1552 = CARTESIAN_POINT('',(1.364173497526,116.98593524762));
#1553 = CARTESIAN_POINT('',(1.467277798468,117.));
#1554 = CARTESIAN_POINT('',(1.570796326795,117.));
#1555 = ( GEOMETRIC_REPRESENTATION_CONTEXT(2) 
PARAMETRIC_REPRESENTATION_CONTEXT() REPRESENTATION_CONTEXT('2D SPACE',''
  ) );
#1556 = ORIENTED_EDGE('',*,*,#1557,.T.);
#1557 = EDGE_CURVE('',#1497,#1279,#1558,.T.);
#1558 = SURFACE_CURVE('',#1559,(#1564,#1571),.PCURVE_S1.);
#1559 = CIRCLE('',#1560,10.);
#1560 = AXIS2_PLACEMENT_3D('',#1561,#1562,#1563);
#1561 = CARTESIAN_POINT('',(50.5,-17.49999995,54.));
#1562 = DIRECTION('',(0.,1.,0.));
#1563 = DIRECTION('',(1.110223024625E-16,0.,-1.));
#1564 = PCURVE('',#100,#1565);
#1565 = DEFINITIONAL_REPRESENTATION('',(#1566),#1570);
#1566 = LINE('',#1567,#1568);
#1567 = CARTESIAN_POINT('',(-6.28318530718,-25.));
#1568 = VECTOR('',#1569,1.);
#1569 = DIRECTION('',(1.,-0.));
#1570 = ( GEOMETRIC_REPRESENTATION_CONTEXT(2) 
PARAMETRIC_REPRESENTATION_CONTEXT() REPRESENTATION_CONTEXT('2D SPACE',''
  ) );
#1571 = PCURVE('',#1124,#1572);
#1572 = DEFINITIONAL_REPRESENTATION('',(#1573),#1577);
#1573 = CIRCLE('',#1574,10.);
#1574 = AXIS2_PLACEMENT_2D('',#1575,#1576);
#1575 = CARTESIAN_POINT('',(131.,6.));
#1576 = DIRECTION('',(0.,1.));
#1577 = ( GEOMETRIC_REPRESENTATION_CONTEXT(2) 
PARAMETRIC_REPRESENTATION_CONTEXT() REPRESENTATION_CONTEXT('2D SPACE',''
  ) );
#1578 = ORIENTED_EDGE('',*,*,#1301,.F.);
#1579 = ORIENTED_EDGE('',*,*,#140,.T.);
#1580 = ORIENTED_EDGE('',*,*,#1581,.F.);
#1581 = EDGE_CURVE('',#85,#113,#1582,.T.);
#1582 = SURFACE_CURVE('',#1583,(#1588,#1595),.PCURVE_S1.);
#1583 = CIRCLE('',#1584,10.);
#1584 = AXIS2_PLACEMENT_3D('',#1585,#1586,#1587);
#1585 = CARTESIAN_POINT('',(50.5,7.50000005,54.));
#1586 = DIRECTION('',(0.,-1.,0.));
#1587 = DIRECTION('',(1.110223024625E-16,0.,-1.));
#1588 = PCURVE('',#100,#1589);
#1589 = DEFINITIONAL_REPRESENTATION('',(#1590),#1594);
#1590 = LINE('',#1591,#1592);
#1591 = CARTESIAN_POINT('',(-0.,0.));
#1592 = VECTOR('',#1593,1.);
#1593 = DIRECTION('',(-1.,0.));
#1594 = ( GEOMETRIC_REPRESENTATION_CONTEXT(2) 
PARAMETRIC_REPRESENTATION_CONTEXT() REPRESENTATION_CONTEXT('2D SPACE',''
  ) );
#1595 = PCURVE('',#128,#1596);
#1596 = DEFINITIONAL_REPRESENTATION('',(#1597),#1601);
#1597 = CIRCLE('',#1598,10.);
#1598 = AXIS2_PLACEMENT_2D('',#1599,#1600);
#1599 = CARTESIAN_POINT('',(0.,0.));
#1600 = DIRECTION('',(0.,1.));
#1601 = ( GEOMETRIC_REPRESENTATION_CONTEXT(2) 
PARAMETRIC_REPRESENTATION_CONTEXT() REPRESENTATION_CONTEXT('2D SPACE',''
  ) );
#1602 = ORIENTED_EDGE('',*,*,#84,.F.);
#1603 = ORIENTED_EDGE('',*,*,#1604,.T.);
#1604 = EDGE_CURVE('',#57,#1605,#1607,.T.);
#1605 = VERTEX_POINT('',#1606);
#1606 = CARTESIAN_POINT('',(59.430285549746,-17.49999995,58.5));
#1607 = SURFACE_CURVE('',#1608,(#1626,#1647),.PCURVE_S1.);
#1608 = B_SPLINE_CURVE_WITH_KNOTS('',6,(#1609,#1610,#1611,#1612,#1613,
    #1614,#1615,#1616,#1617,#1618,#1619,#1620,#1621,#1622,#1623,#1624,
    #1625),.UNSPECIFIED.,.F.,.F.,(7,5,5,7),(0.,0.47269973124,
    0.714473842858,1.),.UNSPECIFIED.);
#1609 = CARTESIAN_POINT('',(58.5,-15.99999995,60.));
#1610 = CARTESIAN_POINT('',(58.5,-16.18119730087,60.));
#1611 = CARTESIAN_POINT('',(58.519699332129,-16.36147212275,
    59.973733206243));
#1612 = CARTESIAN_POINT('',(58.558722356202,-16.53671211953,
    59.921707070367));
#1613 = CARTESIAN_POINT('',(58.61529457127,-16.70292933661,
    59.844919600224));
#1614 = CARTESIAN_POINT('',(58.6862713312,-16.85594732202,
    59.745084740918));
#1615 = CARTESIAN_POINT('',(58.809589807888,-17.06153880012,
    59.563831471387));
#1616 = CARTESIAN_POINT('',(58.854205821695,-17.12684646971,
    59.497080875371));
#1617 = CARTESIAN_POINT('',(58.901302377225,-17.18746392255,
    59.425148432835));
#1618 = CARTESIAN_POINT('',(58.950456316771,-17.24293899731,
    59.348287947506));
#1619 = CARTESIAN_POINT('',(59.001235721144,-17.29279137298,
    59.266787868699));
#1620 = CARTESIAN_POINT('',(59.114587807098,-17.3881394835,
    59.079656665306));
#1621 = CARTESIAN_POINT('',(59.177772030752,-17.43133199172,
    58.97209604087));
#1622 = CARTESIAN_POINT('',(59.241832825987,-17.46497573578,
    58.859193205708));
#1623 = CARTESIAN_POINT('',(59.305826655142,-17.48812448499,
    58.742026036293));
#1624 = CARTESIAN_POINT('',(59.368891004681,-17.49999995,58.621837959694
    ));
#1625 = CARTESIAN_POINT('',(59.430285549746,-17.49999995,58.5));
#1626 = PCURVE('',#100,#1627);
#1627 = DEFINITIONAL_REPRESENTATION('',(#1628),#1646);
#1628 = B_SPLINE_CURVE_WITH_KNOTS('',6,(#1629,#1630,#1631,#1632,#1633,
    #1634,#1635,#1636,#1637,#1638,#1639,#1640,#1641,#1642,#1643,#1644,
    #1645),.UNSPECIFIED.,.F.,.F.,(7,5,5,7),(0.,0.47269973124,
    0.714473842858,1.),.UNSPECIFIED.);
#1629 = CARTESIAN_POINT('',(-2.214297435588,-23.5));
#1630 = CARTESIAN_POINT('',(-2.214297435588,-23.68119735087));
#1631 = CARTESIAN_POINT('',(-2.211014185633,-23.86147217275));
#1632 = CARTESIAN_POINT('',(-2.204510465252,-24.03671216953));
#1633 = CARTESIAN_POINT('',(-2.194973743187,-24.20292938661));
#1634 = CARTESIAN_POINT('',(-2.182727027484,-24.35594737202));
#1635 = CARTESIAN_POINT('',(-2.160804392056,-24.56153885012));
#1636 = CARTESIAN_POINT('',(-2.152775816577,-24.62684651971));
#1637 = CARTESIAN_POINT('',(-2.144178562373,-24.68746397255));
#1638 = CARTESIAN_POINT('',(-2.135056032709,-24.74293904731));
#1639 = CARTESIAN_POINT('',(-2.125454292666,-24.79279142298));
#1640 = CARTESIAN_POINT('',(-2.103575814045,-24.8881395335));
#1641 = CARTESIAN_POINT('',(-2.091102361439,-24.93133204172));
#1642 = CARTESIAN_POINT('',(-2.078123580804,-24.96497578578));
#1643 = CARTESIAN_POINT('',(-2.06477593413,-24.98812453499));
#1644 = CARTESIAN_POINT('',(-2.051204898079,-25.));
#1645 = CARTESIAN_POINT('',(-2.037561665842,-25.));
#1646 = ( GEOMETRIC_REPRESENTATION_CONTEXT(2) 
PARAMETRIC_REPRESENTATION_CONTEXT() REPRESENTATION_CONTEXT('2D SPACE',''
  ) );
#1647 = PCURVE('',#72,#1648);
#1648 = DEFINITIONAL_REPRESENTATION('',(#1649),#1667);
#1649 = B_SPLINE_CURVE_WITH_KNOTS('',6,(#1650,#1651,#1652,#1653,#1654,
    #1655,#1656,#1657,#1658,#1659,#1660,#1661,#1662,#1663,#1664,#1665,
    #1666),.UNSPECIFIED.,.F.,.F.,(7,5,5,7),(0.,0.47269973124,
    0.714473842858,1.),.UNSPECIFIED.);
#1650 = CARTESIAN_POINT('',(0.,139.));
#1651 = CARTESIAN_POINT('',(0.120798233916,139.));
#1652 = CARTESIAN_POINT('',(0.240980696061,139.01969933212));
#1653 = CARTESIAN_POINT('',(0.360983789739,139.0587223562));
#1654 = CARTESIAN_POINT('',(0.481143080662,139.11529457127));
#1655 = CARTESIAN_POINT('',(0.601677167839,139.1862713312));
#1656 = CARTESIAN_POINT('',(0.78439808872,139.30958980788));
#1657 = CARTESIAN_POINT('',(0.846485350049,139.35420582169));
#1658 = CARTESIAN_POINT('',(0.908937368633,139.40130237722));
#1659 = CARTESIAN_POINT('',(0.97185897398,139.45045631677));
#1660 = CARTESIAN_POINT('',(1.035358782424,139.50123572114));
#1661 = CARTESIAN_POINT('',(1.175373622055,139.61458780709));
#1662 = CARTESIAN_POINT('',(1.252337770704,139.67777203075));
#1663 = CARTESIAN_POINT('',(1.330369579026,139.74183282598));
#1664 = CARTESIAN_POINT('',(1.409445645024,139.80582665514));
#1665 = CARTESIAN_POINT('',(1.489571020332,139.86889100468));
#1666 = CARTESIAN_POINT('',(1.570796326795,139.93028554974));
#1667 = ( GEOMETRIC_REPRESENTATION_CONTEXT(2) 
PARAMETRIC_REPRESENTATION_CONTEXT() REPRESENTATION_CONTEXT('2D SPACE',''
  ) );
#1668 = ORIENTED_EDGE('',*,*,#1669,.T.);
#1669 = EDGE_CURVE('',#1605,#1670,#1672,.T.);
#1670 = VERTEX_POINT('',#1671);
#1671 = CARTESIAN_POINT('',(59.430285549746,-17.49999995,49.5));
#1672 = SURFACE_CURVE('',#1673,(#1678,#1685),.PCURVE_S1.);
#1673 = CIRCLE('',#1674,10.);
#1674 = AXIS2_PLACEMENT_3D('',#1675,#1676,#1677);
#1675 = CARTESIAN_POINT('',(50.5,-17.49999995,54.));
#1676 = DIRECTION('',(0.,1.,0.));
#1677 = DIRECTION('',(1.110223024625E-16,0.,-1.));
#1678 = PCURVE('',#100,#1679);
#1679 = DEFINITIONAL_REPRESENTATION('',(#1680),#1684);
#1680 = LINE('',#1681,#1682);
#1681 = CARTESIAN_POINT('',(-6.28318530718,-25.));
#1682 = VECTOR('',#1683,1.);
#1683 = DIRECTION('',(1.,-0.));
#1684 = ( GEOMETRIC_REPRESENTATION_CONTEXT(2) 
PARAMETRIC_REPRESENTATION_CONTEXT() REPRESENTATION_CONTEXT('2D SPACE',''
  ) );
#1685 = PCURVE('',#401,#1686);
#1686 = DEFINITIONAL_REPRESENTATION('',(#1687),#1691);
#1687 = CIRCLE('',#1688,10.);
#1688 = AXIS2_PLACEMENT_2D('',#1689,#1690);
#1689 = CARTESIAN_POINT('',(131.,6.));
#1690 = DIRECTION('',(0.,1.));
#1691 = ( GEOMETRIC_REPRESENTATION_CONTEXT(2) 
PARAMETRIC_REPRESENTATION_CONTEXT() REPRESENTATION_CONTEXT('2D SPACE',''
  ) );
#1692 = ORIENTED_EDGE('',*,*,#1693,.T.);
#1693 = EDGE_CURVE('',#1670,#1694,#1696,.T.);
#1694 = VERTEX_POINT('',#1695);
#1695 = CARTESIAN_POINT('',(58.5,-15.99999995,48.));
#1696 = SURFACE_CURVE('',#1697,(#1712,#1730),.PCURVE_S1.);
#1697 = B_SPLINE_CURVE_WITH_KNOTS('',7,(#1698,#1699,#1700,#1701,#1702,
    #1703,#1704,#1705,#1706,#1707,#1708,#1709,#1710,#1711),
  .UNSPECIFIED.,.F.,.F.,(8,6,8),(0.,0.52672454387,1.),.UNSPECIFIED.);
#1698 = CARTESIAN_POINT('',(59.430285549746,-17.49999995,49.5));
#1699 = CARTESIAN_POINT('',(59.332782993808,-17.49999995,49.306505407477
    ));
#1700 = CARTESIAN_POINT('',(59.231774554369,-17.47088012656,
    49.118225004001));
#1701 = CARTESIAN_POINT('',(59.12968965294,-17.41546307487,
    48.939355797071));
#1702 = CARTESIAN_POINT('',(59.029306753604,-17.3366977664,
    48.773217950393));
#1703 = CARTESIAN_POINT('',(58.933647322013,-17.23769292263,
    48.622476245002));
#1704 = CARTESIAN_POINT('',(58.845665785751,-17.12168318248,
    48.489192934322));
#1705 = CARTESIAN_POINT('',(58.697948560408,-16.87541511693,
    48.27207842903));
#1706 = CARTESIAN_POINT('',(58.635591575488,-16.74669396942,
    48.183628872849));
#1707 = CARTESIAN_POINT('',(58.582971691719,-16.60797600295,
    48.111206905114));
#1708 = CARTESIAN_POINT('',(58.541992182543,-16.46160615748,
    48.055987968865));
#1709 = CARTESIAN_POINT('',(58.51406475423,-16.30993499553,
    48.018753712068));
#1710 = CARTESIAN_POINT('',(58.5,-16.15527773716,48.));
#1711 = CARTESIAN_POINT('',(58.5,-15.99999995,48.));
#1712 = PCURVE('',#100,#1713);
#1713 = DEFINITIONAL_REPRESENTATION('',(#1714),#1729);
#1714 = B_SPLINE_CURVE_WITH_KNOTS('',7,(#1715,#1716,#1717,#1718,#1719,
    #1720,#1721,#1722,#1723,#1724,#1725,#1726,#1727,#1728),
  .UNSPECIFIED.,.F.,.F.,(8,6,8),(0.,0.52672454387,1.),.UNSPECIFIED.);
#1715 = CARTESIAN_POINT('',(-1.104030987748,-25.));
#1716 = CARTESIAN_POINT('',(-1.082363753095,-25.));
#1717 = CARTESIAN_POINT('',(-1.061004389033,-24.97088017656));
#1718 = CARTESIAN_POINT('',(-1.040420458575,-24.91546312487));
#1719 = CARTESIAN_POINT('',(-1.021018827031,-24.8366978164));
#1720 = CARTESIAN_POINT('',(-1.003170357756,-24.73769297263));
#1721 = CARTESIAN_POINT('',(-0.987201578756,-24.62168323248));
#1722 = CARTESIAN_POINT('',(-0.96094151648,-24.37541516693));
#1723 = CARTESIAN_POINT('',(-0.950120988534,-24.24669401942));
#1724 = CARTESIAN_POINT('',(-0.94117000298,-24.10797605295));
#1725 = CARTESIAN_POINT('',(-0.934293872654,-23.96160620748));
#1726 = CARTESIAN_POINT('',(-0.929639364279,-23.80993504553));
#1727 = CARTESIAN_POINT('',(-0.927295218002,-23.65527778716));
#1728 = CARTESIAN_POINT('',(-0.927295218002,-23.5));
#1729 = ( GEOMETRIC_REPRESENTATION_CONTEXT(2) 
PARAMETRIC_REPRESENTATION_CONTEXT() REPRESENTATION_CONTEXT('2D SPACE',''
  ) );
#1730 = PCURVE('',#430,#1731);
#1731 = DEFINITIONAL_REPRESENTATION('',(#1732),#1747);
#1732 = B_SPLINE_CURVE_WITH_KNOTS('',7,(#1733,#1734,#1735,#1736,#1737,
    #1738,#1739,#1740,#1741,#1742,#1743,#1744,#1745,#1746),
  .UNSPECIFIED.,.F.,.F.,(8,6,8),(0.,0.52672454387,1.),.UNSPECIFIED.);
#1733 = CARTESIAN_POINT('',(0.,133.93028554974));
#1734 = CARTESIAN_POINT('',(0.128996395015,133.8327829938));
#1735 = CARTESIAN_POINT('',(0.254516867749,133.73177455436));
#1736 = CARTESIAN_POINT('',(0.377267722113,133.62968965294));
#1737 = CARTESIAN_POINT('',(0.497698315684,133.5293067536));
#1738 = CARTESIAN_POINT('',(0.61617002351,133.43364732201));
#1739 = CARTESIAN_POINT('',(0.732944480991,133.34566578575));
#1740 = CARTESIAN_POINT('',(0.95181701469,133.1979485604));
#1741 = CARTESIAN_POINT('',(1.055181543349,133.13559157548));
#1742 = CARTESIAN_POINT('',(1.158297915808,133.08297169171));
#1743 = CARTESIAN_POINT('',(1.261245677498,133.04199218254));
#1744 = CARTESIAN_POINT('',(1.364173489071,133.01406475423));
#1745 = CARTESIAN_POINT('',(1.467277802021,133.));
#1746 = CARTESIAN_POINT('',(1.570796326795,133.));
#1747 = ( GEOMETRIC_REPRESENTATION_CONTEXT(2) 
PARAMETRIC_REPRESENTATION_CONTEXT() REPRESENTATION_CONTEXT('2D SPACE',''
  ) );
#1748 = ORIENTED_EDGE('',*,*,#1749,.T.);
#1749 = EDGE_CURVE('',#1694,#1370,#1750,.T.);
#1750 = SURFACE_CURVE('',#1751,(#1755,#1762),.PCURVE_S1.);
#1751 = LINE('',#1752,#1753);
#1752 = CARTESIAN_POINT('',(58.5,7.50000005,48.));
#1753 = VECTOR('',#1754,1.);
#1754 = DIRECTION('',(0.,1.,0.));
#1755 = PCURVE('',#100,#1756);
#1756 = DEFINITIONAL_REPRESENTATION('',(#1757),#1761);
#1757 = LINE('',#1758,#1759);
#1758 = CARTESIAN_POINT('',(-0.927295218002,0.));
#1759 = VECTOR('',#1760,1.);
#1760 = DIRECTION('',(-0.,1.));
#1761 = ( GEOMETRIC_REPRESENTATION_CONTEXT(2) 
PARAMETRIC_REPRESENTATION_CONTEXT() REPRESENTATION_CONTEXT('2D SPACE',''
  ) );
#1762 = PCURVE('',#458,#1763);
#1763 = DEFINITIONAL_REPRESENTATION('',(#1764),#1768);
#1764 = LINE('',#1765,#1766);
#1765 = CARTESIAN_POINT('',(133.,-25.));
#1766 = VECTOR('',#1767,1.);
#1767 = DIRECTION('',(0.,-1.));
#1768 = ( GEOMETRIC_REPRESENTATION_CONTEXT(2) 
PARAMETRIC_REPRESENTATION_CONTEXT() REPRESENTATION_CONTEXT('2D SPACE',''
  ) );
#1769 = ADVANCED_FACE('',(#1770),#128,.F.);
#1770 = FACE_BOUND('',#1771,.F.);
#1771 = EDGE_LOOP('',(#1772,#1773));
#1772 = ORIENTED_EDGE('',*,*,#112,.F.);
#1773 = ORIENTED_EDGE('',*,*,#1581,.T.);
#1774 = ADVANCED_FACE('',(#1775),#72,.T.);
#1775 = FACE_BOUND('',#1776,.T.);
#1776 = EDGE_LOOP('',(#1777,#1778,#1779,#1800));
#1777 = ORIENTED_EDGE('',*,*,#56,.F.);
#1778 = ORIENTED_EDGE('',*,*,#1604,.T.);
#1779 = ORIENTED_EDGE('',*,*,#1780,.T.);
#1780 = EDGE_CURVE('',#1605,#362,#1781,.T.);
#1781 = SURFACE_CURVE('',#1782,(#1786,#1793),.PCURVE_S1.);
#1782 = LINE('',#1783,#1784);
#1783 = CARTESIAN_POINT('',(-80.5,-17.49999995,58.5));
#1784 = VECTOR('',#1785,1.);
#1785 = DIRECTION('',(1.,0.,1.110223024625E-16));
#1786 = PCURVE('',#72,#1787);
#1787 = DEFINITIONAL_REPRESENTATION('',(#1788),#1792);
#1788 = LINE('',#1789,#1790);
#1789 = CARTESIAN_POINT('',(1.570796326795,0.));
#1790 = VECTOR('',#1791,1.);
#1791 = DIRECTION('',(0.,1.));
#1792 = ( GEOMETRIC_REPRESENTATION_CONTEXT(2) 
PARAMETRIC_REPRESENTATION_CONTEXT() REPRESENTATION_CONTEXT('2D SPACE',''
  ) );
#1793 = PCURVE('',#401,#1794);
#1794 = DEFINITIONAL_REPRESENTATION('',(#1795),#1799);
#1795 = LINE('',#1796,#1797);
#1796 = CARTESIAN_POINT('',(-1.665334536938E-16,1.5));
#1797 = VECTOR('',#1798,1.);
#1798 = DIRECTION('',(1.,0.));
#1799 = ( GEOMETRIC_REPRESENTATION_CONTEXT(2) 
PARAMETRIC_REPRESENTATION_CONTEXT() REPRESENTATION_CONTEXT('2D SPACE',''
  ) );
#1800 = ORIENTED_EDGE('',*,*,#361,.F.);
#1801 = ADVANCED_FACE('',(#1802),#401,.F.);
#1802 = FACE_BOUND('',#1803,.F.);
#1803 = EDGE_LOOP('',(#1804,#1805,#1806,#1807));
#1804 = ORIENTED_EDGE('',*,*,#1669,.F.);
#1805 = ORIENTED_EDGE('',*,*,#1780,.T.);
#1806 = ORIENTED_EDGE('',*,*,#385,.T.);
#1807 = ORIENTED_EDGE('',*,*,#1808,.F.);
#1808 = EDGE_CURVE('',#1670,#386,#1809,.T.);
#1809 = SURFACE_CURVE('',#1810,(#1814,#1821),.PCURVE_S1.);
#1810 = LINE('',#1811,#1812);
#1811 = CARTESIAN_POINT('',(-74.5,-17.49999995,49.5));
#1812 = VECTOR('',#1813,1.);
#1813 = DIRECTION('',(1.,0.,1.110223024625E-16));
#1814 = PCURVE('',#401,#1815);
#1815 = DEFINITIONAL_REPRESENTATION('',(#1816),#1820);
#1816 = LINE('',#1817,#1818);
#1817 = CARTESIAN_POINT('',(6.,10.5));
#1818 = VECTOR('',#1819,1.);
#1819 = DIRECTION('',(1.,0.));
#1820 = ( GEOMETRIC_REPRESENTATION_CONTEXT(2) 
PARAMETRIC_REPRESENTATION_CONTEXT() REPRESENTATION_CONTEXT('2D SPACE',''
  ) );
#1821 = PCURVE('',#430,#1822);
#1822 = DEFINITIONAL_REPRESENTATION('',(#1823),#1827);
#1823 = LINE('',#1824,#1825);
#1824 = CARTESIAN_POINT('',(0.,0.));
#1825 = VECTOR('',#1826,1.);
#1826 = DIRECTION('',(0.,1.));
#1827 = ( GEOMETRIC_REPRESENTATION_CONTEXT(2) 
PARAMETRIC_REPRESENTATION_CONTEXT() REPRESENTATION_CONTEXT('2D SPACE',''
  ) );
#1828 = ADVANCED_FACE('',(#1829),#519,.T.);
#1829 = FACE_BOUND('',#1830,.T.);
#1830 = EDGE_LOOP('',(#1831,#1832,#1833,#1834,#1857,#1885));
#1831 = ORIENTED_EDGE('',*,*,#757,.F.);
#1832 = ORIENTED_EDGE('',*,*,#561,.F.);
#1833 = ORIENTED_EDGE('',*,*,#503,.T.);
#1834 = ORIENTED_EDGE('',*,*,#1835,.F.);
#1835 = EDGE_CURVE('',#1836,#471,#1838,.T.);
#1836 = VERTEX_POINT('',#1837);
#1837 = CARTESIAN_POINT('',(-74.5,32.50000005,49.5));
#1838 = SURFACE_CURVE('',#1839,(#1843,#1850),.PCURVE_S1.);
#1839 = LINE('',#1840,#1841);
#1840 = CARTESIAN_POINT('',(-74.5,32.50000005,49.5));
#1841 = VECTOR('',#1842,1.);
#1842 = DIRECTION('',(1.,0.,1.110223024625E-16));
#1843 = PCURVE('',#519,#1844);
#1844 = DEFINITIONAL_REPRESENTATION('',(#1845),#1849);
#1845 = LINE('',#1846,#1847);
#1846 = CARTESIAN_POINT('',(6.,10.5));
#1847 = VECTOR('',#1848,1.);
#1848 = DIRECTION('',(1.,0.));
#1849 = ( GEOMETRIC_REPRESENTATION_CONTEXT(2) 
PARAMETRIC_REPRESENTATION_CONTEXT() REPRESENTATION_CONTEXT('2D SPACE',''
  ) );
#1850 = PCURVE('',#491,#1851);
#1851 = DEFINITIONAL_REPRESENTATION('',(#1852),#1856);
#1852 = LINE('',#1853,#1854);
#1853 = CARTESIAN_POINT('',(-0.,0.));
#1854 = VECTOR('',#1855,1.);
#1855 = DIRECTION('',(-0.,1.));
#1856 = ( GEOMETRIC_REPRESENTATION_CONTEXT(2) 
PARAMETRIC_REPRESENTATION_CONTEXT() REPRESENTATION_CONTEXT('2D SPACE',''
  ) );
#1857 = ORIENTED_EDGE('',*,*,#1858,.T.);
#1858 = EDGE_CURVE('',#1836,#1859,#1861,.T.);
#1859 = VERTEX_POINT('',#1860);
#1860 = CARTESIAN_POINT('',(-74.5,32.50000005,1.5));
#1861 = SURFACE_CURVE('',#1862,(#1866,#1873),.PCURVE_S1.);
#1862 = LINE('',#1863,#1864);
#1863 = CARTESIAN_POINT('',(-74.5,32.50000005,49.5));
#1864 = VECTOR('',#1865,1.);
#1865 = DIRECTION('',(1.110223024625E-16,0.,-1.));
#1866 = PCURVE('',#519,#1867);
#1867 = DEFINITIONAL_REPRESENTATION('',(#1868),#1872);
#1868 = LINE('',#1869,#1870);
#1869 = CARTESIAN_POINT('',(6.,10.5));
#1870 = VECTOR('',#1871,1.);
#1871 = DIRECTION('',(0.,1.));
#1872 = ( GEOMETRIC_REPRESENTATION_CONTEXT(2) 
PARAMETRIC_REPRESENTATION_CONTEXT() REPRESENTATION_CONTEXT('2D SPACE',''
  ) );
#1873 = PCURVE('',#1874,#1879);
#1874 = PLANE('',#1875);
#1875 = AXIS2_PLACEMENT_3D('',#1876,#1877,#1878);
#1876 = CARTESIAN_POINT('',(-74.5,-17.49999995,60.));
#1877 = DIRECTION('',(1.,0.,1.110223024625E-16));
#1878 = DIRECTION('',(1.110223024625E-16,0.,-1.));
#1879 = DEFINITIONAL_REPRESENTATION('',(#1880),#1884);
#1880 = LINE('',#1881,#1882);
#1881 = CARTESIAN_POINT('',(10.5,50.));
#1882 = VECTOR('',#1883,1.);
#1883 = DIRECTION('',(1.,0.));
#1884 = ( GEOMETRIC_REPRESENTATION_CONTEXT(2) 
PARAMETRIC_REPRESENTATION_CONTEXT() REPRESENTATION_CONTEXT('2D SPACE',''
  ) );
#1885 = ORIENTED_EDGE('',*,*,#1886,.F.);
#1886 = EDGE_CURVE('',#725,#1859,#1887,.T.);
#1887 = SURFACE_CURVE('',#1888,(#1892,#1899),.PCURVE_S1.);
#1888 = LINE('',#1889,#1890);
#1889 = CARTESIAN_POINT('',(-80.5,32.50000005,1.5));
#1890 = VECTOR('',#1891,1.);
#1891 = DIRECTION('',(1.,0.,1.110223024625E-16));
#1892 = PCURVE('',#519,#1893);
#1893 = DEFINITIONAL_REPRESENTATION('',(#1894),#1898);
#1894 = LINE('',#1895,#1896);
#1895 = CARTESIAN_POINT('',(7.716050021145E-15,58.5));
#1896 = VECTOR('',#1897,1.);
#1897 = DIRECTION('',(1.,0.));
#1898 = ( GEOMETRIC_REPRESENTATION_CONTEXT(2) 
PARAMETRIC_REPRESENTATION_CONTEXT() REPRESENTATION_CONTEXT('2D SPACE',''
  ) );
#1899 = PCURVE('',#745,#1900);
#1900 = DEFINITIONAL_REPRESENTATION('',(#1901),#1905);
#1901 = LINE('',#1902,#1903);
#1902 = CARTESIAN_POINT('',(-0.,0.));
#1903 = VECTOR('',#1904,1.);
#1904 = DIRECTION('',(-0.,1.));
#1905 = ( GEOMETRIC_REPRESENTATION_CONTEXT(2) 
PARAMETRIC_REPRESENTATION_CONTEXT() REPRESENTATION_CONTEXT('2D SPACE',''
  ) );
#1906 = ADVANCED_FACE('',(#1907),#430,.T.);
#1907 = FACE_BOUND('',#1908,.T.);
#1908 = EDGE_LOOP('',(#1909,#1910,#1911,#1932));
#1909 = ORIENTED_EDGE('',*,*,#1808,.F.);
#1910 = ORIENTED_EDGE('',*,*,#1693,.T.);
#1911 = ORIENTED_EDGE('',*,*,#1912,.T.);
#1912 = EDGE_CURVE('',#1694,#414,#1913,.T.);
#1913 = SURFACE_CURVE('',#1914,(#1918,#1925),.PCURVE_S1.);
#1914 = LINE('',#1915,#1916);
#1915 = CARTESIAN_POINT('',(-74.5,-15.99999995,48.));
#1916 = VECTOR('',#1917,1.);
#1917 = DIRECTION('',(1.,0.,1.110223024625E-16));
#1918 = PCURVE('',#430,#1919);
#1919 = DEFINITIONAL_REPRESENTATION('',(#1920),#1924);
#1920 = LINE('',#1921,#1922);
#1921 = CARTESIAN_POINT('',(1.570796326795,0.));
#1922 = VECTOR('',#1923,1.);
#1923 = DIRECTION('',(0.,1.));
#1924 = ( GEOMETRIC_REPRESENTATION_CONTEXT(2) 
PARAMETRIC_REPRESENTATION_CONTEXT() REPRESENTATION_CONTEXT('2D SPACE',''
  ) );
#1925 = PCURVE('',#458,#1926);
#1926 = DEFINITIONAL_REPRESENTATION('',(#1927),#1931);
#1927 = LINE('',#1928,#1929);
#1928 = CARTESIAN_POINT('',(0.,-1.5));
#1929 = VECTOR('',#1930,1.);
#1930 = DIRECTION('',(1.,0.));
#1931 = ( GEOMETRIC_REPRESENTATION_CONTEXT(2) 
PARAMETRIC_REPRESENTATION_CONTEXT() REPRESENTATION_CONTEXT('2D SPACE',''
  ) );
#1932 = ORIENTED_EDGE('',*,*,#413,.F.);
#1933 = ADVANCED_FACE('',(#1934),#491,.T.);
#1934 = FACE_BOUND('',#1935,.F.);
#1935 = EDGE_LOOP('',(#1936,#1964,#1985,#1986));
#1936 = ORIENTED_EDGE('',*,*,#1937,.T.);
#1937 = EDGE_CURVE('',#1836,#1938,#1940,.T.);
#1938 = VERTEX_POINT('',#1939);
#1939 = CARTESIAN_POINT('',(-74.5,31.00000005,48.));
#1940 = SURFACE_CURVE('',#1941,(#1946,#1953),.PCURVE_S1.);
#1941 = CIRCLE('',#1942,1.5);
#1942 = AXIS2_PLACEMENT_3D('',#1943,#1944,#1945);
#1943 = CARTESIAN_POINT('',(-74.5,31.00000005,49.5));
#1944 = DIRECTION('',(-1.,-0.,-1.110223024625E-16));
#1945 = DIRECTION('',(0.,-1.,0.));
#1946 = PCURVE('',#491,#1947);
#1947 = DEFINITIONAL_REPRESENTATION('',(#1948),#1952);
#1948 = LINE('',#1949,#1950);
#1949 = CARTESIAN_POINT('',(3.14159265359,-0.));
#1950 = VECTOR('',#1951,1.);
#1951 = DIRECTION('',(-1.,0.));
#1952 = ( GEOMETRIC_REPRESENTATION_CONTEXT(2) 
PARAMETRIC_REPRESENTATION_CONTEXT() REPRESENTATION_CONTEXT('2D SPACE',''
  ) );
#1953 = PCURVE('',#1874,#1954);
#1954 = DEFINITIONAL_REPRESENTATION('',(#1955),#1963);
#1955 = ( BOUNDED_CURVE() B_SPLINE_CURVE(2,(#1956,#1957,#1958,#1959,
#1960,#1961,#1962),.UNSPECIFIED.,.T.,.F.) B_SPLINE_CURVE_WITH_KNOTS((1,2
    ,2,2,2,1),(-2.094395102393,0.,2.094395102393,4.188790204786,
6.28318530718,8.377580409573),.UNSPECIFIED.) CURVE() 
GEOMETRIC_REPRESENTATION_ITEM() RATIONAL_B_SPLINE_CURVE((1.,0.5,1.,0.5,
1.,0.5,1.)) REPRESENTATION_ITEM('') );
#1956 = CARTESIAN_POINT('',(10.5,47.));
#1957 = CARTESIAN_POINT('',(7.901923788647,47.));
#1958 = CARTESIAN_POINT('',(9.200961894323,49.25));
#1959 = CARTESIAN_POINT('',(10.5,51.5));
#1960 = CARTESIAN_POINT('',(11.799038105677,49.25));
#1961 = CARTESIAN_POINT('',(13.098076211353,47.));
#1962 = CARTESIAN_POINT('',(10.5,47.));
#1963 = ( GEOMETRIC_REPRESENTATION_CONTEXT(2) 
PARAMETRIC_REPRESENTATION_CONTEXT() REPRESENTATION_CONTEXT('2D SPACE',''
  ) );
#1964 = ORIENTED_EDGE('',*,*,#1965,.T.);
#1965 = EDGE_CURVE('',#1938,#443,#1966,.T.);
#1966 = SURFACE_CURVE('',#1967,(#1971,#1978),.PCURVE_S1.);
#1967 = LINE('',#1968,#1969);
#1968 = CARTESIAN_POINT('',(-74.5,31.00000005,48.));
#1969 = VECTOR('',#1970,1.);
#1970 = DIRECTION('',(1.,0.,1.110223024625E-16));
#1971 = PCURVE('',#491,#1972);
#1972 = DEFINITIONAL_REPRESENTATION('',(#1973),#1977);
#1973 = LINE('',#1974,#1975);
#1974 = CARTESIAN_POINT('',(-1.570796326795,0.));
#1975 = VECTOR('',#1976,1.);
#1976 = DIRECTION('',(-0.,1.));
#1977 = ( GEOMETRIC_REPRESENTATION_CONTEXT(2) 
PARAMETRIC_REPRESENTATION_CONTEXT() REPRESENTATION_CONTEXT('2D SPACE',''
  ) );
#1978 = PCURVE('',#458,#1979);
#1979 = DEFINITIONAL_REPRESENTATION('',(#1980),#1984);
#1980 = LINE('',#1981,#1982);
#1981 = CARTESIAN_POINT('',(0.,-48.5));
#1982 = VECTOR('',#1983,1.);
#1983 = DIRECTION('',(1.,0.));
#1984 = ( GEOMETRIC_REPRESENTATION_CONTEXT(2) 
PARAMETRIC_REPRESENTATION_CONTEXT() REPRESENTATION_CONTEXT('2D SPACE',''
  ) );
#1985 = ORIENTED_EDGE('',*,*,#470,.F.);
#1986 = ORIENTED_EDGE('',*,*,#1835,.F.);
#1987 = ADVANCED_FACE('',(#1988),#458,.T.);
#1988 = FACE_BOUND('',#1989,.T.);
#1989 = EDGE_LOOP('',(#1990,#1991,#1992,#1993,#2014,#2015,#2038,#2061,
    #2089,#2117,#2145,#2166));
#1990 = ORIENTED_EDGE('',*,*,#442,.F.);
#1991 = ORIENTED_EDGE('',*,*,#1912,.F.);
#1992 = ORIENTED_EDGE('',*,*,#1749,.T.);
#1993 = ORIENTED_EDGE('',*,*,#1994,.T.);
#1994 = EDGE_CURVE('',#1370,#1450,#1995,.T.);
#1995 = SURFACE_CURVE('',#1996,(#2000,#2007),.PCURVE_S1.);
#1996 = LINE('',#1997,#1998);
#1997 = CARTESIAN_POINT('',(-12.,7.50000005,48.));
#1998 = VECTOR('',#1999,1.);
#1999 = DIRECTION('',(-1.,0.,-1.110223024625E-16));
#2000 = PCURVE('',#458,#2001);
#2001 = DEFINITIONAL_REPRESENTATION('',(#2002),#2006);
#2002 = LINE('',#2003,#2004);
#2003 = CARTESIAN_POINT('',(62.5,-25.));
#2004 = VECTOR('',#2005,1.);
#2005 = DIRECTION('',(-1.,-0.));
#2006 = ( GEOMETRIC_REPRESENTATION_CONTEXT(2) 
PARAMETRIC_REPRESENTATION_CONTEXT() REPRESENTATION_CONTEXT('2D SPACE',''
  ) );
#2007 = PCURVE('',#1386,#2008);
#2008 = DEFINITIONAL_REPRESENTATION('',(#2009),#2013);
#2009 = LINE('',#2010,#2011);
#2010 = CARTESIAN_POINT('',(62.5,6.));
#2011 = VECTOR('',#2012,1.);
#2012 = DIRECTION('',(1.,0.));
#2013 = ( GEOMETRIC_REPRESENTATION_CONTEXT(2) 
PARAMETRIC_REPRESENTATION_CONTEXT() REPRESENTATION_CONTEXT('2D SPACE',''
  ) );
#2014 = ORIENTED_EDGE('',*,*,#1473,.F.);
#2015 = ORIENTED_EDGE('',*,*,#2016,.F.);
#2016 = EDGE_CURVE('',#2017,#1474,#2019,.T.);
#2017 = VERTEX_POINT('',#2018);
#2018 = CARTESIAN_POINT('',(-74.5,-15.99999995,48.));
#2019 = SURFACE_CURVE('',#2020,(#2024,#2031),.PCURVE_S1.);
#2020 = LINE('',#2021,#2022);
#2021 = CARTESIAN_POINT('',(-74.5,-15.99999995,48.));
#2022 = VECTOR('',#2023,1.);
#2023 = DIRECTION('',(1.,0.,1.110223024625E-16));
#2024 = PCURVE('',#458,#2025);
#2025 = DEFINITIONAL_REPRESENTATION('',(#2026),#2030);
#2026 = LINE('',#2027,#2028);
#2027 = CARTESIAN_POINT('',(0.,-1.5));
#2028 = VECTOR('',#2029,1.);
#2029 = DIRECTION('',(1.,0.));
#2030 = ( GEOMETRIC_REPRESENTATION_CONTEXT(2) 
PARAMETRIC_REPRESENTATION_CONTEXT() REPRESENTATION_CONTEXT('2D SPACE',''
  ) );
#2031 = PCURVE('',#1534,#2032);
#2032 = DEFINITIONAL_REPRESENTATION('',(#2033),#2037);
#2033 = LINE('',#2034,#2035);
#2034 = CARTESIAN_POINT('',(1.570796326795,0.));
#2035 = VECTOR('',#2036,1.);
#2036 = DIRECTION('',(0.,1.));
#2037 = ( GEOMETRIC_REPRESENTATION_CONTEXT(2) 
PARAMETRIC_REPRESENTATION_CONTEXT() REPRESENTATION_CONTEXT('2D SPACE',''
  ) );
#2038 = ORIENTED_EDGE('',*,*,#2039,.T.);
#2039 = EDGE_CURVE('',#2017,#2040,#2042,.T.);
#2040 = VERTEX_POINT('',#2041);
#2041 = CARTESIAN_POINT('',(-74.5,-11.99999995,48.));
#2042 = SURFACE_CURVE('',#2043,(#2047,#2054),.PCURVE_S1.);
#2043 = LINE('',#2044,#2045);
#2044 = CARTESIAN_POINT('',(-74.5,-17.49999995,48.));
#2045 = VECTOR('',#2046,1.);
#2046 = DIRECTION('',(0.,1.,0.));
#2047 = PCURVE('',#458,#2048);
#2048 = DEFINITIONAL_REPRESENTATION('',(#2049),#2053);
#2049 = LINE('',#2050,#2051);
#2050 = CARTESIAN_POINT('',(0.,0.));
#2051 = VECTOR('',#2052,1.);
#2052 = DIRECTION('',(0.,-1.));
#2053 = ( GEOMETRIC_REPRESENTATION_CONTEXT(2) 
PARAMETRIC_REPRESENTATION_CONTEXT() REPRESENTATION_CONTEXT('2D SPACE',''
  ) );
#2054 = PCURVE('',#1874,#2055);
#2055 = DEFINITIONAL_REPRESENTATION('',(#2056),#2060);
#2056 = LINE('',#2057,#2058);
#2057 = CARTESIAN_POINT('',(12.,0.));
#2058 = VECTOR('',#2059,1.);
#2059 = DIRECTION('',(0.,1.));
#2060 = ( GEOMETRIC_REPRESENTATION_CONTEXT(2) 
PARAMETRIC_REPRESENTATION_CONTEXT() REPRESENTATION_CONTEXT('2D SPACE',''
  ) );
#2061 = ORIENTED_EDGE('',*,*,#2062,.F.);
#2062 = EDGE_CURVE('',#2063,#2040,#2065,.T.);
#2063 = VERTEX_POINT('',#2064);
#2064 = CARTESIAN_POINT('',(-14.5,-11.99999995,48.));
#2065 = SURFACE_CURVE('',#2066,(#2070,#2077),.PCURVE_S1.);
#2066 = LINE('',#2067,#2068);
#2067 = CARTESIAN_POINT('',(-14.5,-11.99999995,48.));
#2068 = VECTOR('',#2069,1.);
#2069 = DIRECTION('',(-1.,0.,-1.268060571204E-16));
#2070 = PCURVE('',#458,#2071);
#2071 = DEFINITIONAL_REPRESENTATION('',(#2072),#2076);
#2072 = LINE('',#2073,#2074);
#2073 = CARTESIAN_POINT('',(60.,-5.5));
#2074 = VECTOR('',#2075,1.);
#2075 = DIRECTION('',(-1.,-0.));
#2076 = ( GEOMETRIC_REPRESENTATION_CONTEXT(2) 
PARAMETRIC_REPRESENTATION_CONTEXT() REPRESENTATION_CONTEXT('2D SPACE',''
  ) );
#2077 = PCURVE('',#2078,#2083);
#2078 = CYLINDRICAL_SURFACE('',#2079,1.5);
#2079 = AXIS2_PLACEMENT_3D('',#2080,#2081,#2082);
#2080 = CARTESIAN_POINT('',(-14.5,-11.99999995,46.5));
#2081 = DIRECTION('',(-1.,0.,-1.268060571204E-16));
#2082 = DIRECTION('',(-1.268060571204E-16,-0.,1.));
#2083 = DEFINITIONAL_REPRESENTATION('',(#2084),#2088);
#2084 = LINE('',#2085,#2086);
#2085 = CARTESIAN_POINT('',(0.,0.));
#2086 = VECTOR('',#2087,1.);
#2087 = DIRECTION('',(0.,1.));
#2088 = ( GEOMETRIC_REPRESENTATION_CONTEXT(2) 
PARAMETRIC_REPRESENTATION_CONTEXT() REPRESENTATION_CONTEXT('2D SPACE',''
  ) );
#2089 = ORIENTED_EDGE('',*,*,#2090,.T.);
#2090 = EDGE_CURVE('',#2063,#2091,#2093,.T.);
#2091 = VERTEX_POINT('',#2092);
#2092 = CARTESIAN_POINT('',(-14.5,3.00000005,48.));
#2093 = SURFACE_CURVE('',#2094,(#2098,#2105),.PCURVE_S1.);
#2094 = LINE('',#2095,#2096);
#2095 = CARTESIAN_POINT('',(-14.5,-11.99999995,48.));
#2096 = VECTOR('',#2097,1.);
#2097 = DIRECTION('',(0.,1.,0.));
#2098 = PCURVE('',#458,#2099);
#2099 = DEFINITIONAL_REPRESENTATION('',(#2100),#2104);
#2100 = LINE('',#2101,#2102);
#2101 = CARTESIAN_POINT('',(60.,-5.5));
#2102 = VECTOR('',#2103,1.);
#2103 = DIRECTION('',(0.,-1.));
#2104 = ( GEOMETRIC_REPRESENTATION_CONTEXT(2) 
PARAMETRIC_REPRESENTATION_CONTEXT() REPRESENTATION_CONTEXT('2D SPACE',''
  ) );
#2105 = PCURVE('',#2106,#2111);
#2106 = PLANE('',#2107);
#2107 = AXIS2_PLACEMENT_3D('',#2108,#2109,#2110);
#2108 = CARTESIAN_POINT('',(-74.5,1.50000005,8.));
#2109 = DIRECTION('',(-0.554700196225,-0.,0.832050294338));
#2110 = DIRECTION('',(0.832050294338,0.,0.554700196225));
#2111 = DEFINITIONAL_REPRESENTATION('',(#2112),#2116);
#2112 = LINE('',#2113,#2114);
#2113 = CARTESIAN_POINT('',(72.11102550928,-13.5));
#2114 = VECTOR('',#2115,1.);
#2115 = DIRECTION('',(0.,1.));
#2116 = ( GEOMETRIC_REPRESENTATION_CONTEXT(2) 
PARAMETRIC_REPRESENTATION_CONTEXT() REPRESENTATION_CONTEXT('2D SPACE',''
  ) );
#2117 = ORIENTED_EDGE('',*,*,#2118,.T.);
#2118 = EDGE_CURVE('',#2091,#2119,#2121,.T.);
#2119 = VERTEX_POINT('',#2120);
#2120 = CARTESIAN_POINT('',(-74.5,3.00000005,48.));
#2121 = SURFACE_CURVE('',#2122,(#2126,#2133),.PCURVE_S1.);
#2122 = LINE('',#2123,#2124);
#2123 = CARTESIAN_POINT('',(-14.5,3.00000005,48.));
#2124 = VECTOR('',#2125,1.);
#2125 = DIRECTION('',(-1.,0.,-1.268060571204E-16));
#2126 = PCURVE('',#458,#2127);
#2127 = DEFINITIONAL_REPRESENTATION('',(#2128),#2132);
#2128 = LINE('',#2129,#2130);
#2129 = CARTESIAN_POINT('',(60.,-20.5));
#2130 = VECTOR('',#2131,1.);
#2131 = DIRECTION('',(-1.,-0.));
#2132 = ( GEOMETRIC_REPRESENTATION_CONTEXT(2) 
PARAMETRIC_REPRESENTATION_CONTEXT() REPRESENTATION_CONTEXT('2D SPACE',''
  ) );
#2133 = PCURVE('',#2134,#2139);
#2134 = CYLINDRICAL_SURFACE('',#2135,1.5);
#2135 = AXIS2_PLACEMENT_3D('',#2136,#2137,#2138);
#2136 = CARTESIAN_POINT('',(-14.5,3.00000005,46.5));
#2137 = DIRECTION('',(-1.,0.,-1.268060571204E-16));
#2138 = DIRECTION('',(-1.268060571204E-16,-0.,1.));
#2139 = DEFINITIONAL_REPRESENTATION('',(#2140),#2144);
#2140 = LINE('',#2141,#2142);
#2141 = CARTESIAN_POINT('',(-0.,0.));
#2142 = VECTOR('',#2143,1.);
#2143 = DIRECTION('',(-0.,1.));
#2144 = ( GEOMETRIC_REPRESENTATION_CONTEXT(2) 
PARAMETRIC_REPRESENTATION_CONTEXT() REPRESENTATION_CONTEXT('2D SPACE',''
  ) );
#2145 = ORIENTED_EDGE('',*,*,#2146,.T.);
#2146 = EDGE_CURVE('',#2119,#1938,#2147,.T.);
#2147 = SURFACE_CURVE('',#2148,(#2152,#2159),.PCURVE_S1.);
#2148 = LINE('',#2149,#2150);
#2149 = CARTESIAN_POINT('',(-74.5,-17.49999995,48.));
#2150 = VECTOR('',#2151,1.);
#2151 = DIRECTION('',(0.,1.,0.));
#2152 = PCURVE('',#458,#2153);
#2153 = DEFINITIONAL_REPRESENTATION('',(#2154),#2158);
#2154 = LINE('',#2155,#2156);
#2155 = CARTESIAN_POINT('',(0.,0.));
#2156 = VECTOR('',#2157,1.);
#2157 = DIRECTION('',(0.,-1.));
#2158 = ( GEOMETRIC_REPRESENTATION_CONTEXT(2) 
PARAMETRIC_REPRESENTATION_CONTEXT() REPRESENTATION_CONTEXT('2D SPACE',''
  ) );
#2159 = PCURVE('',#1874,#2160);
#2160 = DEFINITIONAL_REPRESENTATION('',(#2161),#2165);
#2161 = LINE('',#2162,#2163);
#2162 = CARTESIAN_POINT('',(12.,0.));
#2163 = VECTOR('',#2164,1.);
#2164 = DIRECTION('',(0.,1.));
#2165 = ( GEOMETRIC_REPRESENTATION_CONTEXT(2) 
PARAMETRIC_REPRESENTATION_CONTEXT() REPRESENTATION_CONTEXT('2D SPACE',''
  ) );
#2166 = ORIENTED_EDGE('',*,*,#1965,.T.);
#2167 = ADVANCED_FACE('',(#2168),#655,.F.);
#2168 = FACE_BOUND('',#2169,.F.);
#2169 = EDGE_LOOP('',(#2170,#2171,#2192,#2193));
#2170 = ORIENTED_EDGE('',*,*,#867,.T.);
#2171 = ORIENTED_EDGE('',*,*,#2172,.F.);
#2172 = EDGE_CURVE('',#640,#868,#2173,.T.);
#2173 = SURFACE_CURVE('',#2174,(#2178,#2185),.PCURVE_S1.);
#2174 = LINE('',#2175,#2176);
#2175 = CARTESIAN_POINT('',(-80.5,13.80000005,1.5));
#2176 = VECTOR('',#2177,1.);
#2177 = DIRECTION('',(1.,0.,1.110223024625E-16));
#2178 = PCURVE('',#655,#2179);
#2179 = DEFINITIONAL_REPRESENTATION('',(#2180),#2184);
#2180 = LINE('',#2181,#2182);
#2181 = CARTESIAN_POINT('',(1.000000000012E-03,59.5));
#2182 = VECTOR('',#2183,1.);
#2183 = DIRECTION('',(1.,0.));
#2184 = ( GEOMETRIC_REPRESENTATION_CONTEXT(2) 
PARAMETRIC_REPRESENTATION_CONTEXT() REPRESENTATION_CONTEXT('2D SPACE',''
  ) );
#2185 = PCURVE('',#684,#2186);
#2186 = DEFINITIONAL_REPRESENTATION('',(#2187),#2191);
#2187 = LINE('',#2188,#2189);
#2188 = CARTESIAN_POINT('',(0.,0.));
#2189 = VECTOR('',#2190,1.);
#2190 = DIRECTION('',(0.,1.));
#2191 = ( GEOMETRIC_REPRESENTATION_CONTEXT(2) 
PARAMETRIC_REPRESENTATION_CONTEXT() REPRESENTATION_CONTEXT('2D SPACE',''
  ) );
#2192 = ORIENTED_EDGE('',*,*,#639,.T.);
#2193 = ORIENTED_EDGE('',*,*,#818,.T.);
#2194 = ADVANCED_FACE('',(#2195),#684,.T.);
#2195 = FACE_BOUND('',#2196,.T.);
#2196 = EDGE_LOOP('',(#2197,#2198,#2219,#2220));
#2197 = ORIENTED_EDGE('',*,*,#667,.T.);
#2198 = ORIENTED_EDGE('',*,*,#2199,.T.);
#2199 = EDGE_CURVE('',#668,#982,#2200,.T.);
#2200 = SURFACE_CURVE('',#2201,(#2205,#2212),.PCURVE_S1.);
#2201 = LINE('',#2202,#2203);
#2202 = CARTESIAN_POINT('',(-80.5,15.30000005,0.));
#2203 = VECTOR('',#2204,1.);
#2204 = DIRECTION('',(1.,0.,1.110223024625E-16));
#2205 = PCURVE('',#684,#2206);
#2206 = DEFINITIONAL_REPRESENTATION('',(#2207),#2211);
#2207 = LINE('',#2208,#2209);
#2208 = CARTESIAN_POINT('',(1.570796326795,0.));
#2209 = VECTOR('',#2210,1.);
#2210 = DIRECTION('',(0.,1.));
#2211 = ( GEOMETRIC_REPRESENTATION_CONTEXT(2) 
PARAMETRIC_REPRESENTATION_CONTEXT() REPRESENTATION_CONTEXT('2D SPACE',''
  ) );
#2212 = PCURVE('',#712,#2213);
#2213 = DEFINITIONAL_REPRESENTATION('',(#2214),#2218);
#2214 = LINE('',#2215,#2216);
#2215 = CARTESIAN_POINT('',(0.,-32.8));
#2216 = VECTOR('',#2217,1.);
#2217 = DIRECTION('',(1.,0.));
#2218 = ( GEOMETRIC_REPRESENTATION_CONTEXT(2) 
PARAMETRIC_REPRESENTATION_CONTEXT() REPRESENTATION_CONTEXT('2D SPACE',''
  ) );
#2219 = ORIENTED_EDGE('',*,*,#1004,.F.);
#2220 = ORIENTED_EDGE('',*,*,#2172,.F.);
#2221 = ADVANCED_FACE('',(#2222),#745,.T.);
#2222 = FACE_BOUND('',#2223,.F.);
#2223 = EDGE_LOOP('',(#2224,#2225,#2248,#2274));
#2224 = ORIENTED_EDGE('',*,*,#724,.T.);
#2225 = ORIENTED_EDGE('',*,*,#2226,.T.);
#2226 = EDGE_CURVE('',#697,#2227,#2229,.T.);
#2227 = VERTEX_POINT('',#2228);
#2228 = CARTESIAN_POINT('',(-74.5,31.00000005,0.));
#2229 = SURFACE_CURVE('',#2230,(#2234,#2241),.PCURVE_S1.);
#2230 = LINE('',#2231,#2232);
#2231 = CARTESIAN_POINT('',(-80.5,31.00000005,0.));
#2232 = VECTOR('',#2233,1.);
#2233 = DIRECTION('',(1.,0.,1.110223024625E-16));
#2234 = PCURVE('',#745,#2235);
#2235 = DEFINITIONAL_REPRESENTATION('',(#2236),#2240);
#2236 = LINE('',#2237,#2238);
#2237 = CARTESIAN_POINT('',(-1.570796326795,0.));
#2238 = VECTOR('',#2239,1.);
#2239 = DIRECTION('',(-0.,1.));
#2240 = ( GEOMETRIC_REPRESENTATION_CONTEXT(2) 
PARAMETRIC_REPRESENTATION_CONTEXT() REPRESENTATION_CONTEXT('2D SPACE',''
  ) );
#2241 = PCURVE('',#712,#2242);
#2242 = DEFINITIONAL_REPRESENTATION('',(#2243),#2247);
#2243 = LINE('',#2244,#2245);
#2244 = CARTESIAN_POINT('',(0.,-48.5));
#2245 = VECTOR('',#2246,1.);
#2246 = DIRECTION('',(1.,0.));
#2247 = ( GEOMETRIC_REPRESENTATION_CONTEXT(2) 
PARAMETRIC_REPRESENTATION_CONTEXT() REPRESENTATION_CONTEXT('2D SPACE',''
  ) );
#2248 = ORIENTED_EDGE('',*,*,#2249,.F.);
#2249 = EDGE_CURVE('',#1859,#2227,#2250,.T.);
#2250 = SURFACE_CURVE('',#2251,(#2256,#2263),.PCURVE_S1.);
#2251 = CIRCLE('',#2252,1.5);
#2252 = AXIS2_PLACEMENT_3D('',#2253,#2254,#2255);
#2253 = CARTESIAN_POINT('',(-74.5,31.00000005,1.5));
#2254 = DIRECTION('',(-1.,-0.,-1.110223024625E-16));
#2255 = DIRECTION('',(0.,-1.,0.));
#2256 = PCURVE('',#745,#2257);
#2257 = DEFINITIONAL_REPRESENTATION('',(#2258),#2262);
#2258 = LINE('',#2259,#2260);
#2259 = CARTESIAN_POINT('',(3.14159265359,6.));
#2260 = VECTOR('',#2261,1.);
#2261 = DIRECTION('',(-1.,0.));
#2262 = ( GEOMETRIC_REPRESENTATION_CONTEXT(2) 
PARAMETRIC_REPRESENTATION_CONTEXT() REPRESENTATION_CONTEXT('2D SPACE',''
  ) );
#2263 = PCURVE('',#1874,#2264);
#2264 = DEFINITIONAL_REPRESENTATION('',(#2265),#2273);
#2265 = ( BOUNDED_CURVE() B_SPLINE_CURVE(2,(#2266,#2267,#2268,#2269,
#2270,#2271,#2272),.UNSPECIFIED.,.T.,.F.) B_SPLINE_CURVE_WITH_KNOTS((1,2
    ,2,2,2,1),(-2.094395102393,0.,2.094395102393,4.188790204786,
6.28318530718,8.377580409573),.UNSPECIFIED.) CURVE() 
GEOMETRIC_REPRESENTATION_ITEM() RATIONAL_B_SPLINE_CURVE((1.,0.5,1.,0.5,
1.,0.5,1.)) REPRESENTATION_ITEM('') );
#2266 = CARTESIAN_POINT('',(58.5,47.));
#2267 = CARTESIAN_POINT('',(55.901923788647,47.));
#2268 = CARTESIAN_POINT('',(57.200961894323,49.25));
#2269 = CARTESIAN_POINT('',(58.5,51.5));
#2270 = CARTESIAN_POINT('',(59.799038105677,49.25));
#2271 = CARTESIAN_POINT('',(61.098076211353,47.));
#2272 = CARTESIAN_POINT('',(58.5,47.));
#2273 = ( GEOMETRIC_REPRESENTATION_CONTEXT(2) 
PARAMETRIC_REPRESENTATION_CONTEXT() REPRESENTATION_CONTEXT('2D SPACE',''
  ) );
#2274 = ORIENTED_EDGE('',*,*,#1886,.F.);
#2275 = ADVANCED_FACE('',(#2276),#712,.T.);
#2276 = FACE_BOUND('',#2277,.T.);
#2277 = EDGE_LOOP('',(#2278,#2301,#2322,#2323,#2344,#2345,#2346,#2347));
#2278 = ORIENTED_EDGE('',*,*,#2279,.F.);
#2279 = EDGE_CURVE('',#2280,#2227,#2282,.T.);
#2280 = VERTEX_POINT('',#2281);
#2281 = CARTESIAN_POINT('',(-74.5,-15.99999995,0.));
#2282 = SURFACE_CURVE('',#2283,(#2287,#2294),.PCURVE_S1.);
#2283 = LINE('',#2284,#2285);
#2284 = CARTESIAN_POINT('',(-74.5,-17.49999995,0.));
#2285 = VECTOR('',#2286,1.);
#2286 = DIRECTION('',(0.,1.,0.));
#2287 = PCURVE('',#712,#2288);
#2288 = DEFINITIONAL_REPRESENTATION('',(#2289),#2293);
#2289 = LINE('',#2290,#2291);
#2290 = CARTESIAN_POINT('',(6.,0.));
#2291 = VECTOR('',#2292,1.);
#2292 = DIRECTION('',(0.,-1.));
#2293 = ( GEOMETRIC_REPRESENTATION_CONTEXT(2) 
PARAMETRIC_REPRESENTATION_CONTEXT() REPRESENTATION_CONTEXT('2D SPACE',''
  ) );
#2294 = PCURVE('',#1874,#2295);
#2295 = DEFINITIONAL_REPRESENTATION('',(#2296),#2300);
#2296 = LINE('',#2297,#2298);
#2297 = CARTESIAN_POINT('',(60.,0.));
#2298 = VECTOR('',#2299,1.);
#2299 = DIRECTION('',(0.,1.));
#2300 = ( GEOMETRIC_REPRESENTATION_CONTEXT(2) 
PARAMETRIC_REPRESENTATION_CONTEXT() REPRESENTATION_CONTEXT('2D SPACE',''
  ) );
#2301 = ORIENTED_EDGE('',*,*,#2302,.F.);
#2302 = EDGE_CURVE('',#1137,#2280,#2303,.T.);
#2303 = SURFACE_CURVE('',#2304,(#2308,#2315),.PCURVE_S1.);
#2304 = LINE('',#2305,#2306);
#2305 = CARTESIAN_POINT('',(-80.5,-15.99999995,0.));
#2306 = VECTOR('',#2307,1.);
#2307 = DIRECTION('',(1.,0.,1.110223024625E-16));
#2308 = PCURVE('',#712,#2309);
#2309 = DEFINITIONAL_REPRESENTATION('',(#2310),#2314);
#2310 = LINE('',#2311,#2312);
#2311 = CARTESIAN_POINT('',(0.,-1.5));
#2312 = VECTOR('',#2313,1.);
#2313 = DIRECTION('',(1.,0.));
#2314 = ( GEOMETRIC_REPRESENTATION_CONTEXT(2) 
PARAMETRIC_REPRESENTATION_CONTEXT() REPRESENTATION_CONTEXT('2D SPACE',''
  ) );
#2315 = PCURVE('',#1153,#2316);
#2316 = DEFINITIONAL_REPRESENTATION('',(#2317),#2321);
#2317 = LINE('',#2318,#2319);
#2318 = CARTESIAN_POINT('',(1.570796326795,0.));
#2319 = VECTOR('',#2320,1.);
#2320 = DIRECTION('',(0.,1.));
#2321 = ( GEOMETRIC_REPRESENTATION_CONTEXT(2) 
PARAMETRIC_REPRESENTATION_CONTEXT() REPRESENTATION_CONTEXT('2D SPACE',''
  ) );
#2322 = ORIENTED_EDGE('',*,*,#1165,.T.);
#2323 = ORIENTED_EDGE('',*,*,#2324,.T.);
#2324 = EDGE_CURVE('',#1166,#949,#2325,.T.);
#2325 = SURFACE_CURVE('',#2326,(#2330,#2337),.PCURVE_S1.);
#2326 = LINE('',#2327,#2328);
#2327 = CARTESIAN_POINT('',(-80.5,-0.29999995,0.));
#2328 = VECTOR('',#2329,1.);
#2329 = DIRECTION('',(1.,0.,1.110223024625E-16));
#2330 = PCURVE('',#712,#2331);
#2331 = DEFINITIONAL_REPRESENTATION('',(#2332),#2336);
#2332 = LINE('',#2333,#2334);
#2333 = CARTESIAN_POINT('',(0.,-17.2));
#2334 = VECTOR('',#2335,1.);
#2335 = DIRECTION('',(1.,0.));
#2336 = ( GEOMETRIC_REPRESENTATION_CONTEXT(2) 
PARAMETRIC_REPRESENTATION_CONTEXT() REPRESENTATION_CONTEXT('2D SPACE',''
  ) );
#2337 = PCURVE('',#969,#2338);
#2338 = DEFINITIONAL_REPRESENTATION('',(#2339),#2343);
#2339 = LINE('',#2340,#2341);
#2340 = CARTESIAN_POINT('',(-1.570796326795,0.));
#2341 = VECTOR('',#2342,1.);
#2342 = DIRECTION('',(-0.,1.));
#2343 = ( GEOMETRIC_REPRESENTATION_CONTEXT(2) 
PARAMETRIC_REPRESENTATION_CONTEXT() REPRESENTATION_CONTEXT('2D SPACE',''
  ) );
#2344 = ORIENTED_EDGE('',*,*,#981,.F.);
#2345 = ORIENTED_EDGE('',*,*,#2199,.F.);
#2346 = ORIENTED_EDGE('',*,*,#696,.T.);
#2347 = ORIENTED_EDGE('',*,*,#2226,.T.);
#2348 = ADVANCED_FACE('',(#2349),#802,.F.);
#2349 = FACE_BOUND('',#2350,.T.);
#2350 = EDGE_LOOP('',(#2351,#2374,#2375,#2376));
#2351 = ORIENTED_EDGE('',*,*,#2352,.F.);
#2352 = EDGE_CURVE('',#782,#2353,#2355,.T.);
#2353 = VERTEX_POINT('',#2354);
#2354 = CARTESIAN_POINT('',(-75.5,22.50000005,27.85));
#2355 = SEAM_CURVE('',#2356,(#2360,#2367),.PCURVE_S1.);
#2356 = LINE('',#2357,#2358);
#2357 = CARTESIAN_POINT('',(-81.5,22.50000005,27.85));
#2358 = VECTOR('',#2359,1.);
#2359 = DIRECTION('',(1.,0.,1.110223024625E-16));
#2360 = PCURVE('',#802,#2361);
#2361 = DEFINITIONAL_REPRESENTATION('',(#2362),#2366);
#2362 = LINE('',#2363,#2364);
#2363 = CARTESIAN_POINT('',(-6.28318530718,0.));
#2364 = VECTOR('',#2365,1.);
#2365 = DIRECTION('',(-0.,-1.));
#2366 = ( GEOMETRIC_REPRESENTATION_CONTEXT(2) 
PARAMETRIC_REPRESENTATION_CONTEXT() REPRESENTATION_CONTEXT('2D SPACE',''
  ) );
#2367 = PCURVE('',#802,#2368);
#2368 = DEFINITIONAL_REPRESENTATION('',(#2369),#2373);
#2369 = LINE('',#2370,#2371);
#2370 = CARTESIAN_POINT('',(-0.,0.));
#2371 = VECTOR('',#2372,1.);
#2372 = DIRECTION('',(-0.,-1.));
#2373 = ( GEOMETRIC_REPRESENTATION_CONTEXT(2) 
PARAMETRIC_REPRESENTATION_CONTEXT() REPRESENTATION_CONTEXT('2D SPACE',''
  ) );
#2374 = ORIENTED_EDGE('',*,*,#781,.T.);
#2375 = ORIENTED_EDGE('',*,*,#2352,.T.);
#2376 = ORIENTED_EDGE('',*,*,#2377,.T.);
#2377 = EDGE_CURVE('',#2353,#2353,#2378,.T.);
#2378 = SURFACE_CURVE('',#2379,(#2384,#2391),.PCURVE_S1.);
#2379 = CIRCLE('',#2380,2.15);
#2380 = AXIS2_PLACEMENT_3D('',#2381,#2382,#2383);
#2381 = CARTESIAN_POINT('',(-75.5,22.50000005,30.));
#2382 = DIRECTION('',(1.,-0.,1.110223024625E-16));
#2383 = DIRECTION('',(1.110223024625E-16,0.,-1.));
#2384 = PCURVE('',#802,#2385);
#2385 = DEFINITIONAL_REPRESENTATION('',(#2386),#2390);
#2386 = LINE('',#2387,#2388);
#2387 = CARTESIAN_POINT('',(-0.,-6.));
#2388 = VECTOR('',#2389,1.);
#2389 = DIRECTION('',(-1.,0.));
#2390 = ( GEOMETRIC_REPRESENTATION_CONTEXT(2) 
PARAMETRIC_REPRESENTATION_CONTEXT() REPRESENTATION_CONTEXT('2D SPACE',''
  ) );
#2391 = PCURVE('',#2392,#2397);
#2392 = CONICAL_SURFACE('',#2393,2.65,0.785398163397);
#2393 = AXIS2_PLACEMENT_3D('',#2394,#2395,#2396);
#2394 = CARTESIAN_POINT('',(-75.,22.50000005,30.));
#2395 = DIRECTION('',(1.,0.,1.110223024625E-16));
#2396 = DIRECTION('',(1.110223024625E-16,0.,-1.));
#2397 = DEFINITIONAL_REPRESENTATION('',(#2398),#2402);
#2398 = LINE('',#2399,#2400);
#2399 = CARTESIAN_POINT('',(0.,-0.5));
#2400 = VECTOR('',#2401,1.);
#2401 = DIRECTION('',(1.,-0.));
#2402 = ( GEOMETRIC_REPRESENTATION_CONTEXT(2) 
PARAMETRIC_REPRESENTATION_CONTEXT() REPRESENTATION_CONTEXT('2D SPACE',''
  ) );
#2403 = ADVANCED_FACE('',(#2404),#936,.T.);
#2404 = FACE_BOUND('',#2405,.T.);
#2405 = EDGE_LOOP('',(#2406,#2407,#2428,#2429));
#2406 = ORIENTED_EDGE('',*,*,#920,.T.);
#2407 = ORIENTED_EDGE('',*,*,#2408,.F.);
#2408 = EDGE_CURVE('',#1189,#921,#2409,.T.);
#2409 = SURFACE_CURVE('',#2410,(#2414,#2421),.PCURVE_S1.);
#2410 = LINE('',#2411,#2412);
#2411 = CARTESIAN_POINT('',(-80.5,1.20000005,1.5));
#2412 = VECTOR('',#2413,1.);
#2413 = DIRECTION('',(1.,0.,1.110223024625E-16));
#2414 = PCURVE('',#936,#2415);
#2415 = DEFINITIONAL_REPRESENTATION('',(#2416),#2420);
#2416 = LINE('',#2417,#2418);
#2417 = CARTESIAN_POINT('',(1.000000000012E-03,59.5));
#2418 = VECTOR('',#2419,1.);
#2419 = DIRECTION('',(1.,0.));
#2420 = ( GEOMETRIC_REPRESENTATION_CONTEXT(2) 
PARAMETRIC_REPRESENTATION_CONTEXT() REPRESENTATION_CONTEXT('2D SPACE',''
  ) );
#2421 = PCURVE('',#969,#2422);
#2422 = DEFINITIONAL_REPRESENTATION('',(#2423),#2427);
#2423 = LINE('',#2424,#2425);
#2424 = CARTESIAN_POINT('',(-0.,0.));
#2425 = VECTOR('',#2426,1.);
#2426 = DIRECTION('',(-0.,1.));
#2427 = ( GEOMETRIC_REPRESENTATION_CONTEXT(2) 
PARAMETRIC_REPRESENTATION_CONTEXT() REPRESENTATION_CONTEXT('2D SPACE',''
  ) );
#2428 = ORIENTED_EDGE('',*,*,#1216,.T.);
#2429 = ORIENTED_EDGE('',*,*,#1057,.T.);
#2430 = ADVANCED_FACE('',(#2431),#969,.T.);
#2431 = FACE_BOUND('',#2432,.F.);
#2432 = EDGE_LOOP('',(#2433,#2434,#2435,#2436));
#2433 = ORIENTED_EDGE('',*,*,#1188,.T.);
#2434 = ORIENTED_EDGE('',*,*,#2324,.T.);
#2435 = ORIENTED_EDGE('',*,*,#948,.F.);
#2436 = ORIENTED_EDGE('',*,*,#2408,.F.);
#2437 = ADVANCED_FACE('',(#2438),#1124,.F.);
#2438 = FACE_BOUND('',#2439,.F.);
#2439 = EDGE_LOOP('',(#2440,#2441,#2442,#2443,#2466,#2489));
#2440 = ORIENTED_EDGE('',*,*,#1108,.F.);
#2441 = ORIENTED_EDGE('',*,*,#1278,.T.);
#2442 = ORIENTED_EDGE('',*,*,#1557,.F.);
#2443 = ORIENTED_EDGE('',*,*,#2444,.F.);
#2444 = EDGE_CURVE('',#2445,#1497,#2447,.T.);
#2445 = VERTEX_POINT('',#2446);
#2446 = CARTESIAN_POINT('',(-74.5,-17.49999995,49.5));
#2447 = SURFACE_CURVE('',#2448,(#2452,#2459),.PCURVE_S1.);
#2448 = LINE('',#2449,#2450);
#2449 = CARTESIAN_POINT('',(-74.5,-17.49999995,49.5));
#2450 = VECTOR('',#2451,1.);
#2451 = DIRECTION('',(1.,0.,1.110223024625E-16));
#2452 = PCURVE('',#1124,#2453);
#2453 = DEFINITIONAL_REPRESENTATION('',(#2454),#2458);
#2454 = LINE('',#2455,#2456);
#2455 = CARTESIAN_POINT('',(6.,10.5));
#2456 = VECTOR('',#2457,1.);
#2457 = DIRECTION('',(1.,0.));
#2458 = ( GEOMETRIC_REPRESENTATION_CONTEXT(2) 
PARAMETRIC_REPRESENTATION_CONTEXT() REPRESENTATION_CONTEXT('2D SPACE',''
  ) );
#2459 = PCURVE('',#1534,#2460);
#2460 = DEFINITIONAL_REPRESENTATION('',(#2461),#2465);
#2461 = LINE('',#2462,#2463);
#2462 = CARTESIAN_POINT('',(0.,0.));
#2463 = VECTOR('',#2464,1.);
#2464 = DIRECTION('',(0.,1.));
#2465 = ( GEOMETRIC_REPRESENTATION_CONTEXT(2) 
PARAMETRIC_REPRESENTATION_CONTEXT() REPRESENTATION_CONTEXT('2D SPACE',''
  ) );
#2466 = ORIENTED_EDGE('',*,*,#2467,.F.);
#2467 = EDGE_CURVE('',#2468,#2445,#2470,.T.);
#2468 = VERTEX_POINT('',#2469);
#2469 = CARTESIAN_POINT('',(-74.5,-17.49999995,1.5));
#2470 = SURFACE_CURVE('',#2471,(#2475,#2482),.PCURVE_S1.);
#2471 = LINE('',#2472,#2473);
#2472 = CARTESIAN_POINT('',(-74.5,-17.49999995,1.5));
#2473 = VECTOR('',#2474,1.);
#2474 = DIRECTION('',(-1.110223024625E-16,0.,1.));
#2475 = PCURVE('',#1124,#2476);
#2476 = DEFINITIONAL_REPRESENTATION('',(#2477),#2481);
#2477 = LINE('',#2478,#2479);
#2478 = CARTESIAN_POINT('',(6.,58.5));
#2479 = VECTOR('',#2480,1.);
#2480 = DIRECTION('',(0.,-1.));
#2481 = ( GEOMETRIC_REPRESENTATION_CONTEXT(2) 
PARAMETRIC_REPRESENTATION_CONTEXT() REPRESENTATION_CONTEXT('2D SPACE',''
  ) );
#2482 = PCURVE('',#1874,#2483);
#2483 = DEFINITIONAL_REPRESENTATION('',(#2484),#2488);
#2484 = LINE('',#2485,#2486);
#2485 = CARTESIAN_POINT('',(58.5,0.));
#2486 = VECTOR('',#2487,1.);
#2487 = DIRECTION('',(-1.,0.));
#2488 = ( GEOMETRIC_REPRESENTATION_CONTEXT(2) 
PARAMETRIC_REPRESENTATION_CONTEXT() REPRESENTATION_CONTEXT('2D SPACE',''
  ) );
#2489 = ORIENTED_EDGE('',*,*,#2490,.F.);
#2490 = EDGE_CURVE('',#1109,#2468,#2491,.T.);
#2491 = SURFACE_CURVE('',#2492,(#2496,#2503),.PCURVE_S1.);
#2492 = LINE('',#2493,#2494);
#2493 = CARTESIAN_POINT('',(-80.5,-17.49999995,1.5));
#2494 = VECTOR('',#2495,1.);
#2495 = DIRECTION('',(1.,0.,1.110223024625E-16));
#2496 = PCURVE('',#1124,#2497);
#2497 = DEFINITIONAL_REPRESENTATION('',(#2498),#2502);
#2498 = LINE('',#2499,#2500);
#2499 = CARTESIAN_POINT('',(7.716050021145E-15,58.5));
#2500 = VECTOR('',#2501,1.);
#2501 = DIRECTION('',(1.,0.));
#2502 = ( GEOMETRIC_REPRESENTATION_CONTEXT(2) 
PARAMETRIC_REPRESENTATION_CONTEXT() REPRESENTATION_CONTEXT('2D SPACE',''
  ) );
#2503 = PCURVE('',#1153,#2504);
#2504 = DEFINITIONAL_REPRESENTATION('',(#2505),#2509);
#2505 = LINE('',#2506,#2507);
#2506 = CARTESIAN_POINT('',(0.,0.));
#2507 = VECTOR('',#2508,1.);
#2508 = DIRECTION('',(0.,1.));
#2509 = ( GEOMETRIC_REPRESENTATION_CONTEXT(2) 
PARAMETRIC_REPRESENTATION_CONTEXT() REPRESENTATION_CONTEXT('2D SPACE',''
  ) );
#2510 = ADVANCED_FACE('',(#2511),#1153,.T.);
#2511 = FACE_BOUND('',#2512,.T.);
#2512 = EDGE_LOOP('',(#2513,#2514,#2515,#2537));
#2513 = ORIENTED_EDGE('',*,*,#1136,.T.);
#2514 = ORIENTED_EDGE('',*,*,#2302,.T.);
#2515 = ORIENTED_EDGE('',*,*,#2516,.F.);
#2516 = EDGE_CURVE('',#2468,#2280,#2517,.T.);
#2517 = SURFACE_CURVE('',#2518,(#2523,#2530),.PCURVE_S1.);
#2518 = CIRCLE('',#2519,1.5);
#2519 = AXIS2_PLACEMENT_3D('',#2520,#2521,#2522);
#2520 = CARTESIAN_POINT('',(-74.5,-15.99999995,1.5));
#2521 = DIRECTION('',(1.,0.,1.110223024625E-16));
#2522 = DIRECTION('',(0.,-1.,0.));
#2523 = PCURVE('',#1153,#2524);
#2524 = DEFINITIONAL_REPRESENTATION('',(#2525),#2529);
#2525 = LINE('',#2526,#2527);
#2526 = CARTESIAN_POINT('',(0.,6.));
#2527 = VECTOR('',#2528,1.);
#2528 = DIRECTION('',(1.,0.));
#2529 = ( GEOMETRIC_REPRESENTATION_CONTEXT(2) 
PARAMETRIC_REPRESENTATION_CONTEXT() REPRESENTATION_CONTEXT('2D SPACE',''
  ) );
#2530 = PCURVE('',#1874,#2531);
#2531 = DEFINITIONAL_REPRESENTATION('',(#2532),#2536);
#2532 = CIRCLE('',#2533,1.5);
#2533 = AXIS2_PLACEMENT_2D('',#2534,#2535);
#2534 = CARTESIAN_POINT('',(58.5,1.5));
#2535 = DIRECTION('',(0.,-1.));
#2536 = ( GEOMETRIC_REPRESENTATION_CONTEXT(2) 
PARAMETRIC_REPRESENTATION_CONTEXT() REPRESENTATION_CONTEXT('2D SPACE',''
  ) );
#2537 = ORIENTED_EDGE('',*,*,#2490,.F.);
#2538 = ADVANCED_FACE('',(#2539),#1261,.F.);
#2539 = FACE_BOUND('',#2540,.T.);
#2540 = EDGE_LOOP('',(#2541,#2564,#2565,#2566));
#2541 = ORIENTED_EDGE('',*,*,#2542,.F.);
#2542 = EDGE_CURVE('',#1241,#2543,#2545,.T.);
#2543 = VERTEX_POINT('',#2544);
#2544 = CARTESIAN_POINT('',(-75.5,-7.49999995,27.85));
#2545 = SEAM_CURVE('',#2546,(#2550,#2557),.PCURVE_S1.);
#2546 = LINE('',#2547,#2548);
#2547 = CARTESIAN_POINT('',(-81.5,-7.49999995,27.85));
#2548 = VECTOR('',#2549,1.);
#2549 = DIRECTION('',(1.,0.,1.110223024625E-16));
#2550 = PCURVE('',#1261,#2551);
#2551 = DEFINITIONAL_REPRESENTATION('',(#2552),#2556);
#2552 = LINE('',#2553,#2554);
#2553 = CARTESIAN_POINT('',(-6.28318530718,0.));
#2554 = VECTOR('',#2555,1.);
#2555 = DIRECTION('',(-0.,-1.));
#2556 = ( GEOMETRIC_REPRESENTATION_CONTEXT(2) 
PARAMETRIC_REPRESENTATION_CONTEXT() REPRESENTATION_CONTEXT('2D SPACE',''
  ) );
#2557 = PCURVE('',#1261,#2558);
#2558 = DEFINITIONAL_REPRESENTATION('',(#2559),#2563);
#2559 = LINE('',#2560,#2561);
#2560 = CARTESIAN_POINT('',(-0.,0.));
#2561 = VECTOR('',#2562,1.);
#2562 = DIRECTION('',(-0.,-1.));
#2563 = ( GEOMETRIC_REPRESENTATION_CONTEXT(2) 
PARAMETRIC_REPRESENTATION_CONTEXT() REPRESENTATION_CONTEXT('2D SPACE',''
  ) );
#2564 = ORIENTED_EDGE('',*,*,#1240,.T.);
#2565 = ORIENTED_EDGE('',*,*,#2542,.T.);
#2566 = ORIENTED_EDGE('',*,*,#2567,.T.);
#2567 = EDGE_CURVE('',#2543,#2543,#2568,.T.);
#2568 = SURFACE_CURVE('',#2569,(#2574,#2581),.PCURVE_S1.);
#2569 = CIRCLE('',#2570,2.15);
#2570 = AXIS2_PLACEMENT_3D('',#2571,#2572,#2573);
#2571 = CARTESIAN_POINT('',(-75.5,-7.49999995,30.));
#2572 = DIRECTION('',(1.,-0.,1.110223024625E-16));
#2573 = DIRECTION('',(1.110223024625E-16,0.,-1.));
#2574 = PCURVE('',#1261,#2575);
#2575 = DEFINITIONAL_REPRESENTATION('',(#2576),#2580);
#2576 = LINE('',#2577,#2578);
#2577 = CARTESIAN_POINT('',(-0.,-6.));
#2578 = VECTOR('',#2579,1.);
#2579 = DIRECTION('',(-1.,0.));
#2580 = ( GEOMETRIC_REPRESENTATION_CONTEXT(2) 
PARAMETRIC_REPRESENTATION_CONTEXT() REPRESENTATION_CONTEXT('2D SPACE',''
  ) );
#2581 = PCURVE('',#2582,#2587);
#2582 = CONICAL_SURFACE('',#2583,2.65,0.785398163397);
#2583 = AXIS2_PLACEMENT_3D('',#2584,#2585,#2586);
#2584 = CARTESIAN_POINT('',(-75.,-7.49999995,30.));
#2585 = DIRECTION('',(1.,0.,1.110223024625E-16));
#2586 = DIRECTION('',(1.110223024625E-16,0.,-1.));
#2587 = DEFINITIONAL_REPRESENTATION('',(#2588),#2592);
#2588 = LINE('',#2589,#2590);
#2589 = CARTESIAN_POINT('',(0.,-0.5));
#2590 = VECTOR('',#2591,1.);
#2591 = DIRECTION('',(1.,-0.));
#2592 = ( GEOMETRIC_REPRESENTATION_CONTEXT(2) 
PARAMETRIC_REPRESENTATION_CONTEXT() REPRESENTATION_CONTEXT('2D SPACE',''
  ) );
#2593 = ADVANCED_FACE('',(#2594),#1386,.F.);
#2594 = FACE_BOUND('',#2595,.F.);
#2595 = EDGE_LOOP('',(#2596,#2597,#2598));
#2596 = ORIENTED_EDGE('',*,*,#1449,.T.);
#2597 = ORIENTED_EDGE('',*,*,#1367,.T.);
#2598 = ORIENTED_EDGE('',*,*,#1994,.T.);
#2599 = ADVANCED_FACE('',(#2600),#1534,.T.);
#2600 = FACE_BOUND('',#2601,.T.);
#2601 = EDGE_LOOP('',(#2602,#2603,#2625,#2626));
#2602 = ORIENTED_EDGE('',*,*,#2444,.F.);
#2603 = ORIENTED_EDGE('',*,*,#2604,.T.);
#2604 = EDGE_CURVE('',#2445,#2017,#2605,.T.);
#2605 = SURFACE_CURVE('',#2606,(#2611,#2618),.PCURVE_S1.);
#2606 = CIRCLE('',#2607,1.5);
#2607 = AXIS2_PLACEMENT_3D('',#2608,#2609,#2610);
#2608 = CARTESIAN_POINT('',(-74.5,-15.99999995,49.5));
#2609 = DIRECTION('',(1.,0.,1.110223024625E-16));
#2610 = DIRECTION('',(0.,-1.,0.));
#2611 = PCURVE('',#1534,#2612);
#2612 = DEFINITIONAL_REPRESENTATION('',(#2613),#2617);
#2613 = LINE('',#2614,#2615);
#2614 = CARTESIAN_POINT('',(0.,0.));
#2615 = VECTOR('',#2616,1.);
#2616 = DIRECTION('',(1.,0.));
#2617 = ( GEOMETRIC_REPRESENTATION_CONTEXT(2) 
PARAMETRIC_REPRESENTATION_CONTEXT() REPRESENTATION_CONTEXT('2D SPACE',''
  ) );
#2618 = PCURVE('',#1874,#2619);
#2619 = DEFINITIONAL_REPRESENTATION('',(#2620),#2624);
#2620 = CIRCLE('',#2621,1.5);
#2621 = AXIS2_PLACEMENT_2D('',#2622,#2623);
#2622 = CARTESIAN_POINT('',(10.5,1.5));
#2623 = DIRECTION('',(0.,-1.));
#2624 = ( GEOMETRIC_REPRESENTATION_CONTEXT(2) 
PARAMETRIC_REPRESENTATION_CONTEXT() REPRESENTATION_CONTEXT('2D SPACE',''
  ) );
#2625 = ORIENTED_EDGE('',*,*,#2016,.T.);
#2626 = ORIENTED_EDGE('',*,*,#1496,.F.);
#2627 = ADVANCED_FACE('',(#2628,#2631),#1436,.T.);
#2628 = FACE_BOUND('',#2629,.T.);
#2629 = EDGE_LOOP('',(#2630));
#2630 = ORIENTED_EDGE('',*,*,#1421,.T.);
#2631 = FACE_BOUND('',#2632,.T.);
#2632 = EDGE_LOOP('',(#2633));
#2633 = ORIENTED_EDGE('',*,*,#2634,.T.);
#2634 = EDGE_CURVE('',#2635,#2635,#2637,.T.);
#2635 = VERTEX_POINT('',#2636);
#2636 = CARTESIAN_POINT('',(50.5,-32.49999995,51.1));
#2637 = SURFACE_CURVE('',#2638,(#2643,#2654),.PCURVE_S1.);
#2638 = CIRCLE('',#2639,2.9);
#2639 = AXIS2_PLACEMENT_3D('',#2640,#2641,#2642);
#2640 = CARTESIAN_POINT('',(50.5,-32.49999995,54.));
#2641 = DIRECTION('',(0.,1.,0.));
#2642 = DIRECTION('',(1.110223024625E-16,0.,-1.));
#2643 = PCURVE('',#1436,#2644);
#2644 = DEFINITIONAL_REPRESENTATION('',(#2645),#2653);
#2645 = ( BOUNDED_CURVE() B_SPLINE_CURVE(2,(#2646,#2647,#2648,#2649,
#2650,#2651,#2652),.UNSPECIFIED.,.T.,.F.) B_SPLINE_CURVE_WITH_KNOTS((1,2
    ,2,2,2,1),(-2.094395102393,0.,2.094395102393,4.188790204786,
6.28318530718,8.377580409573),.UNSPECIFIED.) CURVE() 
GEOMETRIC_REPRESENTATION_ITEM() RATIONAL_B_SPLINE_CURVE((1.,0.5,1.,0.5,
1.,0.5,1.)) REPRESENTATION_ITEM('') );
#2646 = CARTESIAN_POINT('',(0.,2.9));
#2647 = CARTESIAN_POINT('',(5.02294734195,2.9));
#2648 = CARTESIAN_POINT('',(2.511473670975,-1.45));
#2649 = CARTESIAN_POINT('',(7.102951435055E-16,-5.8));
#2650 = CARTESIAN_POINT('',(-2.511473670975,-1.45));
#2651 = CARTESIAN_POINT('',(-5.02294734195,2.9));
#2652 = CARTESIAN_POINT('',(0.,2.9));
#2653 = ( GEOMETRIC_REPRESENTATION_CONTEXT(2) 
PARAMETRIC_REPRESENTATION_CONTEXT() REPRESENTATION_CONTEXT('2D SPACE',''
  ) );
#2654 = PCURVE('',#2655,#2660);
#2655 = CYLINDRICAL_SURFACE('',#2656,2.9);
#2656 = AXIS2_PLACEMENT_3D('',#2657,#2658,#2659);
#2657 = CARTESIAN_POINT('',(50.5,7.50000005,54.));
#2658 = DIRECTION('',(0.,1.,0.));
#2659 = DIRECTION('',(1.110223024625E-16,0.,-1.));
#2660 = DEFINITIONAL_REPRESENTATION('',(#2661),#2665);
#2661 = LINE('',#2662,#2663);
#2662 = CARTESIAN_POINT('',(-6.28318530718,-40.));
#2663 = VECTOR('',#2664,1.);
#2664 = DIRECTION('',(1.,-0.));
#2665 = ( GEOMETRIC_REPRESENTATION_CONTEXT(2) 
PARAMETRIC_REPRESENTATION_CONTEXT() REPRESENTATION_CONTEXT('2D SPACE',''
  ) );
#2666 = ADVANCED_FACE('',(#2667,#2807),#1874,.T.);
#2667 = FACE_BOUND('',#2668,.T.);
#2668 = EDGE_LOOP('',(#2669,#2670,#2671,#2672,#2673,#2674,#2675,#2676,
    #2677,#2678,#2702,#2730,#2753,#2781));
#2669 = ORIENTED_EDGE('',*,*,#2039,.F.);
#2670 = ORIENTED_EDGE('',*,*,#2604,.F.);
#2671 = ORIENTED_EDGE('',*,*,#2467,.F.);
#2672 = ORIENTED_EDGE('',*,*,#2516,.T.);
#2673 = ORIENTED_EDGE('',*,*,#2279,.T.);
#2674 = ORIENTED_EDGE('',*,*,#2249,.F.);
#2675 = ORIENTED_EDGE('',*,*,#1858,.F.);
#2676 = ORIENTED_EDGE('',*,*,#1937,.T.);
#2677 = ORIENTED_EDGE('',*,*,#2146,.F.);
#2678 = ORIENTED_EDGE('',*,*,#2679,.T.);
#2679 = EDGE_CURVE('',#2119,#2680,#2682,.T.);
#2680 = VERTEX_POINT('',#2681);
#2681 = CARTESIAN_POINT('',(-74.5,1.50000005,46.5));
#2682 = SURFACE_CURVE('',#2683,(#2688,#2695),.PCURVE_S1.);
#2683 = CIRCLE('',#2684,1.5);
#2684 = AXIS2_PLACEMENT_3D('',#2685,#2686,#2687);
#2685 = CARTESIAN_POINT('',(-74.5,3.00000005,46.5));
#2686 = DIRECTION('',(1.,-0.,1.268060571204E-16));
#2687 = DIRECTION('',(1.268060571204E-16,0.,-1.));
#2688 = PCURVE('',#1874,#2689);
#2689 = DEFINITIONAL_REPRESENTATION('',(#2690),#2694);
#2690 = CIRCLE('',#2691,1.5);
#2691 = AXIS2_PLACEMENT_2D('',#2692,#2693);
#2692 = CARTESIAN_POINT('',(13.5,20.5));
#2693 = DIRECTION('',(1.,0.));
#2694 = ( GEOMETRIC_REPRESENTATION_CONTEXT(2) 
PARAMETRIC_REPRESENTATION_CONTEXT() REPRESENTATION_CONTEXT('2D SPACE',''
  ) );
#2695 = PCURVE('',#2134,#2696);
#2696 = DEFINITIONAL_REPRESENTATION('',(#2697),#2701);
#2697 = LINE('',#2698,#2699);
#2698 = CARTESIAN_POINT('',(3.14159265359,60.));
#2699 = VECTOR('',#2700,1.);
#2700 = DIRECTION('',(-1.,0.));
#2701 = ( GEOMETRIC_REPRESENTATION_CONTEXT(2) 
PARAMETRIC_REPRESENTATION_CONTEXT() REPRESENTATION_CONTEXT('2D SPACE',''
  ) );
#2702 = ORIENTED_EDGE('',*,*,#2703,.T.);
#2703 = EDGE_CURVE('',#2680,#2704,#2706,.T.);
#2704 = VERTEX_POINT('',#2705);
#2705 = CARTESIAN_POINT('',(-74.5,1.50000005,8.));
#2706 = SURFACE_CURVE('',#2707,(#2711,#2718),.PCURVE_S1.);
#2707 = LINE('',#2708,#2709);
#2708 = CARTESIAN_POINT('',(-74.5,1.50000005,48.));
#2709 = VECTOR('',#2710,1.);
#2710 = DIRECTION('',(1.110223024625E-16,0.,-1.));
#2711 = PCURVE('',#1874,#2712);
#2712 = DEFINITIONAL_REPRESENTATION('',(#2713),#2717);
#2713 = LINE('',#2714,#2715);
#2714 = CARTESIAN_POINT('',(12.,19.));
#2715 = VECTOR('',#2716,1.);
#2716 = DIRECTION('',(1.,0.));
#2717 = ( GEOMETRIC_REPRESENTATION_CONTEXT(2) 
PARAMETRIC_REPRESENTATION_CONTEXT() REPRESENTATION_CONTEXT('2D SPACE',''
  ) );
#2718 = PCURVE('',#2719,#2724);
#2719 = PLANE('',#2720);
#2720 = AXIS2_PLACEMENT_3D('',#2721,#2722,#2723);
#2721 = CARTESIAN_POINT('',(-51.47224362268,1.50000005,34.97224362268));
#2722 = DIRECTION('',(-0.,-1.,0.));
#2723 = DIRECTION('',(-1.,0.,-1.110223024625E-16));
#2724 = DEFINITIONAL_REPRESENTATION('',(#2725),#2729);
#2725 = LINE('',#2726,#2727);
#2726 = CARTESIAN_POINT('',(23.02775637732,-13.02775637732));
#2727 = VECTOR('',#2728,1.);
#2728 = DIRECTION('',(0.,1.));
#2729 = ( GEOMETRIC_REPRESENTATION_CONTEXT(2) 
PARAMETRIC_REPRESENTATION_CONTEXT() REPRESENTATION_CONTEXT('2D SPACE',''
  ) );
#2730 = ORIENTED_EDGE('',*,*,#2731,.T.);
#2731 = EDGE_CURVE('',#2704,#2732,#2734,.T.);
#2732 = VERTEX_POINT('',#2733);
#2733 = CARTESIAN_POINT('',(-74.5,-10.49999995,8.));
#2734 = SURFACE_CURVE('',#2735,(#2739,#2746),.PCURVE_S1.);
#2735 = LINE('',#2736,#2737);
#2736 = CARTESIAN_POINT('',(-74.5,1.50000005,8.));
#2737 = VECTOR('',#2738,1.);
#2738 = DIRECTION('',(0.,-1.,0.));
#2739 = PCURVE('',#1874,#2740);
#2740 = DEFINITIONAL_REPRESENTATION('',(#2741),#2745);
#2741 = LINE('',#2742,#2743);
#2742 = CARTESIAN_POINT('',(52.,19.));
#2743 = VECTOR('',#2744,1.);
#2744 = DIRECTION('',(0.,-1.));
#2745 = ( GEOMETRIC_REPRESENTATION_CONTEXT(2) 
PARAMETRIC_REPRESENTATION_CONTEXT() REPRESENTATION_CONTEXT('2D SPACE',''
  ) );
#2746 = PCURVE('',#2106,#2747);
#2747 = DEFINITIONAL_REPRESENTATION('',(#2748),#2752);
#2748 = LINE('',#2749,#2750);
#2749 = CARTESIAN_POINT('',(0.,0.));
#2750 = VECTOR('',#2751,1.);
#2751 = DIRECTION('',(0.,-1.));
#2752 = ( GEOMETRIC_REPRESENTATION_CONTEXT(2) 
PARAMETRIC_REPRESENTATION_CONTEXT() REPRESENTATION_CONTEXT('2D SPACE',''
  ) );
#2753 = ORIENTED_EDGE('',*,*,#2754,.F.);
#2754 = EDGE_CURVE('',#2755,#2732,#2757,.T.);
#2755 = VERTEX_POINT('',#2756);
#2756 = CARTESIAN_POINT('',(-74.5,-10.49999995,46.5));
#2757 = SURFACE_CURVE('',#2758,(#2762,#2769),.PCURVE_S1.);
#2758 = LINE('',#2759,#2760);
#2759 = CARTESIAN_POINT('',(-74.5,-10.49999995,48.));
#2760 = VECTOR('',#2761,1.);
#2761 = DIRECTION('',(1.110223024625E-16,0.,-1.));
#2762 = PCURVE('',#1874,#2763);
#2763 = DEFINITIONAL_REPRESENTATION('',(#2764),#2768);
#2764 = LINE('',#2765,#2766);
#2765 = CARTESIAN_POINT('',(12.,7.));
#2766 = VECTOR('',#2767,1.);
#2767 = DIRECTION('',(1.,0.));
#2768 = ( GEOMETRIC_REPRESENTATION_CONTEXT(2) 
PARAMETRIC_REPRESENTATION_CONTEXT() REPRESENTATION_CONTEXT('2D SPACE',''
  ) );
#2769 = PCURVE('',#2770,#2775);
#2770 = PLANE('',#2771);
#2771 = AXIS2_PLACEMENT_3D('',#2772,#2773,#2774);
#2772 = CARTESIAN_POINT('',(-51.47224362268,-10.49999995,34.97224362268)
  );
#2773 = DIRECTION('',(-0.,-1.,0.));
#2774 = DIRECTION('',(-1.,0.,-1.110223024625E-16));
#2775 = DEFINITIONAL_REPRESENTATION('',(#2776),#2780);
#2776 = LINE('',#2777,#2778);
#2777 = CARTESIAN_POINT('',(23.02775637732,-13.02775637732));
#2778 = VECTOR('',#2779,1.);
#2779 = DIRECTION('',(0.,1.));
#2780 = ( GEOMETRIC_REPRESENTATION_CONTEXT(2) 
PARAMETRIC_REPRESENTATION_CONTEXT() REPRESENTATION_CONTEXT('2D SPACE',''
  ) );
#2781 = ORIENTED_EDGE('',*,*,#2782,.F.);
#2782 = EDGE_CURVE('',#2040,#2755,#2783,.T.);
#2783 = SURFACE_CURVE('',#2784,(#2789,#2800),.PCURVE_S1.);
#2784 = CIRCLE('',#2785,1.5);
#2785 = AXIS2_PLACEMENT_3D('',#2786,#2787,#2788);
#2786 = CARTESIAN_POINT('',(-74.5,-11.99999995,46.5));
#2787 = DIRECTION('',(-1.,-0.,-1.268060571204E-16));
#2788 = DIRECTION('',(1.268060571204E-16,0.,-1.));
#2789 = PCURVE('',#1874,#2790);
#2790 = DEFINITIONAL_REPRESENTATION('',(#2791),#2799);
#2791 = ( BOUNDED_CURVE() B_SPLINE_CURVE(2,(#2792,#2793,#2794,#2795,
#2796,#2797,#2798),.UNSPECIFIED.,.T.,.F.) B_SPLINE_CURVE_WITH_KNOTS((1,2
    ,2,2,2,1),(-2.094395102393,0.,2.094395102393,4.188790204786,
6.28318530718,8.377580409573),.UNSPECIFIED.) CURVE() 
GEOMETRIC_REPRESENTATION_ITEM() RATIONAL_B_SPLINE_CURVE((1.,0.5,1.,0.5,
1.,0.5,1.)) REPRESENTATION_ITEM('') );
#2792 = CARTESIAN_POINT('',(15.,5.5));
#2793 = CARTESIAN_POINT('',(15.,2.901923788647));
#2794 = CARTESIAN_POINT('',(12.75,4.200961894323));
#2795 = CARTESIAN_POINT('',(10.5,5.5));
#2796 = CARTESIAN_POINT('',(12.75,6.799038105677));
#2797 = CARTESIAN_POINT('',(15.,8.098076211353));
#2798 = CARTESIAN_POINT('',(15.,5.5));
#2799 = ( GEOMETRIC_REPRESENTATION_CONTEXT(2) 
PARAMETRIC_REPRESENTATION_CONTEXT() REPRESENTATION_CONTEXT('2D SPACE',''
  ) );
#2800 = PCURVE('',#2078,#2801);
#2801 = DEFINITIONAL_REPRESENTATION('',(#2802),#2806);
#2802 = LINE('',#2803,#2804);
#2803 = CARTESIAN_POINT('',(-3.14159265359,60.));
#2804 = VECTOR('',#2805,1.);
#2805 = DIRECTION('',(1.,0.));
#2806 = ( GEOMETRIC_REPRESENTATION_CONTEXT(2) 
PARAMETRIC_REPRESENTATION_CONTEXT() REPRESENTATION_CONTEXT('2D SPACE',''
  ) );
#2807 = FACE_BOUND('',#2808,.T.);
#2808 = EDGE_LOOP('',(#2809));
#2809 = ORIENTED_EDGE('',*,*,#2810,.T.);
#2810 = EDGE_CURVE('',#2811,#2811,#2813,.T.);
#2811 = VERTEX_POINT('',#2812);
#2812 = CARTESIAN_POINT('',(-74.5,22.50000005,27.85));
#2813 = SURFACE_CURVE('',#2814,(#2819,#2830),.PCURVE_S1.);
#2814 = CIRCLE('',#2815,2.15);
#2815 = AXIS2_PLACEMENT_3D('',#2816,#2817,#2818);
#2816 = CARTESIAN_POINT('',(-74.5,22.50000005,30.));
#2817 = DIRECTION('',(-1.,-0.,-1.110223024625E-16));
#2818 = DIRECTION('',(1.110223024625E-16,0.,-1.));
#2819 = PCURVE('',#1874,#2820);
#2820 = DEFINITIONAL_REPRESENTATION('',(#2821),#2829);
#2821 = ( BOUNDED_CURVE() B_SPLINE_CURVE(2,(#2822,#2823,#2824,#2825,
#2826,#2827,#2828),.UNSPECIFIED.,.T.,.F.) B_SPLINE_CURVE_WITH_KNOTS((1,2
    ,2,2,2,1),(-2.094395102393,0.,2.094395102393,4.188790204786,
6.28318530718,8.377580409573),.UNSPECIFIED.) CURVE() 
GEOMETRIC_REPRESENTATION_ITEM() RATIONAL_B_SPLINE_CURVE((1.,0.5,1.,0.5,
1.,0.5,1.)) REPRESENTATION_ITEM('') );
#2822 = CARTESIAN_POINT('',(32.15,40.));
#2823 = CARTESIAN_POINT('',(32.15,36.276090763727));
#2824 = CARTESIAN_POINT('',(28.925,38.138045381863));
#2825 = CARTESIAN_POINT('',(25.7,40.));
#2826 = CARTESIAN_POINT('',(28.925,41.861954618137));
#2827 = CARTESIAN_POINT('',(32.15,43.723909236273));
#2828 = CARTESIAN_POINT('',(32.15,40.));
#2829 = ( GEOMETRIC_REPRESENTATION_CONTEXT(2) 
PARAMETRIC_REPRESENTATION_CONTEXT() REPRESENTATION_CONTEXT('2D SPACE',''
  ) );
#2830 = PCURVE('',#2831,#2836);
#2831 = CYLINDRICAL_SURFACE('',#2832,2.15);
#2832 = AXIS2_PLACEMENT_3D('',#2833,#2834,#2835);
#2833 = CARTESIAN_POINT('',(-81.5,22.50000005,30.));
#2834 = DIRECTION('',(-1.,-0.,-1.110223024625E-16));
#2835 = DIRECTION('',(1.110223024625E-16,0.,-1.));
#2836 = DEFINITIONAL_REPRESENTATION('',(#2837),#2841);
#2837 = LINE('',#2838,#2839);
#2838 = CARTESIAN_POINT('',(-6.28318530718,-7.));
#2839 = VECTOR('',#2840,1.);
#2840 = DIRECTION('',(1.,-0.));
#2841 = ( GEOMETRIC_REPRESENTATION_CONTEXT(2) 
PARAMETRIC_REPRESENTATION_CONTEXT() REPRESENTATION_CONTEXT('2D SPACE',''
  ) );
#2842 = ADVANCED_FACE('',(#2843),#2134,.F.);
#2843 = FACE_BOUND('',#2844,.T.);
#2844 = EDGE_LOOP('',(#2845,#2876,#2897,#2898));
#2845 = ORIENTED_EDGE('',*,*,#2846,.T.);
#2846 = EDGE_CURVE('',#2091,#2847,#2849,.T.);
#2847 = VERTEX_POINT('',#2848);
#2848 = CARTESIAN_POINT('',(-16.75,1.50000005,46.5));
#2849 = SURFACE_CURVE('',#2850,(#2855,#2865),.PCURVE_S1.);
#2850 = ELLIPSE('',#2851,2.704163456598,1.5);
#2851 = AXIS2_PLACEMENT_3D('',#2852,#2853,#2854);
#2852 = CARTESIAN_POINT('',(-16.75,3.00000005,46.5));
#2853 = DIRECTION('',(0.554700196225,0.,-0.832050294338));
#2854 = DIRECTION('',(-0.832050294338,0.,-0.554700196225));
#2855 = PCURVE('',#2134,#2856);
#2856 = DEFINITIONAL_REPRESENTATION('',(#2857),#2864);
#2857 = B_SPLINE_CURVE_WITH_KNOTS('',5,(#2858,#2859,#2860,#2861,#2862,
    #2863),.UNSPECIFIED.,.F.,.F.,(6,6),(3.14159265359,4.712388980385),
  .PIECEWISE_BEZIER_KNOTS.);
#2858 = CARTESIAN_POINT('',(0.,2.22044604925E-16));
#2859 = CARTESIAN_POINT('',(-0.314159265359,-5.798415821098E-16));
#2860 = CARTESIAN_POINT('',(-0.628300163457,0.276762707174));
#2861 = CARTESIAN_POINT('',(-0.942475879417,0.835666408471));
#2862 = CARTESIAN_POINT('',(-1.256637061436,1.543141652942));
#2863 = CARTESIAN_POINT('',(-1.570796326795,2.25));
#2864 = ( GEOMETRIC_REPRESENTATION_CONTEXT(2) 
PARAMETRIC_REPRESENTATION_CONTEXT() REPRESENTATION_CONTEXT('2D SPACE',''
  ) );
#2865 = PCURVE('',#2106,#2866);
#2866 = DEFINITIONAL_REPRESENTATION('',(#2867),#2875);
#2867 = ( BOUNDED_CURVE() B_SPLINE_CURVE(2,(#2868,#2869,#2870,#2871,
#2872,#2873,#2874),.UNSPECIFIED.,.T.,.F.) B_SPLINE_CURVE_WITH_KNOTS((1,2
    ,2,2,2,1),(-2.094395102393,0.,2.094395102393,4.188790204786,
6.28318530718,8.377580409573),.UNSPECIFIED.) CURVE() 
GEOMETRIC_REPRESENTATION_ITEM() RATIONAL_B_SPLINE_CURVE((1.,0.5,1.,0.5,
1.,0.5,1.)) REPRESENTATION_ITEM('') );
#2868 = CARTESIAN_POINT('',(66.702698596084,1.5));
#2869 = CARTESIAN_POINT('',(66.702698596084,4.098076211353));
#2870 = CARTESIAN_POINT('',(70.758943780981,2.799038105677));
#2871 = CARTESIAN_POINT('',(74.815188965878,1.5));
#2872 = CARTESIAN_POINT('',(70.758943780981,0.200961894323));
#2873 = CARTESIAN_POINT('',(66.702698596084,-1.098076211353));
#2874 = CARTESIAN_POINT('',(66.702698596084,1.5));
#2875 = ( GEOMETRIC_REPRESENTATION_CONTEXT(2) 
PARAMETRIC_REPRESENTATION_CONTEXT() REPRESENTATION_CONTEXT('2D SPACE',''
  ) );
#2876 = ORIENTED_EDGE('',*,*,#2877,.T.);
#2877 = EDGE_CURVE('',#2847,#2680,#2878,.T.);
#2878 = SURFACE_CURVE('',#2879,(#2883,#2890),.PCURVE_S1.);
#2879 = LINE('',#2880,#2881);
#2880 = CARTESIAN_POINT('',(-14.5,1.50000005,46.5));
#2881 = VECTOR('',#2882,1.);
#2882 = DIRECTION('',(-1.,0.,-1.268060571204E-16));
#2883 = PCURVE('',#2134,#2884);
#2884 = DEFINITIONAL_REPRESENTATION('',(#2885),#2889);
#2885 = LINE('',#2886,#2887);
#2886 = CARTESIAN_POINT('',(-1.570796326795,0.));
#2887 = VECTOR('',#2888,1.);
#2888 = DIRECTION('',(-0.,1.));
#2889 = ( GEOMETRIC_REPRESENTATION_CONTEXT(2) 
PARAMETRIC_REPRESENTATION_CONTEXT() REPRESENTATION_CONTEXT('2D SPACE',''
  ) );
#2890 = PCURVE('',#2719,#2891);
#2891 = DEFINITIONAL_REPRESENTATION('',(#2892),#2896);
#2892 = LINE('',#2893,#2894);
#2893 = CARTESIAN_POINT('',(-36.97224362268,-11.52775637732));
#2894 = VECTOR('',#2895,1.);
#2895 = DIRECTION('',(1.,1.578375465785E-17));
#2896 = ( GEOMETRIC_REPRESENTATION_CONTEXT(2) 
PARAMETRIC_REPRESENTATION_CONTEXT() REPRESENTATION_CONTEXT('2D SPACE',''
  ) );
#2897 = ORIENTED_EDGE('',*,*,#2679,.F.);
#2898 = ORIENTED_EDGE('',*,*,#2118,.F.);
#2899 = ADVANCED_FACE('',(#2900),#2106,.F.);
#2900 = FACE_BOUND('',#2901,.F.);
#2901 = EDGE_LOOP('',(#2902,#2923,#2924,#2947,#2972,#2973));
#2902 = ORIENTED_EDGE('',*,*,#2903,.F.);
#2903 = EDGE_CURVE('',#2704,#2847,#2904,.T.);
#2904 = SURFACE_CURVE('',#2905,(#2909,#2916),.PCURVE_S1.);
#2905 = LINE('',#2906,#2907);
#2906 = CARTESIAN_POINT('',(-74.5,1.50000005,8.));
#2907 = VECTOR('',#2908,1.);
#2908 = DIRECTION('',(0.832050294338,0.,0.554700196225));
#2909 = PCURVE('',#2106,#2910);
#2910 = DEFINITIONAL_REPRESENTATION('',(#2911),#2915);
#2911 = LINE('',#2912,#2913);
#2912 = CARTESIAN_POINT('',(0.,0.));
#2913 = VECTOR('',#2914,1.);
#2914 = DIRECTION('',(1.,0.));
#2915 = ( GEOMETRIC_REPRESENTATION_CONTEXT(2) 
PARAMETRIC_REPRESENTATION_CONTEXT() REPRESENTATION_CONTEXT('2D SPACE',''
  ) );
#2916 = PCURVE('',#2719,#2917);
#2917 = DEFINITIONAL_REPRESENTATION('',(#2918),#2922);
#2918 = LINE('',#2919,#2920);
#2919 = CARTESIAN_POINT('',(23.02775637732,26.97224362268));
#2920 = VECTOR('',#2921,1.);
#2921 = DIRECTION('',(-0.832050294338,-0.554700196225));
#2922 = ( GEOMETRIC_REPRESENTATION_CONTEXT(2) 
PARAMETRIC_REPRESENTATION_CONTEXT() REPRESENTATION_CONTEXT('2D SPACE',''
  ) );
#2923 = ORIENTED_EDGE('',*,*,#2731,.T.);
#2924 = ORIENTED_EDGE('',*,*,#2925,.T.);
#2925 = EDGE_CURVE('',#2732,#2926,#2928,.T.);
#2926 = VERTEX_POINT('',#2927);
#2927 = CARTESIAN_POINT('',(-16.75,-10.49999995,46.5));
#2928 = SURFACE_CURVE('',#2929,(#2933,#2940),.PCURVE_S1.);
#2929 = LINE('',#2930,#2931);
#2930 = CARTESIAN_POINT('',(-74.5,-10.49999995,8.));
#2931 = VECTOR('',#2932,1.);
#2932 = DIRECTION('',(0.832050294338,0.,0.554700196225));
#2933 = PCURVE('',#2106,#2934);
#2934 = DEFINITIONAL_REPRESENTATION('',(#2935),#2939);
#2935 = LINE('',#2936,#2937);
#2936 = CARTESIAN_POINT('',(0.,-12.));
#2937 = VECTOR('',#2938,1.);
#2938 = DIRECTION('',(1.,0.));
#2939 = ( GEOMETRIC_REPRESENTATION_CONTEXT(2) 
PARAMETRIC_REPRESENTATION_CONTEXT() REPRESENTATION_CONTEXT('2D SPACE',''
  ) );
#2940 = PCURVE('',#2770,#2941);
#2941 = DEFINITIONAL_REPRESENTATION('',(#2942),#2946);
#2942 = LINE('',#2943,#2944);
#2943 = CARTESIAN_POINT('',(23.02775637732,26.97224362268));
#2944 = VECTOR('',#2945,1.);
#2945 = DIRECTION('',(-0.832050294338,-0.554700196225));
#2946 = ( GEOMETRIC_REPRESENTATION_CONTEXT(2) 
PARAMETRIC_REPRESENTATION_CONTEXT() REPRESENTATION_CONTEXT('2D SPACE',''
  ) );
#2947 = ORIENTED_EDGE('',*,*,#2948,.F.);
#2948 = EDGE_CURVE('',#2063,#2926,#2949,.T.);
#2949 = SURFACE_CURVE('',#2950,(#2955,#2962),.PCURVE_S1.);
#2950 = ELLIPSE('',#2951,2.704163456598,1.5);
#2951 = AXIS2_PLACEMENT_3D('',#2952,#2953,#2954);
#2952 = CARTESIAN_POINT('',(-16.75,-11.99999995,46.5));
#2953 = DIRECTION('',(-0.554700196225,0.,0.832050294338));
#2954 = DIRECTION('',(-0.832050294338,0.,-0.554700196225));
#2955 = PCURVE('',#2106,#2956);
#2956 = DEFINITIONAL_REPRESENTATION('',(#2957),#2961);
#2957 = ELLIPSE('',#2958,2.704163456598,1.5);
#2958 = AXIS2_PLACEMENT_2D('',#2959,#2960);
#2959 = CARTESIAN_POINT('',(69.406862052682,-13.5));
#2960 = DIRECTION('',(-1.,0.));
#2961 = ( GEOMETRIC_REPRESENTATION_CONTEXT(2) 
PARAMETRIC_REPRESENTATION_CONTEXT() REPRESENTATION_CONTEXT('2D SPACE',''
  ) );
#2962 = PCURVE('',#2078,#2963);
#2963 = DEFINITIONAL_REPRESENTATION('',(#2964),#2971);
#2964 = B_SPLINE_CURVE_WITH_KNOTS('',5,(#2965,#2966,#2967,#2968,#2969,
    #2970),.UNSPECIFIED.,.F.,.F.,(6,6),(3.14159265359,4.712388980385),
  .PIECEWISE_BEZIER_KNOTS.);
#2965 = CARTESIAN_POINT('',(0.,0.));
#2966 = CARTESIAN_POINT('',(0.314159265359,-6.37087456817E-16));
#2967 = CARTESIAN_POINT('',(0.628300163457,0.276762707174));
#2968 = CARTESIAN_POINT('',(0.942475879417,0.835666408471));
#2969 = CARTESIAN_POINT('',(1.256637061436,1.543141652942));
#2970 = CARTESIAN_POINT('',(1.570796326795,2.25));
#2971 = ( GEOMETRIC_REPRESENTATION_CONTEXT(2) 
PARAMETRIC_REPRESENTATION_CONTEXT() REPRESENTATION_CONTEXT('2D SPACE',''
  ) );
#2972 = ORIENTED_EDGE('',*,*,#2090,.T.);
#2973 = ORIENTED_EDGE('',*,*,#2846,.T.);
#2974 = ADVANCED_FACE('',(#2975),#2078,.F.);
#2975 = FACE_BOUND('',#2976,.F.);
#2976 = EDGE_LOOP('',(#2977,#2978,#2999,#3000));
#2977 = ORIENTED_EDGE('',*,*,#2948,.T.);
#2978 = ORIENTED_EDGE('',*,*,#2979,.T.);
#2979 = EDGE_CURVE('',#2926,#2755,#2980,.T.);
#2980 = SURFACE_CURVE('',#2981,(#2985,#2992),.PCURVE_S1.);
#2981 = LINE('',#2982,#2983);
#2982 = CARTESIAN_POINT('',(-14.5,-10.49999995,46.5));
#2983 = VECTOR('',#2984,1.);
#2984 = DIRECTION('',(-1.,0.,-1.268060571204E-16));
#2985 = PCURVE('',#2078,#2986);
#2986 = DEFINITIONAL_REPRESENTATION('',(#2987),#2991);
#2987 = LINE('',#2988,#2989);
#2988 = CARTESIAN_POINT('',(1.570796326795,0.));
#2989 = VECTOR('',#2990,1.);
#2990 = DIRECTION('',(0.,1.));
#2991 = ( GEOMETRIC_REPRESENTATION_CONTEXT(2) 
PARAMETRIC_REPRESENTATION_CONTEXT() REPRESENTATION_CONTEXT('2D SPACE',''
  ) );
#2992 = PCURVE('',#2770,#2993);
#2993 = DEFINITIONAL_REPRESENTATION('',(#2994),#2998);
#2994 = LINE('',#2995,#2996);
#2995 = CARTESIAN_POINT('',(-36.97224362268,-11.52775637732));
#2996 = VECTOR('',#2997,1.);
#2997 = DIRECTION('',(1.,1.578375465785E-17));
#2998 = ( GEOMETRIC_REPRESENTATION_CONTEXT(2) 
PARAMETRIC_REPRESENTATION_CONTEXT() REPRESENTATION_CONTEXT('2D SPACE',''
  ) );
#2999 = ORIENTED_EDGE('',*,*,#2782,.F.);
#3000 = ORIENTED_EDGE('',*,*,#2062,.F.);
#3001 = ADVANCED_FACE('',(#3002),#2392,.F.);
#3002 = FACE_BOUND('',#3003,.T.);
#3003 = EDGE_LOOP('',(#3004,#3033,#3051,#3052));
#3004 = ORIENTED_EDGE('',*,*,#3005,.T.);
#3005 = EDGE_CURVE('',#3006,#3006,#3008,.T.);
#3006 = VERTEX_POINT('',#3007);
#3007 = CARTESIAN_POINT('',(-75.,22.50000005,27.35));
#3008 = SURFACE_CURVE('',#3009,(#3014,#3021),.PCURVE_S1.);
#3009 = CIRCLE('',#3010,2.65);
#3010 = AXIS2_PLACEMENT_3D('',#3011,#3012,#3013);
#3011 = CARTESIAN_POINT('',(-75.,22.50000005,30.));
#3012 = DIRECTION('',(1.,-0.,1.110223024625E-16));
#3013 = DIRECTION('',(1.110223024625E-16,0.,-1.));
#3014 = PCURVE('',#2392,#3015);
#3015 = DEFINITIONAL_REPRESENTATION('',(#3016),#3020);
#3016 = LINE('',#3017,#3018);
#3017 = CARTESIAN_POINT('',(0.,-0.));
#3018 = VECTOR('',#3019,1.);
#3019 = DIRECTION('',(1.,-0.));
#3020 = ( GEOMETRIC_REPRESENTATION_CONTEXT(2) 
PARAMETRIC_REPRESENTATION_CONTEXT() REPRESENTATION_CONTEXT('2D SPACE',''
  ) );
#3021 = PCURVE('',#3022,#3027);
#3022 = PLANE('',#3023);
#3023 = AXIS2_PLACEMENT_3D('',#3024,#3025,#3026);
#3024 = CARTESIAN_POINT('',(-75.,22.50000005,30.));
#3025 = DIRECTION('',(1.,0.,1.110223024625E-16));
#3026 = DIRECTION('',(1.110223024625E-16,0.,-1.));
#3027 = DEFINITIONAL_REPRESENTATION('',(#3028),#3032);
#3028 = CIRCLE('',#3029,2.65);
#3029 = AXIS2_PLACEMENT_2D('',#3030,#3031);
#3030 = CARTESIAN_POINT('',(0.,0.));
#3031 = DIRECTION('',(1.,0.));
#3032 = ( GEOMETRIC_REPRESENTATION_CONTEXT(2) 
PARAMETRIC_REPRESENTATION_CONTEXT() REPRESENTATION_CONTEXT('2D SPACE',''
  ) );
#3033 = ORIENTED_EDGE('',*,*,#3034,.T.);
#3034 = EDGE_CURVE('',#3006,#2353,#3035,.T.);
#3035 = SEAM_CURVE('',#3036,(#3039,#3045),.PCURVE_S1.);
#3036 = B_SPLINE_CURVE_WITH_KNOTS('',1,(#3037,#3038),.UNSPECIFIED.,.F.,
  .F.,(2,2),(0.,1.),.PIECEWISE_BEZIER_KNOTS.);
#3037 = CARTESIAN_POINT('',(-75.,22.50000005,27.35));
#3038 = CARTESIAN_POINT('',(-75.5,22.50000005,27.85));
#3039 = PCURVE('',#2392,#3040);
#3040 = DEFINITIONAL_REPRESENTATION('',(#3041),#3044);
#3041 = B_SPLINE_CURVE_WITH_KNOTS('',1,(#3042,#3043),.UNSPECIFIED.,.F.,
  .F.,(2,2),(0.,1.),.PIECEWISE_BEZIER_KNOTS.);
#3042 = CARTESIAN_POINT('',(6.28318530718,0.));
#3043 = CARTESIAN_POINT('',(6.28318530718,-0.5));
#3044 = ( GEOMETRIC_REPRESENTATION_CONTEXT(2) 
PARAMETRIC_REPRESENTATION_CONTEXT() REPRESENTATION_CONTEXT('2D SPACE',''
  ) );
#3045 = PCURVE('',#2392,#3046);
#3046 = DEFINITIONAL_REPRESENTATION('',(#3047),#3050);
#3047 = B_SPLINE_CURVE_WITH_KNOTS('',1,(#3048,#3049),.UNSPECIFIED.,.F.,
  .F.,(2,2),(0.,1.),.PIECEWISE_BEZIER_KNOTS.);
#3048 = CARTESIAN_POINT('',(0.,0.));
#3049 = CARTESIAN_POINT('',(0.,-0.5));
#3050 = ( GEOMETRIC_REPRESENTATION_CONTEXT(2) 
PARAMETRIC_REPRESENTATION_CONTEXT() REPRESENTATION_CONTEXT('2D SPACE',''
  ) );
#3051 = ORIENTED_EDGE('',*,*,#2377,.F.);
#3052 = ORIENTED_EDGE('',*,*,#3034,.F.);
#3053 = ADVANCED_FACE('',(#3054),#2582,.F.);
#3054 = FACE_BOUND('',#3055,.T.);
#3055 = EDGE_LOOP('',(#3056,#3085,#3103,#3104));
#3056 = ORIENTED_EDGE('',*,*,#3057,.T.);
#3057 = EDGE_CURVE('',#3058,#3058,#3060,.T.);
#3058 = VERTEX_POINT('',#3059);
#3059 = CARTESIAN_POINT('',(-75.,-7.49999995,27.35));
#3060 = SURFACE_CURVE('',#3061,(#3066,#3073),.PCURVE_S1.);
#3061 = CIRCLE('',#3062,2.65);
#3062 = AXIS2_PLACEMENT_3D('',#3063,#3064,#3065);
#3063 = CARTESIAN_POINT('',(-75.,-7.49999995,30.));
#3064 = DIRECTION('',(1.,-0.,1.110223024625E-16));
#3065 = DIRECTION('',(1.110223024625E-16,0.,-1.));
#3066 = PCURVE('',#2582,#3067);
#3067 = DEFINITIONAL_REPRESENTATION('',(#3068),#3072);
#3068 = LINE('',#3069,#3070);
#3069 = CARTESIAN_POINT('',(0.,-0.));
#3070 = VECTOR('',#3071,1.);
#3071 = DIRECTION('',(1.,-0.));
#3072 = ( GEOMETRIC_REPRESENTATION_CONTEXT(2) 
PARAMETRIC_REPRESENTATION_CONTEXT() REPRESENTATION_CONTEXT('2D SPACE',''
  ) );
#3073 = PCURVE('',#3074,#3079);
#3074 = PLANE('',#3075);
#3075 = AXIS2_PLACEMENT_3D('',#3076,#3077,#3078);
#3076 = CARTESIAN_POINT('',(-75.,-7.49999995,30.));
#3077 = DIRECTION('',(1.,0.,1.110223024625E-16));
#3078 = DIRECTION('',(1.110223024625E-16,0.,-1.));
#3079 = DEFINITIONAL_REPRESENTATION('',(#3080),#3084);
#3080 = CIRCLE('',#3081,2.65);
#3081 = AXIS2_PLACEMENT_2D('',#3082,#3083);
#3082 = CARTESIAN_POINT('',(0.,0.));
#3083 = DIRECTION('',(1.,0.));
#3084 = ( GEOMETRIC_REPRESENTATION_CONTEXT(2) 
PARAMETRIC_REPRESENTATION_CONTEXT() REPRESENTATION_CONTEXT('2D SPACE',''
  ) );
#3085 = ORIENTED_EDGE('',*,*,#3086,.T.);
#3086 = EDGE_CURVE('',#3058,#2543,#3087,.T.);
#3087 = SEAM_CURVE('',#3088,(#3091,#3097),.PCURVE_S1.);
#3088 = B_SPLINE_CURVE_WITH_KNOTS('',1,(#3089,#3090),.UNSPECIFIED.,.F.,
  .F.,(2,2),(0.,1.),.PIECEWISE_BEZIER_KNOTS.);
#3089 = CARTESIAN_POINT('',(-75.,-7.49999995,27.35));
#3090 = CARTESIAN_POINT('',(-75.5,-7.49999995,27.85));
#3091 = PCURVE('',#2582,#3092);
#3092 = DEFINITIONAL_REPRESENTATION('',(#3093),#3096);
#3093 = B_SPLINE_CURVE_WITH_KNOTS('',1,(#3094,#3095),.UNSPECIFIED.,.F.,
  .F.,(2,2),(0.,1.),.PIECEWISE_BEZIER_KNOTS.);
#3094 = CARTESIAN_POINT('',(6.28318530718,0.));
#3095 = CARTESIAN_POINT('',(6.28318530718,-0.5));
#3096 = ( GEOMETRIC_REPRESENTATION_CONTEXT(2) 
PARAMETRIC_REPRESENTATION_CONTEXT() REPRESENTATION_CONTEXT('2D SPACE',''
  ) );
#3097 = PCURVE('',#2582,#3098);
#3098 = DEFINITIONAL_REPRESENTATION('',(#3099),#3102);
#3099 = B_SPLINE_CURVE_WITH_KNOTS('',1,(#3100,#3101),.UNSPECIFIED.,.F.,
  .F.,(2,2),(0.,1.),.PIECEWISE_BEZIER_KNOTS.);
#3100 = CARTESIAN_POINT('',(0.,0.));
#3101 = CARTESIAN_POINT('',(0.,-0.5));
#3102 = ( GEOMETRIC_REPRESENTATION_CONTEXT(2) 
PARAMETRIC_REPRESENTATION_CONTEXT() REPRESENTATION_CONTEXT('2D SPACE',''
  ) );
#3103 = ORIENTED_EDGE('',*,*,#2567,.F.);
#3104 = ORIENTED_EDGE('',*,*,#3086,.F.);
#3105 = ADVANCED_FACE('',(#3106),#2655,.F.);
#3106 = FACE_BOUND('',#3107,.T.);
#3107 = EDGE_LOOP('',(#3108,#3137,#3158,#3159));
#3108 = ORIENTED_EDGE('',*,*,#3109,.F.);
#3109 = EDGE_CURVE('',#3110,#3110,#3112,.T.);
#3110 = VERTEX_POINT('',#3111);
#3111 = CARTESIAN_POINT('',(50.5,7.50000005,51.1));
#3112 = SURFACE_CURVE('',#3113,(#3118,#3125),.PCURVE_S1.);
#3113 = CIRCLE('',#3114,2.9);
#3114 = AXIS2_PLACEMENT_3D('',#3115,#3116,#3117);
#3115 = CARTESIAN_POINT('',(50.5,7.50000005,54.));
#3116 = DIRECTION('',(0.,-1.,0.));
#3117 = DIRECTION('',(1.110223024625E-16,0.,-1.));
#3118 = PCURVE('',#2655,#3119);
#3119 = DEFINITIONAL_REPRESENTATION('',(#3120),#3124);
#3120 = LINE('',#3121,#3122);
#3121 = CARTESIAN_POINT('',(-0.,0.));
#3122 = VECTOR('',#3123,1.);
#3123 = DIRECTION('',(-1.,0.));
#3124 = ( GEOMETRIC_REPRESENTATION_CONTEXT(2) 
PARAMETRIC_REPRESENTATION_CONTEXT() REPRESENTATION_CONTEXT('2D SPACE',''
  ) );
#3125 = PCURVE('',#3126,#3131);
#3126 = PLANE('',#3127);
#3127 = AXIS2_PLACEMENT_3D('',#3128,#3129,#3130);
#3128 = CARTESIAN_POINT('',(50.5,7.50000005,54.));
#3129 = DIRECTION('',(-0.,-1.,0.));
#3130 = DIRECTION('',(-1.,0.,-1.110223024625E-16));
#3131 = DEFINITIONAL_REPRESENTATION('',(#3132),#3136);
#3132 = CIRCLE('',#3133,2.9);
#3133 = AXIS2_PLACEMENT_2D('',#3134,#3135);
#3134 = CARTESIAN_POINT('',(0.,0.));
#3135 = DIRECTION('',(0.,1.));
#3136 = ( GEOMETRIC_REPRESENTATION_CONTEXT(2) 
PARAMETRIC_REPRESENTATION_CONTEXT() REPRESENTATION_CONTEXT('2D SPACE',''
  ) );
#3137 = ORIENTED_EDGE('',*,*,#3138,.T.);
#3138 = EDGE_CURVE('',#3110,#2635,#3139,.T.);
#3139 = SEAM_CURVE('',#3140,(#3144,#3151),.PCURVE_S1.);
#3140 = LINE('',#3141,#3142);
#3141 = CARTESIAN_POINT('',(50.5,7.50000005,51.1));
#3142 = VECTOR('',#3143,1.);
#3143 = DIRECTION('',(0.,-1.,0.));
#3144 = PCURVE('',#2655,#3145);
#3145 = DEFINITIONAL_REPRESENTATION('',(#3146),#3150);
#3146 = LINE('',#3147,#3148);
#3147 = CARTESIAN_POINT('',(-6.28318530718,0.));
#3148 = VECTOR('',#3149,1.);
#3149 = DIRECTION('',(-0.,-1.));
#3150 = ( GEOMETRIC_REPRESENTATION_CONTEXT(2) 
PARAMETRIC_REPRESENTATION_CONTEXT() REPRESENTATION_CONTEXT('2D SPACE',''
  ) );
#3151 = PCURVE('',#2655,#3152);
#3152 = DEFINITIONAL_REPRESENTATION('',(#3153),#3157);
#3153 = LINE('',#3154,#3155);
#3154 = CARTESIAN_POINT('',(-0.,0.));
#3155 = VECTOR('',#3156,1.);
#3156 = DIRECTION('',(-0.,-1.));
#3157 = ( GEOMETRIC_REPRESENTATION_CONTEXT(2) 
PARAMETRIC_REPRESENTATION_CONTEXT() REPRESENTATION_CONTEXT('2D SPACE',''
  ) );
#3158 = ORIENTED_EDGE('',*,*,#2634,.F.);
#3159 = ORIENTED_EDGE('',*,*,#3138,.F.);
#3160 = ADVANCED_FACE('',(#3161),#2770,.T.);
#3161 = FACE_BOUND('',#3162,.T.);
#3162 = EDGE_LOOP('',(#3163,#3164,#3165));
#3163 = ORIENTED_EDGE('',*,*,#2754,.T.);
#3164 = ORIENTED_EDGE('',*,*,#2925,.T.);
#3165 = ORIENTED_EDGE('',*,*,#2979,.T.);
#3166 = ADVANCED_FACE('',(#3167),#2719,.F.);
#3167 = FACE_BOUND('',#3168,.F.);
#3168 = EDGE_LOOP('',(#3169,#3170,#3171));
#3169 = ORIENTED_EDGE('',*,*,#2703,.T.);
#3170 = ORIENTED_EDGE('',*,*,#2903,.T.);
#3171 = ORIENTED_EDGE('',*,*,#2877,.T.);
#3172 = ADVANCED_FACE('',(#3173),#2831,.F.);
#3173 = FACE_BOUND('',#3174,.T.);
#3174 = EDGE_LOOP('',(#3175,#3203,#3224,#3225));
#3175 = ORIENTED_EDGE('',*,*,#3176,.T.);
#3176 = EDGE_CURVE('',#3177,#3177,#3179,.T.);
#3177 = VERTEX_POINT('',#3178);
#3178 = CARTESIAN_POINT('',(-75.,22.50000005,27.85));
#3179 = SURFACE_CURVE('',#3180,(#3185,#3192),.PCURVE_S1.);
#3180 = CIRCLE('',#3181,2.15);
#3181 = AXIS2_PLACEMENT_3D('',#3182,#3183,#3184);
#3182 = CARTESIAN_POINT('',(-75.,22.50000005,30.));
#3183 = DIRECTION('',(-1.,-0.,-1.110223024625E-16));
#3184 = DIRECTION('',(1.110223024625E-16,0.,-1.));
#3185 = PCURVE('',#2831,#3186);
#3186 = DEFINITIONAL_REPRESENTATION('',(#3187),#3191);
#3187 = LINE('',#3188,#3189);
#3188 = CARTESIAN_POINT('',(-6.28318530718,-6.5));
#3189 = VECTOR('',#3190,1.);
#3190 = DIRECTION('',(1.,-0.));
#3191 = ( GEOMETRIC_REPRESENTATION_CONTEXT(2) 
PARAMETRIC_REPRESENTATION_CONTEXT() REPRESENTATION_CONTEXT('2D SPACE',''
  ) );
#3192 = PCURVE('',#3022,#3193);
#3193 = DEFINITIONAL_REPRESENTATION('',(#3194),#3202);
#3194 = ( BOUNDED_CURVE() B_SPLINE_CURVE(2,(#3195,#3196,#3197,#3198,
#3199,#3200,#3201),.UNSPECIFIED.,.T.,.F.) B_SPLINE_CURVE_WITH_KNOTS((1,2
    ,2,2,2,1),(-2.094395102393,0.,2.094395102393,4.188790204786,
6.28318530718,8.377580409573),.UNSPECIFIED.) CURVE() 
GEOMETRIC_REPRESENTATION_ITEM() RATIONAL_B_SPLINE_CURVE((1.,0.5,1.,0.5,
1.,0.5,1.)) REPRESENTATION_ITEM('') );
#3195 = CARTESIAN_POINT('',(2.15,0.));
#3196 = CARTESIAN_POINT('',(2.15,-3.723909236273));
#3197 = CARTESIAN_POINT('',(-1.075,-1.861954618137));
#3198 = CARTESIAN_POINT('',(-4.3,-5.265981236334E-16));
#3199 = CARTESIAN_POINT('',(-1.075,1.861954618137));
#3200 = CARTESIAN_POINT('',(2.15,3.723909236273));
#3201 = CARTESIAN_POINT('',(2.15,0.));
#3202 = ( GEOMETRIC_REPRESENTATION_CONTEXT(2) 
PARAMETRIC_REPRESENTATION_CONTEXT() REPRESENTATION_CONTEXT('2D SPACE',''
  ) );
#3203 = ORIENTED_EDGE('',*,*,#3204,.T.);
#3204 = EDGE_CURVE('',#3177,#2811,#3205,.T.);
#3205 = SEAM_CURVE('',#3206,(#3210,#3217),.PCURVE_S1.);
#3206 = LINE('',#3207,#3208);
#3207 = CARTESIAN_POINT('',(-81.5,22.50000005,27.85));
#3208 = VECTOR('',#3209,1.);
#3209 = DIRECTION('',(1.,0.,1.110223024625E-16));
#3210 = PCURVE('',#2831,#3211);
#3211 = DEFINITIONAL_REPRESENTATION('',(#3212),#3216);
#3212 = LINE('',#3213,#3214);
#3213 = CARTESIAN_POINT('',(-6.28318530718,0.));
#3214 = VECTOR('',#3215,1.);
#3215 = DIRECTION('',(-0.,-1.));
#3216 = ( GEOMETRIC_REPRESENTATION_CONTEXT(2) 
PARAMETRIC_REPRESENTATION_CONTEXT() REPRESENTATION_CONTEXT('2D SPACE',''
  ) );
#3217 = PCURVE('',#2831,#3218);
#3218 = DEFINITIONAL_REPRESENTATION('',(#3219),#3223);
#3219 = LINE('',#3220,#3221);
#3220 = CARTESIAN_POINT('',(-0.,0.));
#3221 = VECTOR('',#3222,1.);
#3222 = DIRECTION('',(-0.,-1.));
#3223 = ( GEOMETRIC_REPRESENTATION_CONTEXT(2) 
PARAMETRIC_REPRESENTATION_CONTEXT() REPRESENTATION_CONTEXT('2D SPACE',''
  ) );
#3224 = ORIENTED_EDGE('',*,*,#2810,.F.);
#3225 = ORIENTED_EDGE('',*,*,#3204,.F.);
#3226 = ADVANCED_FACE('',(#3227,#3230),#3022,.F.);
#3227 = FACE_BOUND('',#3228,.F.);
#3228 = EDGE_LOOP('',(#3229));
#3229 = ORIENTED_EDGE('',*,*,#3005,.T.);
#3230 = FACE_BOUND('',#3231,.F.);
#3231 = EDGE_LOOP('',(#3232));
#3232 = ORIENTED_EDGE('',*,*,#3176,.T.);
#3233 = ADVANCED_FACE('',(#3234,#3237),#3074,.F.);
#3234 = FACE_BOUND('',#3235,.F.);
#3235 = EDGE_LOOP('',(#3236));
#3236 = ORIENTED_EDGE('',*,*,#3057,.T.);
#3237 = FACE_BOUND('',#3238,.F.);
#3238 = EDGE_LOOP('',(#3239));
#3239 = ORIENTED_EDGE('',*,*,#3240,.T.);
#3240 = EDGE_CURVE('',#3241,#3241,#3243,.T.);
#3241 = VERTEX_POINT('',#3242);
#3242 = CARTESIAN_POINT('',(-75.,-7.49999995,27.85));
#3243 = SURFACE_CURVE('',#3244,(#3249,#3260),.PCURVE_S1.);
#3244 = CIRCLE('',#3245,2.15);
#3245 = AXIS2_PLACEMENT_3D('',#3246,#3247,#3248);
#3246 = CARTESIAN_POINT('',(-75.,-7.49999995,30.));
#3247 = DIRECTION('',(-1.,-0.,-1.110223024625E-16));
#3248 = DIRECTION('',(1.110223024625E-16,0.,-1.));
#3249 = PCURVE('',#3074,#3250);
#3250 = DEFINITIONAL_REPRESENTATION('',(#3251),#3259);
#3251 = ( BOUNDED_CURVE() B_SPLINE_CURVE(2,(#3252,#3253,#3254,#3255,
#3256,#3257,#3258),.UNSPECIFIED.,.T.,.F.) B_SPLINE_CURVE_WITH_KNOTS((1,2
    ,2,2,2,1),(-2.094395102393,0.,2.094395102393,4.188790204786,
6.28318530718,8.377580409573),.UNSPECIFIED.) CURVE() 
GEOMETRIC_REPRESENTATION_ITEM() RATIONAL_B_SPLINE_CURVE((1.,0.5,1.,0.5,
1.,0.5,1.)) REPRESENTATION_ITEM('') );
#3252 = CARTESIAN_POINT('',(2.15,0.));
#3253 = CARTESIAN_POINT('',(2.15,-3.723909236273));
#3254 = CARTESIAN_POINT('',(-1.075,-1.861954618137));
#3255 = CARTESIAN_POINT('',(-4.3,-5.265981236334E-16));
#3256 = CARTESIAN_POINT('',(-1.075,1.861954618137));
#3257 = CARTESIAN_POINT('',(2.15,3.723909236273));
#3258 = CARTESIAN_POINT('',(2.15,0.));
#3259 = ( GEOMETRIC_REPRESENTATION_CONTEXT(2) 
PARAMETRIC_REPRESENTATION_CONTEXT() REPRESENTATION_CONTEXT('2D SPACE',''
  ) );
#3260 = PCURVE('',#3261,#3266);
#3261 = CYLINDRICAL_SURFACE('',#3262,2.15);
#3262 = AXIS2_PLACEMENT_3D('',#3263,#3264,#3265);
#3263 = CARTESIAN_POINT('',(-81.5,-7.49999995,30.));
#3264 = DIRECTION('',(-1.,-0.,-1.110223024625E-16));
#3265 = DIRECTION('',(1.110223024625E-16,0.,-1.));
#3266 = DEFINITIONAL_REPRESENTATION('',(#3267),#3271);
#3267 = LINE('',#3268,#3269);
#3268 = CARTESIAN_POINT('',(-6.28318530718,-6.5));
#3269 = VECTOR('',#3270,1.);
#3270 = DIRECTION('',(1.,-0.));
#3271 = ( GEOMETRIC_REPRESENTATION_CONTEXT(2) 
PARAMETRIC_REPRESENTATION_CONTEXT() REPRESENTATION_CONTEXT('2D SPACE',''
  ) );
#3272 = ADVANCED_FACE('',(#3273),#3126,.T.);
#3273 = FACE_BOUND('',#3274,.T.);
#3274 = EDGE_LOOP('',(#3275));
#3275 = ORIENTED_EDGE('',*,*,#3109,.T.);
#3276 = ADVANCED_FACE('',(#3277),#3261,.F.);
#3277 = FACE_BOUND('',#3278,.T.);
#3278 = EDGE_LOOP('',(#3279,#3280,#3303,#3330));
#3279 = ORIENTED_EDGE('',*,*,#3240,.T.);
#3280 = ORIENTED_EDGE('',*,*,#3281,.T.);
#3281 = EDGE_CURVE('',#3241,#3282,#3284,.T.);
#3282 = VERTEX_POINT('',#3283);
#3283 = CARTESIAN_POINT('',(-73.5,-7.49999995,27.85));
#3284 = SEAM_CURVE('',#3285,(#3289,#3296),.PCURVE_S1.);
#3285 = LINE('',#3286,#3287);
#3286 = CARTESIAN_POINT('',(-81.5,-7.49999995,27.85));
#3287 = VECTOR('',#3288,1.);
#3288 = DIRECTION('',(1.,0.,1.110223024625E-16));
#3289 = PCURVE('',#3261,#3290);
#3290 = DEFINITIONAL_REPRESENTATION('',(#3291),#3295);
#3291 = LINE('',#3292,#3293);
#3292 = CARTESIAN_POINT('',(-6.28318530718,0.));
#3293 = VECTOR('',#3294,1.);
#3294 = DIRECTION('',(-0.,-1.));
#3295 = ( GEOMETRIC_REPRESENTATION_CONTEXT(2) 
PARAMETRIC_REPRESENTATION_CONTEXT() REPRESENTATION_CONTEXT('2D SPACE',''
  ) );
#3296 = PCURVE('',#3261,#3297);
#3297 = DEFINITIONAL_REPRESENTATION('',(#3298),#3302);
#3298 = LINE('',#3299,#3300);
#3299 = CARTESIAN_POINT('',(-0.,0.));
#3300 = VECTOR('',#3301,1.);
#3301 = DIRECTION('',(-0.,-1.));
#3302 = ( GEOMETRIC_REPRESENTATION_CONTEXT(2) 
PARAMETRIC_REPRESENTATION_CONTEXT() REPRESENTATION_CONTEXT('2D SPACE',''
  ) );
#3303 = ORIENTED_EDGE('',*,*,#3304,.T.);
#3304 = EDGE_CURVE('',#3282,#3282,#3305,.T.);
#3305 = SURFACE_CURVE('',#3306,(#3311,#3318),.PCURVE_S1.);
#3306 = CIRCLE('',#3307,2.15);
#3307 = AXIS2_PLACEMENT_3D('',#3308,#3309,#3310);
#3308 = CARTESIAN_POINT('',(-73.5,-7.49999995,30.));
#3309 = DIRECTION('',(1.,-0.,1.110223024625E-16));
#3310 = DIRECTION('',(1.110223024625E-16,0.,-1.));
#3311 = PCURVE('',#3261,#3312);
#3312 = DEFINITIONAL_REPRESENTATION('',(#3313),#3317);
#3313 = LINE('',#3314,#3315);
#3314 = CARTESIAN_POINT('',(-0.,-8.));
#3315 = VECTOR('',#3316,1.);
#3316 = DIRECTION('',(-1.,0.));
#3317 = ( GEOMETRIC_REPRESENTATION_CONTEXT(2) 
PARAMETRIC_REPRESENTATION_CONTEXT() REPRESENTATION_CONTEXT('2D SPACE',''
  ) );
#3318 = PCURVE('',#3319,#3324);
#3319 = PLANE('',#3320);
#3320 = AXIS2_PLACEMENT_3D('',#3321,#3322,#3323);
#3321 = CARTESIAN_POINT('',(-73.5,-7.49999995,30.));
#3322 = DIRECTION('',(1.,0.,1.110223024625E-16));
#3323 = DIRECTION('',(1.110223024625E-16,0.,-1.));
#3324 = DEFINITIONAL_REPRESENTATION('',(#3325),#3329);
#3325 = CIRCLE('',#3326,2.15);
#3326 = AXIS2_PLACEMENT_2D('',#3327,#3328);
#3327 = CARTESIAN_POINT('',(0.,0.));
#3328 = DIRECTION('',(1.,0.));
#3329 = ( GEOMETRIC_REPRESENTATION_CONTEXT(2) 
PARAMETRIC_REPRESENTATION_CONTEXT() REPRESENTATION_CONTEXT('2D SPACE',''
  ) );
#3330 = ORIENTED_EDGE('',*,*,#3281,.F.);
#3331 = ADVANCED_FACE('',(#3332),#3319,.F.);
#3332 = FACE_BOUND('',#3333,.F.);
#3333 = EDGE_LOOP('',(#3334));
#3334 = ORIENTED_EDGE('',*,*,#3304,.T.);
#3335 = ( GEOMETRIC_REPRESENTATION_CONTEXT(3) 
GLOBAL_UNCERTAINTY_ASSIGNED_CONTEXT((#3339)) 
GLOBAL_UNIT_ASSIGNED_CONTEXT((#3336,#3337,#3338)) REPRESENTATION_CONTEXT
('Context #1','3D Context with UNIT and UNCERTAINTY') );
#3336 = ( LENGTH_UNIT() NAMED_UNIT(*) SI_UNIT(.MILLI.,.METRE.) );
#3337 = ( NAMED_UNIT(*) PLANE_ANGLE_UNIT() SI_UNIT($,.RADIAN.) );
#3338 = ( NAMED_UNIT(*) SI_UNIT($,.STERADIAN.) SOLID_ANGLE_UNIT() );
#3339 = UNCERTAINTY_MEASURE_WITH_UNIT(LENGTH_MEASURE(5.E-06),#3336,
  'distance_accuracy_value','confusion accuracy');
#3340 = PRODUCT_RELATED_PRODUCT_CATEGORY('part',$,(#7));
ENDSEC;
END-ISO-10303-21;
